:020000041000EA
:10000000002008205D0100101B0100101D010010E0
:100010001101001011010010110100101101001058
:100020001901001019010010190100101F01001022
:10003000110100101901001021010010230100100E
:100040001101001011010010110100101101001028
:100050001101001011010010110100101101001018
:100060001101001011010010110100101101001008
:1000700011010010110100101101001011010010F8
:1000800011010010110100101101001011010010E8
:1000900011010010110100101101001011010010D8
:1000A00011010010110100101101001011010010C8
:1000B00011010010110100101101001011010010B8
:1000C00011010010110100101101001011010010A8
:1000D0001101001011010010110100101101001098
:1000E0001101001011010010110100101101001088
:1000F0001101001011010010110100101101001078
:100100001101001011010010110100101101001067
:10011000EFF30580103800BE00BE00BE00BE00BE7A
:1001200000BE00BEF2EB887154240110742401104B
:10013000A001001090A31AE7D3DEFFFF42012110B7
:10014000FF010000E8380100793512AB4FF00000E4
:100150001E49086006C881F3088810474FF05040D8
:10016000006810B14FF00000F2E70DA40ECC00299A
:1001700002D000F012F8F9E71549164A002000E015
:1001800001C19142FCD11449884714498847144958
:10019000884700BEFDE701C901C29A42FBD3704700
:1001A0007424011010010020BC160020203A011018
:1001B0000000082000000820203A0110001008204C
:1001C00000100820000000007047000008ED00E06B
:1001D000BC160020C4C500205D3600106D02001062
:1001E00055360010F8B500BF064B0749C91A8910EB
:1001F00048BF0131491003D0044B0BB101481847E7
:10020000704700BFBC160020BC1600200000000094
:1002100008B5054B1BB105490548AFF30080BDE8A3
:100220000840FFF7E1BF00BF0000000038BD00201C
:10023000F00E011090F8393003485B074CBF0349BA
:10024000034903F0F7BB00BF000F0110F00E0110CF
:10025000F80E011008B504300FF098F9BDE8084019
:100260000146014803F0E6BB200F011000B593B032
:1002700006F0F8FD03F01AFB164803F05BFB07F0ED
:100280000DFA154803F056FB01A806F055FEC8B953
:1002900001A806F005FE114901A807F0B1FD1049BB
:1002A00001A807F07DFD01A807F066FD01A807F091
:1002B00069FD01A80DF07AFC10F0ECF8094805F092
:1002C00093FFFEE7084803F035FB4FF0FF3013B013
:1002D0005DF804FB3C0F0110580F011035020010AF
:1002E00055020010BD710010600F01104FF0504218
:1002F0002DE9F84F6D4BD2F800A053F82A70BAF1EF
:10030000000F2CD0DFF8B0816FB30026DFF8A0B16A
:10031000DFF8A091F3080C3358F823503446083620
:10032000CDB105F00F0120462D09013489B15BF8EC
:100330002A2000F00703C2404FEAD00C9B00D207EE
:1003400001FA03F30CF18C0C02D449F82C30B847B5
:100350000DB1B442E5D3202EDCD1BDE8F88FDFF833
:100360005C81002FD1D15248F90801F10C0358F8F3
:100370002330002B7BD013F00F054FEA13120AD065
:1003800050F82A40FC40E60703D44A4C8C3144F82C
:100390002150002A6BD012F00F024FEA13210DD02A
:1003A00050F82A407D1CEC40E40705D4EC08414D90
:1003B00012018C3445F82420002958D011F00F0187
:1003C0004FEA133207D050F82A40BD1CEC40E60734
:1003D00057D5002A4BD012F00F024FEA134107D035
:1003E00050F82A40FD1CEC40E40751D500293ED0CE
:1003F00011F00F014FEA135207D02D4C54F82A5038
:100400003C1DE540EE074AD58AB312F00F024FEAD1
:1004100013610DD0264C54F82A507C1DE540ED07A1
:1004200005D4244DE40812058C3445F82420F1B19C
:1004300011F00F014FEA13731FD01D4CBD1D54F86E
:100440002A20EA40D60705D4EA081A4D09068C325C
:1004500045F822105BB154F82A10FA1DD140C907A3
:1004600005D41449D2081B078C3241F822300837D2
:10047000202F7FF479AFBDE8F88F002BF7D00C4C1C
:10048000E9E7EC080B4D09028C3445F82410A0E78D
:10049000EC08084D12038C3445F82420A6E7054DDE
:1004A000E40809048C3445F82410ADE748490020DD
:1004B000E4C3002000800240908202404882024053
:1004C00010B44FF480740C4B53F8202003EB8003DE
:1004D000C00082F0400200F1804003F5805C02F031
:1004E000C00200F5203003F54053CCF800204160F5
:1004F0001C605DF8044B7047048003402DE9F04315
:100500004FF050491F46DFF89880D9F80030164662
:1005100058F8232004460D4683B032B387B348F819
:1005200023704FF050431B68BBB1194BE10804F036
:100530000704184AA40005FA04F403EB81038C3184
:1005400042F821405EB10121152003F500531C60E3
:1005500003B0BDE8F04300F039B90F4BE6E703F50F
:1005600040531C6003B0BDE8F083002FDCD01520A1
:100570000A4948F8237000F09BF9D9F80030D3E716
:1005800015200649019300F087FA019BC7E700BFD9
:10059000908202400080024048820240ED0200103A
:1005A0004849002030B44FF0000343EC440043ECD2
:1005B000400005254FF480740B4BC20053F8201007
:1005C00003EB800081F0400102F1804303F520330A
:1005D00001F0C00200F5805100F540500A605D60F6
:1005E000046030BC704700BF048003400FB400B506
:1005F00083B0049C074803F09DF93CB105A920464F
:10060000019103F00DF8044803F094F9012003F080
:100610001FF800BF840F0110940F0110EFF310803A
:1006200072B6064BD3E8CF1F01220029FAD1C3E8E6
:10063000412F0029F6D1BFF35F8F70473F44002060
:100640000023034AC2E88F3F80F31088704700BF41
:100650003F44002070B58646EFF3108572B6124C09
:10066000D4E8CF6F0120002EFAD1C4E8460F002E47
:10067000F6D1BFF35F8F4FF0010CC80801F00703FC
:100680000CFA03F31EF800C01CEA030608D14CEA7A
:10069000030C0EF800C0C4E88F6F85F3108870BD9E
:1006A0001046FFF7A3FF00BF3F440020F8B5EFF36B
:1006B000108772B61C4ED6E8CF5F0124002DFAD108
:1006C000C6E8454F002DF6D1BFF35F8F9A421BD885
:1006D000012502E00132934222D3D40810F804E04D
:1006E00002F0070C05FA0CFC1EEA0C0FF2D14EEAE0
:1006F0000C0E00F804E010460023C6E88F3F87F395
:100700001088984207DBF8BD0023C6E88F3F87F3C7
:1007100010884FF0FF300029F5D00698FFF766FFEC
:100720004FF0FF30E8E700BF3F440020044A107854
:10073000431CDBB2182B28BF10231370704700BF77
:10074000F815002010B5054C82B001461F23182271
:1007500000940348FFF7AAFF02B010BD980F0110E4
:10076000584900204FF0E022936843F00053936013
:10077000704700BF0021044B03F12002C3E88F1F24
:1007800001339342FAD17047344400204FF0E02304
:100790004FF08032C3F80024C3F80424C3F80824BF
:1007A000C3F80C24C3F81024C3F81424C3F8182485
:1007B000C3F81C24C3F82024C3F82424C3F8282435
:1007C000C3F82C24C3F8302462B67047012300F02C
:1007D0001F029340400941B1800000F1604000F5E4
:1007E0006140C0F8803103607047024A203042F80F
:1007F0002030704700E100E00123064A410952F829
:10080000212000F01F0003FA00F01040003818BF4C
:100810000120704700E100E001224309034900F094
:100820001F008240403341F82320704700E100E080
:10083000054A10309268054B52F82000C01A2F2844
:100840008CBF00200120704700ED00E0FC15002067
:10085000F8B50D46EFF3108772B6124ED6E8CF2FDB
:100860000123002AFAD1C6E8423F002AF6D1BFF39D
:100870005F8F0D4B00F110049B680C4A53F8243035
:10088000934203D0994201D001F0DEF8064B9B68F9
:1008900043F82450BFF35F8F0023C6E88F3F87F3F0
:1008A0001088F8BD3D44002000ED00E0110100106B
:1008B0002DE9F04F81468B46164683B0EFF3108347
:1008C00072B6DFF8D0A10093DAE8CF1F0123002928
:1008D000FAD1CAE8413F0029F6D1BFF35F8F664BDA
:1008E00093F90040002CC0F2A080644D04EB440753
:1008F00005EB870898F8061009F110091970604B8C
:10090000BF009B6853F829006300411B2F292FD992
:100910005C49884240F0A4801C445B4B02372F4462
:10092000043BDB1BC3F34A036FEAC3434FF421418B
:100930006FEAD34325F8241005EB840463804BF65B
:100940000153A380FF2348F00100E671C4F808B00A
:10095000A3714B4B9B6843F82900BFF35F8F0023C3
:10096000CAE88F3F009B83F3108803B0BDE8F08F87
:1009700020F0010E9EF80710B1422ED84FF421430B
:10098000EB53414BB91C2944043B04375B1A2F44F9
:10099000AEF10401C91BC1F34A043C49C3F34A0345
:1009A0000B432143A8F804103949A8F802304AF64D
:1009B000AA2073465B1B5B415843000D88F8076013
:1009C00088F80600C8F808B048F00100CEF800101A
:1009D000BFE7D179B1422ED996469EF906C00CEBFD
:1009E0004C02BCF1000F05EB8202F2DA4BF601512A
:1009F0000EF10402A8F10407BF1AC7F34A076FEA11
:100A0000C7476FEAD7478EF8064003EB0408204C2F
:100A100005EB8803AEF8047045F82840998083F808
:100A200006C0DE71C3F808B093E701F00DF8124B71
:100A300093F9004059E7724632F8041F490514D46F
:100A40004915023102EB410101916FF00701C91B09
:100A5000019F491B3944C1F34A0141F46041C9E790
:100A6000019300F0F1FF019B56E701F5FF1101F53D
:100A7000FF511F31E4E700BFB6C50020FC15002080
:100A800000ED00E0110100102C16002000E0FFFF37
:100A9000014880473D4400202DE9F04F83B0EFF33B
:100AA000108A72B6714ED6E8CF2F0123002AFAD1F0
:100AB000C6E8423F002AF6D1BFF35F8F6C4B00F1CE
:100AC00010089B686B4A53F82850954245D08D42D8
:100AD0000C4650D0684FEB1B2F2B3ED801214FEA1C
:100AE00050194FEA890909F1604909F5614900F097
:100AF0001F0301FA03F0D9F80030C9F8800000EABA
:100B0000030BBFF35F8FEFF30581C9B2002934D027
:100B1000884505D0CDE9001000F096FFDDE9001012
:100B200025F0010EDEF808C0644505D189E0D3F850
:100B300008C0644531D09E469EF9062002EB420370
:100B4000002A07EB8303F2DA644561D0BBF1000FA2
:100B500020D0C9F88001C9F80000454B9B6843F8D4
:100B60002850BFF35F8F0023C6E88F3F8AF31088B9
:100B700003B0BDE8F08F1546EFE725F0010EDEF873
:100B800008C06445D8D19EF906407346002C08DAA7
:100B9000154646E0C9F88000DFE793F90640002CCF
:100BA00037DB04EB440C07EB8C0C9CF80710DCF8EB
:100BB0000820D9719A609CF906206100002A9A7178
:100BC0003DDBBCF804E05FEA4E5E05D50EF5FF1E86
:100BD0000EF5FF5E0EF11F0E6FF0070C0A194FEABB
:100BE0006E5E920002EB4E0208323A44ACEB030C0C
:100BF0006244C2F34A026FEAC2426FEAD2429A806A
:100C00001E4B21441A7807EB81011C708A719DE705
:100C10007346D9B9FF228EF806204BF60152AEF882
:100C20000420164C4AF6AA2294F800C01946C91BA3
:100C300049414A43120D83F806C0227086E7104AE4
:100C4000DDE79EF906407346002CAADA0D4A0E4CE9
:100C5000D21A083AC2F30A316FEA01516FEA115110
:100C600044EA5202DA80998070E700BF3D440020D8
:100C700000ED00E011010010FC150020B6C50020B9
:100C800001BDFFFF3616002000F8FFFFF0B5EFF3BF
:100C90000585EDB2EFF3108C72B62649D1E8CF2F5F
:100CA0000123002AFAD1C1E8423F002AF6D1BFF35E
:100CB0005F8F214E40F0010EB4684AF6AA2354F823
:100CC00025701E4A0446A41A644163431B0D7745F0
:100CD0005BB21BD092F906409C421CD092F91240A4
:100CE0009C4223D092F91E409C4221D092F92A4086
:100CF0009C4208BF03240FD0114A002415781370BA
:100D00008571C1E88F4F8CF31088F0BDB2680D4C2F
:100D100042F82540F0E7002404EB440402EB84028F
:100D2000FF2494714BF601549480E5E70124F3E726
:100D30000224F1E73D44002000ED00E0FC15002016
:100D4000B6C500201101001010B5074C82B0014655
:100D50000523002200940548FFF7A8FC0028A8BF3F
:100D6000C0F1330002B010BDB40F0110C3C50020A4
:100D7000014B0B44036070473444002070B5104CA5
:100D8000104DAC420ED2FF26236863B1FFF7CEFCB4
:100D900001462046FFF7ECFFA680BFF35F8F0834C3
:100DA000AC42F1D370BDFFF7C1FC01462046FFF70E
:100DB000DFFF2671BFF35F8F0834AC42E4D370BD10
:100DC000A4160020BC16002010B50446FFF7AEFCA8
:100DD00001462046FFF7CCFFFF232371BFF35F8F4F
:100DE00010BD00BF10B504460120FFF7ABFC034B5C
:100DF00003442360BFF35F8F10BD00BF3444002065
:100E0000024B0B440360BFF35F8F704734440020F4
:100E10000D4B1A68EFF3108172B6D2E8CFCF0120E4
:100E2000BCF1000FF9D1C2E84C0FBCF1000FF4D1B6
:100E3000BFF35F8F00221B68C3E88F2F81F31088F8
:100E400040BF0020002170472CC50020000000009A
:100E50002DE9F04F2DED028B85B0EFF30583DBB26A
:100E6000103B9A0818BF01224FF0010103F0030B59
:100E700018BFAF4DAF4B08BFAF4D0BEB820253F81D
:100E8000226001FA0BF205F541539FEDA78B019209
:100E90005A602FE0B3881C0440F19380B379002B93
:100EA00040F0DD80B6F90820002AC0F21E81736987
:100EB00002EB420203EBC203D3E90247B7F1FF3F63
:100EC00008BFB4F1FF3F0ED005EB8B01AB6A0A6996
:100ED000D21AE31A934205D301232A6A03FA0BF3C9
:100EE000134200D10C61284600F018FCA042B94121
:100EF000C0F2FB80B6F90830019A002B0093EA6338
:100F0000C8DBD6F8148003EB4309284608EBC90771
:100F1000D7E9024A00F002FCA04271EB0A01B9DBFA
:100F2000BAF1000FC0F2C380D7E90431834A93427B
:100F300000F0ED807A88B6F9080092B242EA0040EB
:100F4000984702460B4652EA030100F0B080002B9E
:100F500080F2D180B4EB020E6AEB030A38F9393023
:100F6000C7E902EA002B95DB716903EB430201EB51
:100F7000C202D2E90270BE457AEB000C4FEA43028E
:100F800088DBB4462CF8083F06E003EB430001EB96
:100F9000C0005A00D0E90270BE451A447AEB000046
:100FA00001EBC20404DB31F93230A446002BECDA49
:100FB00028F83930009BACF80030B3881C043FF5AA
:100FC0006DAF3369EFF3108272B6D3E8CF0F012112
:100FD0000028FAD1C3E8401F0028F6D1BFF35F8F85
:100FE0004FF6FF74B0880023316900B2B480C1E8C5
:100FF0008F3F82F310889842FFF650AF0746A9460C
:10100000746906F1080807EB470E04EBCE03D3E939
:101010000250B6F90830C446002B13DBB2460097E5
:1010200004E034F936309446002B09DB03EB430629
:1010300004EBC602D2E90271BD4270EB0101F0DAA5
:101040005646009FACF8007034F93E7024F83E30EC
:10105000002FD8DAB3794D46002B3FF423AF00239D
:10106000B371B6F9083006F10808581C3DD01A468D
:10107000776903E08046591C3FF416AF03EB430148
:1010800007EBC100B0F802C01C461CF4004F9E469E
:1010900037F93130EED0944280ED028B05D0A8F8BC
:1010A0000030328927F8312034817246E3E738F87E
:1010B000393033813369EFF3108272B6D3E8CF0F42
:1010C00001210028FAD1C3E8401F0028F6D1BFF360
:1010D0005F8F7388316928F83930009B7380002353
:1010E000C1E88F3F82F31088D4E640BF05B0BDEC65
:1010F000028BBDE8F08F2846CDE9022300F00EFBFD
:10110000029A039B10EB020E43EB010A26E7084606
:101110000B69029198470028C9D00299D1E90023B0
:1011200011E700BFAFF30080FFFFFFFFFFFFFFFFEE
:1011300000800B4068BD002000000B40510E0010E5
:101140002DE9F84F364C25692DB1BDE8F84F0A213D
:101150003448FFF70DBEDFF8E4800321404600F07D
:10116000CBFA0326C4F80C80FFF7E0FA4FF0504C9E
:101170002D4B267003442361DCF800300F2163708F
:10118000636961801D834FF00405A3F878504FF028
:101190000505A3F890504FF00605A3F8A8504FF0AE
:1011A00007050E214FF6FF7208274FF00A0EA3F82D
:1011B000C0504FF001094FF00C0C4FF0020B4FF0F4
:1011C000090A0D204FF00B05A3F868111749A280FA
:1011D000A3F808E1A160A3F848B0A3F8F0A0A3F831
:1011E0002051A3F838C1A3F85001A3F83090A3F818
:1011F0006060A3F8D8701A800D4B3046C8F8207094
:101200000C49DC60FFF724FB49463046FFF7DEFA65
:10121000094B0A211F640348BDE8F84FFFF7A8BD3A
:10122000441600202CC5002034440020FFFF10008D
:1012300068BD0020510E001000200B4000000B4044
:101240000048704744160020F8B59DF82050044629
:1012500017461E4635B900F069FA874266EB010170
:1012600000295CDB2169EFF3108372B6D1E8CF0F60
:1012700001220028FAD1C1E8402F0028F6D1BFF39F
:101280005F8FB4F90220656902EB4201002A4FEA40
:10129000C10C206905EBC10139DB35F80CE0A4F87D
:1012A00002E04FF0000EC0E88FEF83F3108848880B
:1012B000069B0130C0F30E00012838BF01200B61EE
:1012C000079B48804B61C1E9027640EA02402369EE
:1012D000EFF3108172B6D3E8CF7F0126002FFAD149
:1012E000C3E8476F002FF6D1BFF35F8FA38825F8BF
:1012F0000C30A2802369C3E88FEF81F310880122AC
:10130000E368217803F501538A405A60F8BD002252
:10131000C0E88F2F83F310884FF0FF30F8BD2846C8
:10132000F8BD00BF0146F0B50069EFF3108772B653
:10133000D0E8CF5F0124002DFAD1C0E8454F002D41
:10134000F6D1BFF35F8FB1F902E04C690EEB4E0CA2
:10135000BEF1000F4FEACC05086904EBCC0C3CDB76
:10136000665B4E800026C0E88F6F87F31088BCF85C
:101370000200CCE902230130C0F30E00012838BF7F
:101380000120059BACF80200CCF81030069B40EA27
:101390000E40CCF814300B69EFF3108272B6D3E82C
:1013A000CFCF0127BCF1000FF9D1C3E84C7FBCF1CE
:1013B000000FF4D1BFF35F8F8B886353A1F804E073
:1013C0000B69C3E88F6F82F310880122CB6809781C
:1013D00003F501538A405A60F0BD0023C0E88F3FF7
:1013E00087F310884FF0FF30F0BD00BF03464089FF
:1013F000B0EB214F37DD58690A1402EB420210B5F9
:1014000000EBC2001C69EFF3108C72B6D4E8CFEF8A
:101410000122BEF1000FF9D1C4E84E2FBEF1000F3A
:10142000F4D1BFF35F8F428889B292B28A4207D06B
:1014300000221B69C3E88F2F8CF31088002010BD99
:1014400042F4004242800121002218699971C0E8EB
:101450008F2F8CF310881C78DA68084602F5015348
:10146000A140596010BD0020704700BF4078704710
:101470002DE9F04182B004460E4600F057F94FF0D6
:10148000FF326FF00043241846EB0106A24273EBD3
:1014900006013CBF14461E46A51F46F1FF37AC426D
:1014A00076EB07033CBF00252F4600F03FF9281AD2
:1014B00067EB010C01287CF1000C06DA204631466E
:1014C00002B0BDE8F04100F03BB900F02FF98542D1
:1014D00067EB010100290ADB0021174B2A46009324
:1014E00016483B460191FFF71DFF0130E6D04FF053
:1014F000000C134A1349536A9F4204D8906AA842C9
:10150000DCD29F42DAD10B68EFF3108072B6D3E8D9
:10151000CF8F5FF0010EB8F1000FF8D1C3E848EFAC
:10152000B8F1000FF3D1BFF35F8F0B68C3E88FCF23
:1015300080F3108820BFDEE7110E00104416002053
:1015400000000B402CC500202DE9F04182B006467A
:1015500000F0ECF84FF47A7304464FF0FF306FF070
:101560000042E6FB0341A04272EB01033ABF04468E
:1015700015460D46A61F45F1FF37B44275EB07032C
:101580003CBF0026374600F0D1F8301A67EB010166
:10159000012871F1000106DA2046294602B0BDE8B3
:1015A000F04100F0CDB800F0C1F8864267EB0101D0
:1015B00000290ADB0021174B3246009316483B46B0
:1015C0000191FFF7AFFE0130E6D04FF0000C134A57
:1015D0001349536A9F4204D8906AB042DCD29F42BA
:1015E000DAD10B68EFF3108072B6D3E8CF8F5FF0DB
:1015F000010EB8F1000FF8D1C3E848EFB8F1000FC1
:10160000F3D1BFF35F8F0B68C3E88FCF80F31088EF
:1016100020BFDEE7110E00104416002000000B4032
:101620002CC500202DE9F04306460D4683B0EFF3AC
:101630000584E4B23CB12D4B5A6AAA421CD2002068
:1016400003B0BDE8F0832A4FD7F80C9097F80080DC
:10165000484600F063F808F1040859F828301B1ACE
:10166000301A65EB0101984271F1000110DB20BFD7
:101670001E4B5A6AAA42E2D314BF012400249B6A7B
:10168000B34234BF204644F0010003B0BDE8F0830C
:1016900000F04CF8864265EB0101002914DB154B84
:1016A0003846CDE9003432462B46FFF73BFE011E9B
:1016B0000ADD0E4B5A6AAA4216D39B6AB34211D373
:1016C0000B48FFF793FEB6E7084B5C6AAC42B6D313
:1016D000641B18BF01249B6AB34234BF204644F008
:1016E0000100ADE7AA42EBD120BFE9E700000B40C3
:1016F00044160020110E001010B4054B054C064A8C
:10170000A04214BF1846581C5DF8044BFEF7A2BF58
:101710005C49002000800B40D00F01100346416A55
:101720000A46986A596A8A42FAD17047034B596A45
:101730000A46986A596A9142FAD1704700000B40F4
:10174000074A536A9942FCD8994207D1044B02E0F8
:101750005A6A914202D19A6A9042F9D8704700BF02
:1017600000000B4000EB400C4FEA8C0C0CF1804C5D
:101770000CF5803CF0B51646DCF80420051FB2F5E8
:10178000803F38BF4FF48032EDB238BFCCF8042030
:10179000012D2AD94FF40067254C0CF540521760F3
:1017A00054F82020B2B9DCF80020012D82EA46125C
:1017B00002F0E0020CF5805632602AD94FF4006145
:1017C00044F820304FF480330CF500521160CCF80F
:1017D0000430F0BD6769B7FBF2FE0EF1010E0EEBAF
:1017E0004E0EBEF1030EFCD2DDE70129D2D1032457
:1017F0000CF540521460DCF80820D207FBD5DCF869
:1018000000200B4C82EA461202F0E0020CF58056F2
:1018100032600122DCF800504D4005F003053560D0
:1018200002FA01F1DCF808200A42FBD0C6E700BF4B
:1018300060490020014B53F82000704760490020A8
:1018400070B4039D04682D0345EA03451B4B002C2F
:10185000B3FBF1F3B2FBF3F61FDB194A194B9042CD
:1018600014BF4FF480424FF40042174C1A6003F546
:1018700080531A60A36832EA0303FBD1212200F5EA
:1018800040530433016086601A600268002AFCDA63
:101890000822C5601A6070BC7047036803F03F03FC
:1018A0008B42DAD18368C3F30B03B342D5D1C3684B
:1018B00003F4EE23AB42D0D1EDE700BF001BB7002D
:1018C00000800540002002400000024030B44FF08C
:1018D00080441C4B1C60E0B11B4CA3F54053DC6101
:1018E0001A4C40F0010044401C62596298624FF06B
:1018F00080454FF0E061134B1548164C1D60846025
:1019000019604AB930BC4FF00042A3F580531A6009
:101910007047114BD861EAE74FF47A7303FB02F288
:10192000B2F1807F2ABF6FF07F4313461A464FF013
:1019300080410A4C08482360094B426030BC196062
:10194000704700BF00B00D40D3C007B02D3FF84F27
:1019500000A00140F3FFFF0100800D405C52002019
:1019600000A00D40012300EB4000800000F180400A
:1019700000F5841041600360704700BF002370B51C
:10198000DB8A04460D46002242E800F2520254BFB0
:101990001021042144F25220984786462B462246C5
:1019A000F446BDE870400A214FF48170604700BFE3
:1019B0000023DB8A002242E800F2520201D4102107
:1019C00018470421184700BF08B503460846191EEA
:1019D00002DB1AB140F03000FFF7D0FF40F02000EA
:1019E000FAE700BF034AD2F82838002BFBD0BFF338
:1019F0005F8F704700000E400021044B044ABFF384
:101A00005F8F43F8041B9342F9D170470C080E40D6
:101A10002C080E4010B44FF48D704FF42A64064A1F
:101A2000064B07491460D06019605368002BFCDA3C
:101A30005DF8044B704700BF0080044000A00440E4
:101A400000B0FA00704700BF08B50148FEF7CEFDB0
:101A5000F40F011038B5054C054DAC4204D254F8D2
:101A6000043B9847AC42FAD338BD00BFA80E011022
:101A7000E80E011038B5054C054DAC4204D254F8BF
:101A8000043B9847AC42FAD338BD00BFD40E0110D6
:101A9000E80E011010B40748074C084B084A0949E2
:101AA00004601A608B6832EA0303FBD15DF8044BD3
:101AB000704700BF002002407F3BEFEF0030024044
:101AC000F6FFF30300000240044BDB6CB3F5004F5C
:101AD00003D14FF48022024BDA64704700001150AA
:101AE000002011504FF0E022044BD2F8881D0B4328
:101AF000C2F8883D10EE3004704700BF0303300089
:101B00006FF06041044B054A19609368DB4333F082
:101B10006043FAD1704700BF00300240000002402D
:101B200010B545F25320FFF743FFBDE810400346D0
:101B30000420184710B545F25320FFF739FFBDE8E0
:101B40001040034601201847FEF714BE1449154BF8
:101B500070B55C1AA610442E324628BF4422124D9E
:101B6000920028460FF0CAF8B4F5867F13D80F4AC2
:101B7000C6F1440012D02B19410803EBC101C3E99F
:101B8000002208338B42FAD1C30704D520F00100AC
:101B9000304445F82020064B9D6070BD4320F8E797
:101BA00000000010100100100000002011010010C2
:101BB00000ED00E0002370B52B4C82B0C4F88430F7
:101BC000FFF728FF0122294BDA63636C012BFCD15C
:101BD0000321264A244B11639C6B012CFCD1022665
:101BE000052521460523224A22480096FFF728FEB4
:101BF00021462B46204A21480095FFF721FE00226E
:101C0000042031461E4BFFF7ADFD21462846002239
:101C10001C4BFFF7A7FD0022082011461A4BFFF7C7
:101C2000A1FD002209201146174BFFF79BFD002262
:101C300006201146134BFFF795FD0022114B07209C
:101C40001146FFF78FFD0420FFF7F4FD00240F4B32
:101C5000A3FB0035AD0CE0B229460134FFF782FE4C
:101C6000062CF8D102B070BD0000014000300140E8
:101C7000002F685900000540008C86470080054011
:101C8000001BB70080D1F008006CDC0283DE1B4330
:101C900086B003B451FC0804CDE9020151FC0904EB
:101CA000CDE9040151EC0A04CDE9060103BCF0477B
:101CB000BDE800504EEC00C4BDE800504EEC01C43D
:101CC000BDE800504EEC02C400BD000000B5FFF7B7
:101CD000DFFF02E010FE30F4F8D441EC100443ECD6
:101CE000112400EE010410EE010480EE200451ECFA
:101CF0001004704700B5FFF7CBFF02E010FE30F490
:101D0000F8D441EC100443EC112400EE010410EE71
:101D1000210480EE200451EC3004704700B5FFF739
:101D2000B7FF02E010FE30F4F8D410B541EC100417
:101D300043EC112451EC040453EC0524A0FB024CA9
:101D40005FF0000EE0FB03CEE1FB02CE4CEC204442
:101D50000024E1FB03E444EC30E480EE200451EC89
:101D60005004BDE81040704700B5FFF791FF02E056
:101D700010FE30F4F8D441EC100443EC112451EC83
:101D80002104A0FB01126FEA820252FB100052FBF9
:101D900012F252FB1000A0EBD07C53EC04245CFB4D
:101DA00013F153EC1524A1FB022001FB030053ECBB
:101DB0004424A2EB000050FB1CF24FEA111312EB7B
:101DC000017043EBE27140EA515020EA915020F05B
:101DD000070053EC7524A0FB023C53EC752400FB78
:101DE00003CC01FB02CC53EC0424ACEB824C40EA64
:101DF0005C70A0F1010041EC400480EE200451EC45
:101E00007004704700B5FFF743FF02E010FE30F4A6
:101E1000F8D440EC700400EE010410EE210480EED2
:101E2000200451EC3004704700B5FFF731FF02E0A9
:101E300010FE30F4F8D440EC600400EE010410EE23
:101E4000210480EE200451EC3004704700B5FFF708
:101E50001FFF02E010FE30F4F8D441EC800400EEE5
:101E6000010410EE010480EE400410EE13047047EC
:101E700000B5FFF70DFF02E010FE30F4F8D441EC9E
:101E8000800400EE010410EE010480EE400410EE28
:101E90003304704700B5FFF7FBFE02E010FE30F49C
:101EA000F8D441EC100443EC112400EE010410EED0
:101EB0003004C0F30070704700B5FFF7E9FE02E0A0
:101EC00010FE30F4F8D443EC102441EC110400EE81
:101ED000010410EE30F48CBF01200020704700BFD9
:101EE00000B5FFF7D5FE02E010FE30F4F8D443EC65
:101EF000102441EC110400EE010410EE30F42CBF6C
:101F000001200020704700BF00B5FFF7C1FE02E0CE
:101F100010FE30F4F8D441EC100443EC112400EE30
:101F2000010410EE30F42CBF01200020704700BFE8
:101F300000B5FFF7ADFE02E010FE30F4F8D441EC3E
:101F4000100443EC112400EE010410EE30F48CBFB9
:101F500001200020704700BF704700BF2DE9F04FFF
:101F600083B09946DDE90DAB0F9B884611469A0771
:101F7000074616D1DA453AD20C460D46ABEB0A06B7
:101F80000E4422464B46414620200134B847B44215
:101F9000F7D12946BAF1000F08D1204603B0BDE8B9
:101FA000F08F0C46BAF1000F10D00E4655460C9B30
:101FB0002E449A440191721B4B46013D41461AF84A
:101FC000010D3446B847002DF5D101990F9B9B07B1
:101FD000E3D5651AAB45E0D922464B464146202061
:101FE0000135B8475D4504F10104F5D3D5E70C464A
:101FF000BAF1000FD9D1D0E72DE9F04F0F9FDDF8EE
:10200000248017F0020F0A9C9DF82CA00E9DDDE99C
:102010000C9644D1F5BBB44241D207F0010B04F158
:10202000FF3C4FF0300EC44404E00134A6420CF8EB
:1020300001EF01D9202CF8D1BBF1000F00F088800E
:10204000A5422CD904F1FF3C4FF0300EC44404E00B
:102050000134AC420CF801EF21D0202CF8D117F05C
:10206000100F0ED017F4806F54D1A64263D0A54252
:1020700061D0B9F1100F50D0B9F1020F56D0202C19
:1020800029D12024CDE90B57CDE90984BDE8F04FD3
:10209000FFF764BF17F0010B34D1B442BFD317F080
:1020A000100F1ED017F4806FE3D1002CDDD1B9F1F1
:1020B000100F63D0B9F1020F77D0302488F80040B8
:1020C0000124BAF1000F11D17E0748D52B2608F85C
:1020D00004600134D6E7264601344FF0300C08F88E
:1020E00006C0202CCDD0BAF1000FEDD02D2608F877
:1020F00004600134CDE90B57CDE90984BDE8F04F08
:10210000FFF72CBFBAF1000F30D0B44205F1FF3514
:1021100085D395E7B9F1100FB3D1BE063BD5202C7E
:10212000AFD0582608F804600134A8E7202CA8D0C6
:102130002646013407E0661EB9D0B9F1100F36D03B
:10214000B9F1020FC9D14FF0620C08F806C096E74A
:1021500017F0100FC5D017F4806F86D089E73E07BF
:1021600090D5202608F8046001348BE717F00C0F97
:1021700000D0013DB442FFF452AF61E7BC0612D477
:10218000782488F80040302488F801400224BAF10D
:10219000000F99D0AAE7202C3FF473AF782608F8F7
:1021A000046001346BE75824EBE76224E9E717F099
:1021B000200FA4F1020C04D04FF0580E08F80CE0E8
:1021C0008BE74FF0780E08F80CE086E700B970470F
:1021D00001F06EBB10B1D1E900311847704700BF64
:1021E0002DE9F04F97B09DED207BDDE9225B07469E
:1021F000884651EC170B249C99460C920B460246DC
:102200008DED047B0794FFF749FE002840F0F48130
:10221000DDE904014FF0FF326FF48013FFF750FE49
:10222000002840F01B81DDE904014FF0FF32AC4B88
:10223000FFF782FE002840F0EE80DDE90401A4A350
:10224000D3E90023FFF778FE002840F0D380DDE9D2
:102250000401A1A3D3E90023FFF732FE002840F0D8
:10226000C980DDE9040100220023FFF729FE0028D0
:1022700040F0E88023460D9013F4806F08BF0625D8
:1022800030212B460EAAA5F1200605E0013BB34202
:1022900002F8011B00F09381092BF7D81E46ED1AB6
:1022A000DDE90401FFF7D6FD8E4B044603EBC603C0
:1022B00093ED007B8DED087BFFF7A8FD02460B46F2
:1022C000DDE90401FFF71AFDDDE90823FFF72AFD28
:1022D00002460B46CDE90A23FFF7CEFD8246FFF703
:1022E000A7FD02460B46DDE90A01FFF707FD02469E
:1022F0000B46CDE90A2300227B4BFFF71DFE002889
:1023000000F0FE800AF1010A5046FFF791FD0246F7
:102310000B46DDE90801FFF7E7FD10B14FF0000AB9
:102320000134002E00F0FD80681E0EABDFF8CCC13A
:1023300018440FE0ACFB0A21C90801EB8102AAEBAB
:1023400042023032BAF1090F00F8012F40F21C812D
:102350008A461D46202D05F1010306F1FF36E9D11D
:102360002025691E0EAB6148194410E080FB046211
:10237000C3EBA20303EB8302A4EB420404F130029B
:1023800001351C4601F8012F002B00F0EB80202DB9
:102390004FEAE473EAD1079B03F00303012B18D142
:1023A000BBF1000F15D00D9B002B00F00A810BF143
:1023B000FF3BBBF1200F0CD96B1E0EA930220B4442
:1023C00005E001355D4503F8012F80F0D180202D17
:1023D000F7D1079B0EACCDE902B341464B463846D8
:1023E0000C9A01950094FFF7B9FD8246504617B04C
:1023F000BDE8F08F079B9DED047BCDE923B34146FB
:102400004B4638460C9A8DED207B229517B0BDE8DF
:10241000F04F00F045B9610723464CBF0423032366
:102420004146219338464B46079A48BF304CCDE988
:1024300022B258BF2F4C0C9A209417B0BDE8F04F31
:10244000FFF78CBDDDE9042300200021FFF756FCD7
:102450000123CDE904010D9323460DE723469C0794
:1024600040F0AA80BBF1040F40F2A6800C9B1D46F1
:102470001C1F04EB0B0A2A464B464146202001351F
:10248000B847AA45F7D155461B4C261F14F8010D35
:102490002A464B464146B847B44205F10105F5D1FD
:1024A000079B0AF1040A9807A0D50C9CAAEB040329
:1024B0009B459BD952464B46414620200AF1010AD2
:1024C000B847AAEB04035B45F4D38FE7AFF3008072
:1024D0000000000065CDCD410000000065CDCDC1FC
:1024E000FFFFEF7FC01201100000E03F67666666E5
:1024F000541001105C10011068100110CDCCCCCC30
:102500000022DDE90A01634BFFF7DAFC00287FF4C3
:1025100008AFBAF1000F6AD10AF1010A002E7FF468
:1025200003AF2046FFF772FC02460B46DDE90401CB
:10253000FFF7E4FB02460B46CDE904230022554B8E
:10254000FFF7BEFC00287FF40CAFDDE90401002298
:10255000504BFFF7F1FC00287FF403AF013424F067
:102560000104FEE6079B03F00303012B00F08280C9
:10257000202D3FF42EAF0D9B7BB32D220DEB0503D9
:1025800083F83820013524E7202B3FF4E9AE0EAA6A
:1025900015441E44302204E0202B05F8012F3FF49F
:1025A000DFAE9E4203F10103F6D12E220DEB0603AE
:1025B00083F83820751CD4E6DDF830A063E72025C9
:1025C0006EE6079B13F00C0F50D00BF1FF3BAB45B1
:1025D0003FF6F2AE202D3FF4FCAE079B5A0701D523
:1025E0002B22CBE71B077FF5F4AE2022C6E71AF0BB
:1025F000010F3FF496AE8FE7A60734D1BBF1030F6E
:1026000031D90C9B1D46DC1E04EB0B0A2A464B46B7
:10261000414620200135B8475545F7D155461E4C57
:10262000E61E14F8010D2A464B464146B847A6421D
:1026300005F10105F5D1079B0AF1030A9D077FF516
:10264000D5AE0C9CAAEB04039B457FF6CFAE524659
:102650004B46414620200AF1010AB847AAEB040381
:102660009B45F4D8C2E6DDF830A0D7E7AB453FF68E
:10267000A3AEAEE6BBF1000F3FF47AAF0D9B002B8B
:102680009FD00BF1FF3B5D45FFF496AE202D7FF40C
:1026900074AF9EE60000E03F6310011000000000F0
:1026A0002DE9F04F9FB02A9EDDE928450746934665
:1026B0000891099322462B46204629460E96DDE9CD
:1026C0002BA6FFF7EBFB002840F0BE8020462946F2
:1026D0004FF0FF32784BFFF72FFC002840F0B4801A
:1026E000204629464FF0FF326FF48013FFF7E8FBD6
:1026F000002840F0A9802046294600220023FFF749
:10270000DFFB002840F0D581CDE90A45DDE90A2349
:102710009046994606F4006216F480630F92139374
:1027200040F0A18058EA090340F0CA80002A40F036
:10273000E38106230E9316F00202109240F0D4813A
:102740005346042B38BF04230C920422043B1292FC
:102750000F932046294600220023FFF7B1FB0028F3
:1027600040F0F3819DED0A7B0F9B5A4603930E9B2D
:102770008DED007B029326F4006304933846099B99
:102780000899FFF72DFD024616F0200F099B0899C6
:102790000CBF6520452002F10108B8470C9A129B36
:1027A00016AC5D1E82EAE273A3EBE273D10F002642
:1027B00022469946DFF804C101E0202E10D0CE4613
:1027C000ACFB0930C00800EB8003A9EB43033033B6
:1027D000BEF1090F814606F1010602F8013BECD873
:1027E0000523002006930A2305950094099D089C63
:1027F0004246CDE90330CDE901612B4621463846FA
:10280000FFF7FAFB109A8046D2B1A0EB0B06B24557
:1028100016D90BEB06022B46214620200136B8477D
:10282000B245F6D80BF1FF335344CBF10102A3EBD1
:1028300008034244924538BF002308F10108984438
:1028400040461FB0BDE8F08F5A463846CDE92845CE
:10285000CDE92BA60E9C099B08992A941FB0BDE8D0
:10286000F04FFFF7BDBC58EA09032BD1002A3FF413
:1028700062AF00230C930E9B0C9A934200F3B98134
:102880004FF000082046294600220023FFF718FBDE
:10289000002840F013819DED0A7B26F4006646F483
:1028A00080668DED287B5A463846CDE92A8A099BF9
:1028B00008992C96D2E700BFFFFFEF7FCDCCCCCCA0
:1028C00006230E93C9F30A50A0F2FF30FFF79EFAD9
:1028D000C1A3D3E90023FFF725FAC1A3D3E900235D
:1028E000FFF7F8F9C9F31309CDE90C0149F07F515D
:1028F00040460022B24B41F44011FFF7FFF9A4A378
:10290000D3E90023FFF70EFA02460B46DDE90C017E
:10291000FFF7E0F9FFF79EFA0C90FFF777FA9EA316
:10292000D3E9002380468946FFF7FCF90022A54B36
:10293000FFF7D0F9FFF78EFA034649464046129357
:1029400097A3D3E90023FFF7EDF980461298894653
:10295000FFF75CFA94A3D3E90023FFF7E3F90246FB
:102960000B4640464946FFF7C9F902460B468046EA
:102970008946FFF7D7F942464B46CDE9100140465C
:102980004946FFF7A7F90022CDE91401DDE910015E
:102990008D4BFFF7EDF900228C4BFFF79BF90246B8
:1029A0000B46DDE91001FFF7E3F90022884BFFF742
:1029B00091F902460B46DDE91001FFF7D9F94246CD
:1029C0004B468046894600204FF08041FFF796F93C
:1029D00002460B4640464946FFF77CF902460B4645
:1029E000DDE91401FFF7C4F900227A4BFFF772F911
:1029F000129B002203F2FF3C4FEA0C53FFF792F9BF
:102A000080468946DDE90A0142464B46FFF758FAFF
:102A100050B10C9B4046013B49460C9300226B4B46
:102A2000FFF7A6F9804689460C9A43466332C62AC8
:102A300006F00202109249460F9A2CD8002A5ED066
:102A4000042212920B433FF416AFDDE90A0158A3AA
:102A5000D3E90023FFF75CFA48B1DDE90A0156A388
:102A6000D3E90023FFF72CFA00287FF404AF0E9B74
:102A7000002B50D0139A002A7DD0013B0E93129B5D
:102A80009A4505D9109B002B00F0AE8002231093CD
:102A900000230F9344E022BBBAF1050F4FD906F093
:102AA0000203002B49D105231293AAF105030F93CA
:102AB0003AE005F100430A940B9327E626F40066FA
:102AC00046F4806638462C96DDE90A67344607F1FD
:102AD00000455A46CDE92A8ACDE92845099B08993F
:102AE000BCE605221292ADE700230222CDE90F32A7
:102AF00004220C9312922CE64FF00508C2E6BAF1BC
:102B0000040F1FD9109B002B78D104231293AAF134
:102B100004030F9304E0129B9A4531D80E9B0F9348
:102B20000C9B002B3FF415AEDDE90A0142464B46F3
:102B3000FFF71EF9CDE90A010BE6022310930523E6
:102B40001293F1E704231293EAE7DDE90A45A04670
:102B50000F9B05F1004903930E9B5A46029326F4FE
:102B6000006304933846CDE90089099B0899FFF773
:102B700037FB024608E6129B9A4544D80F92CFE7EE
:102B8000109B8BB30E9B0F9302231093C8E700BFDB
:102B900061436F63A787D23F71A379094F930A40BE
:102BA0001655B5BBB16B0240EF39FAFE422EE63F37
:102BB0002D431CEBE2361A3F0000000080842E41BA
:102BC0000000F83F0000E03F00002C4000002440DF
:102BD000000018400000F03FFB799F501344D33FA2
:102BE000B3C8608B288AC63F129BAAEB03030F93DE
:102BF00096E7A3EB020808F1FF3843E6042312939B
:102C0000022310938CE7109B002BEDD002230F9230
:102C1000109385E72DE9F04F9BB0249C954D0A94C5
:102C2000954CB1F1000A18BF834625601878934C83
:102C3000914608BFA3460993002800F093824FF005
:102C400000080AE042464B46514608F10108D847C1
:102C5000099B1878002800F0CE80099B252803F1F5
:102C600001030993EED11C460023224612F8010B02
:102C7000A0F1200110290AD8DFE801F04009093C41
:102C80000909090909090938093409093000A0F1BD
:102C900030010929099440F28A802A2800F0F08046
:102CA00000252E2800F096800026A0F16801122948
:102CB0002DD8DFE811F049012C0043012C00380128
:102CC0002C002C002C002C002C002C002C002700A9
:102CD0002C002C002C002C002C002700144643F064
:102CE0000103C2E7144643F00203BEE7144643F073
:102CF0000403BAE7144643F01003B6E7144643F062
:102D00000803B2E70999487843F4807301326728D1
:102D100009927ED8242840F2C180A0F12502422ADF
:102D200000F2BC80DFE812F05001BA00BA00BA002D
:102D3000BA00BA00BA00BA00BA00BA00BA00BA00C3
:102D4000BA00BA00BA00BA00BA00BA00BA00BA00B3
:102D5000BA00BA00BA00BA00BA00BA00BA00BA00A3
:102D6000BA00BA00BA00BA00190137011901BA0055
:102D7000BA00BA00BA00BA00BA00BA00BA00BA0083
:102D8000BA00BA00BA00BA00BA00BA00BA00BC0170
:102D9000BA00BA00BA00BA00BA00BA00BA00BA0063
:102DA000BA00BC015801BC01190137011901002505
:102DB00000E0013205EB850500EB45051078303D5C
:102DC000A0F130010929F4D92E28099202F101025B
:102DD0007FF46AAF099943F4806348781146A0F103
:102DE0003006092E40F221812A2800F02F81099215
:102DF0000026013259E74446C14501D809F1FF38A0
:102E00004B46424651460020D84720461BB0BDE8FD
:102E1000F08FA0F16902D2B20F2A3FD8012149F206
:102E200041079140394040F0F3800A2A3DD0072AFB
:102E300034D10A9D55F8042B002A00F0138143F089
:102E4000210012AB1F460B9303E0202900F01481F0
:102E50001A4602F00F042346092C94BF303337334F
:102E60000F2A07F8013B01F101014FEA1213ECD8D8
:102E700002E100BF152C001054520020591F001011
:102E80000A99099851F8045B4078002DCDE9092191
:102E9000BCBF43F002036D42013202E742464B469B
:102EA000514608F10108D847D2E60A99002E51F898
:102EB000047B18BF3246387808BF4FF0FF32002835
:102EC00000F07B83BC18A4463A4604E012F8014F98
:102ED000002C00F03F819445F8D16446E41B5A056C
:102EE00040F12281B44228BF344613F0020300F0BF
:102EF00088820223CDE90A5142461D46464408E035
:102F00004B465146D84717F8010F08F1010810B198
:102F100042464645F4D12B460B990A9D002B40F0C2
:102F200041810A9194E6099948786C287FF4ECAEC7
:102F30000A46887843F440730332E8E6099943F47B
:102F4000007348780132E2E609994878682800F071
:102F5000038143F080030132D9E6672800F0D9806D
:102F6000472800F0DC80452800F0DB80CDE90353E2
:102F70000A9B0296073323F007031C464246F4E8F7
:102F800002674B4651465846CDE900670A94FFF761
:102F900087FB80465CE6462808BF43F02003CDE966
:102FA00003530A9B0296073323F007031C4642464D
:102FB000F4E802674B4651465846CDE900670A944B
:102FC000FFF70EF9804643E642464B465146252020
:102FD00008F10108D8473BE60A9A990702F1040470
:102FE00008F1010640F1C68010784B464246514632
:102FF000D847012D88BFA84440F2BD8132464B46D8
:10300000514620200136D8474645F7D10A941FE69D
:103010006F2800F0818040F24882782800F090818B
:103020000A2723F01003BC4641E0002606EB860683
:1030300000EB4600A0F1300611F8010FA0F13002BC
:10304000092AF3D90A46099101322EE6DDE9092160
:1030500051F8046B9078023209920A91013226EA03
:10306000E67622E623F0100013F4806240F021009F
:103070003FF4E7AE12AB0B930B9B06900093082333
:103080001020059300234246CDE9023001914B46C2
:10309000514658460496FEF7AFFF0A958046D7E59D
:1030A000582862D0622840F08F800227BC4613F473
:1030B000806000F0DD8023F00D0313F4007240F017
:1030C00081810A990F1D13F4807140F037825C06EC
:1030D0000A9A40F13B811278002A40F04E8123F099
:1030E0001003002800F04981114612AA0B92CDE985
:1030F0000553CDE903C601910B9B42460093002383
:103100005146029358464B46FEF776FF0A97804693
:103110009EE543F4006329E70827BC46C7E743F46C
:10312000006343F0200321E713F0020300F08E81D7
:1031300002230A951E460D4642464B465146D84745
:1031400017F8010F08F101080028F5D12946334688
:103150000A9DE3E6D41BC2E60A46887843F0C00322
:103160000332D4E50446804646E6102743F02003A8
:10317000BC469CE7012D40F2F880464608F1FF3737
:103180002F4432464B46514620200136D847BE4296
:10319000F7D10A9B3246187851464B46D847A84487
:1031A0000A9455E54646A5427FF6BBAEA844A8EB77
:1031B00004080C4632464B46514620200136D8477B
:1031C0004645F7D12146ACE613F4806200F0BB809F
:1031D0004FF4806223F0110C1CF400770A9B4AD153
:1031E0001CF4807003F1040440F034811CF0400FA3
:1031F00040F0A3801CF0800F00F0D381B3F90010E1
:1032000081EAE177A7EBE177BFB2CB0F002900F0AD
:1032100056813A4612A90F46DFF8D8E30B910A937C
:103220000C9501E020280FD01546AEFB0213DB08F9
:1032300003EB8301A2EB41013031092D1A4600F165
:10324000010007F8011BEDD80A9B0C9DCDE9055C38
:10325000CDE9010304960B9B424600930A23514695
:10326000039358464B46FEF7C7FE0A948046EFE4A8
:1032700023F00C0321E7073323F007031946084620
:103280005B6850F8081BDF0F0A9051EA030062D117
:10329000002A40F09F811346114612AACDE90C7511
:1032A00000201546CDE90E68DFF848E30B9201E0F7
:1032B00020282DD05A1842F10002AEFB027828F0E7
:1032C000030707EB9807D21B1E469B1A61F1000704
:1032D0000C464FF0CC3101FB03F10EFB0711A3FBB1
:1032E0000E731944052307F00108A8FB03389B1847
:1032F0000A2E03F130034FEA570774F1000405F872
:10330000013B00F1010047EAC1734FEA5101CFD2FE
:10331000DDE90C75DDE90E680B9B424600930A233C
:10332000CDE9055CCDE90107049603934B46514670
:103330005846FEF761FE80468AE419780F4664E736
:103340001027BC46B3E623F0100C45E71C064CBF23
:1033500012881268C0E60A46191E01DB13469CE774
:103360005242134661EB410197E7134651461878E4
:1033700042464B46D847B04648E613F0200F14BFEC
:103380004120612012ACA6460B940A93A0F10A04D6
:103390000C9502E0202912D02A46B2FBFCF50CFB6A
:1033A0001520C3B2092803F130008ABF1B19C3B22C
:1033B000DBB262450EF8013B01F10101EAD20A9B42
:1033C0000C9D94E60A9A073222F00702516852F8DF
:1033D000084B8E460A9254EA010276D123F010037C
:1033E000002872D00022114612AA0B92CDE9055393
:1033F0000B9B424600930023CDE903C60191029343
:1034000094E7A54298BF01347FF674AD4FF4806312
:10341000CDE90A7505EB08021F460D46141B42460E
:103420004B465146202008F10108D847A045F6D167
:103430003B460A9F294638780B9D6C1C00283FF4B8
:1034400070AD002B3FF475AE002353E5A542DFD8E5
:1034500001346EE61968CB0F002900F0A88081EADC
:10346000E172A2EBE17212A90846DFF888E10B9144
:103470000A930C9501E0202F0FD01546AEFB0213E6
:10348000DB0803EB8301A2EB41013031092D1A4621
:1034900007F1010700F8011BEDD80A9B0C9DCDE94F
:1034A000055CCDE901730496D5E6692823F0100C7C
:1034B00040F08C8013F480623FF48EAE88E6002AE0
:1034C0003FF4A8AE12AA0B92C0E613F0200F14BF6F
:1034D00041226122002012A90A3ACDE90E68CDE905
:1034E0000C35CDF844B006468846754693460B9198
:1034F000CDF840C003E0202E17D004460D462946E3
:103500003A46002320460DF0AFFCD2B2092A02F160
:10351000300388BF02EB0B03BC42DBB275F1000540
:1035200008F8013B06F10106E5D23146DDE90C352C
:10353000DDE910CBDDF83C800E9E57E70A9909685B
:1035400051B923F0100338B112A90B91CDE90553FD
:10355000CDE903C60192CFE513F0200F14BF41203F
:10356000612012ACA6460B940A93A0F10A040C95B4
:1035700002E0202A12D02946B1FBFCF50CFB151005
:10358000C3B2092803F130008ABF1B19C3B2DBB2F2
:1035900061450EF8013B02F10102EAD20A9B0C9D43
:1035A000D4E7196881EAE177A7EBE1772DE6002AF5
:1035B0003FF459AF12AA0B9271E713F480640DD057
:1035C00013F0020412D004464646ECE50A2763468F
:1035D000BC466CE512AB00200B939DE613F0020392
:1035E0007FF4E0AD002D7FF413AF9AE4002D7FF45B
:1035F0000DAF96E4CDCCCCCC70B594461E460546B6
:103600000C4684B04FF0FF32634602A9009603488F
:10361000CDE90254FFF7FEFA04B070BDD5210010C9
:1036200010B5094B84B01C684CB1034600914FF0B3
:10363000FF3203A90548A047012004B010BD00F0E7
:1036400079F9204604B010BD54520020CD2100105D
:1036500000BEFDE708B5FFF7FBFF00BF38B5064C1D
:10366000064DFEF7F7F9AC4204D254F8043B9847F4
:10367000AC42FAD338BD00BFE80E0110F00E0110C5
:1036800003680846114618472DE9F0411546427D6A
:1036900007468846002A46D0002D1DDD0B780A2BF0
:1036A00023D0012D4FF0000C18D04646012416F807
:1036B000012F21460A2A04F1010422D0A542F6D1A5
:1036C00065450BDC08EB050313F8013CA3F10D0382
:1036D000B3FA83F35B093B75BDE8F0813B68A5EB6A
:1036E0000C0108EB0C009847ECE7037D002BD8D1C8
:1036F000036802210F489847012DE3D04FF0010CD9
:10370000D3E716F8013C0D2BD8D08C4508EB0C0004
:10371000A1EB0C0101DA3B689847022105483B68A0
:103720009847A446CAE7294640463B68BDE8F041B1
:10373000184700BF101301100B682DE9F041802BD2
:103740000D46064605D05A1C2B442A601E71BDE862
:10375000F0810F4B1C68A4B10E4F01F1040801E089
:10376000246974B12368002BFAD03B680BB1A342E3
:10377000F6D1204641462A68FFF786FF2469002CCF
:10378000F0D1002301222B442A601E71BDE8F08194
:10379000E0490020E84900202DE9F04782B00D46BD
:1037A00091461C460646FDF7C1FF4FF0FF3C6FF007
:1037B00000472E4A821841F10003944577EB03013C
:1037C0003CBF62463B462A480DF062FB6B1C8046BC
:1037D00040D00CB3274F284B1C68B4B1B9F1000F8F
:1037E0001CD1DFF89C9001E0246974B12368002BA0
:1037F000FAD0D9F800300BB19C42F5D120462A46C8
:103800003146B8472469002CF0D1B8F1000F26D119
:10381000284602B0BDE8F087184FDCE74FF00A0AEF
:10382000DFF85C9002E02469002CEED02368002BC6
:10383000F9D0D9F800300BB1A342F4D12A46314671
:103840002046B847012220460DF107018DF807A058
:10385000B847E8E730460DF0C7FA0546B9E704482F
:103860000DF006FB284602B0BDE8F08740420F008D
:10387000AC16002089360010E04900208136001087
:10388000E8490020084A136823B90AE003F110024E
:103890001B6933B18342F9D129B9186910601961E4
:1038A000704701B110607047E049002000F0DEBAB7
:1038B000F0B583B006468DF80700FDF737FF4FF0EF
:1038C000FF356FF00044174A821841F1000395421A
:1038D00074EB03013CBF23462A4613480DF0D8FA87
:1038E000124B07461C689CB1114D01E024697CB164
:1038F0002368002BFAD02B680BB19C42F6D12046EE
:1039000001220DF10701FFF7BFFE2469002CEFD162
:1039100017B9304603B0F0BD03480DF0A9FA3046A0
:1039200003B0F0BD40420F00AC160020E04900207B
:10393000E849002038B504460DF056FA0123054643
:103940001A4620462946FFF727FF084B1C682CB172
:1039500063682BB198472469002CF9D1284638BDFB
:103960002469002CF4D1284638BD00BFE04900206E
:103970002DE9F041A2B004460D46FDF7D7FE4FF009
:10398000FF376FF00046264ADFF8A480821841F125
:103990000003974276EB03013CBF3A463346214889
:1039A0000DF076FA00272B462246064601A91E484E
:1039B0000197FFF721FE019B0546D8F80040C3B1EF
:1039C000002C2BD0194F01E0246974B12368002B1F
:1039D000FAD03B680BB1A342F6D12046019A02A966
:1039E000FFF752FE2469002CF0D10023D8F80040E4
:1039F00001932CB1636843B198472469002CF9D135
:103A00002EB9284622B0BDE8F0812469F1E70548C7
:103A10000DF02EFA284622B0BDE8F0810194EFE7C0
:103A200040420F00AC16002039370010E849002052
:103A3000E04900200FB400B583B004A951F8040B8D
:103A40000191FFF795FF03B05DF804EB04B07047F8
:103A5000704700BF0022014B1A707047B7C50020A5
:103A60004B79FF2B0BD1887948B9CB79012B07D142
:103A7000082A05D9034B8A7809201A70704700205C
:103A8000704700BFB7C5002001207047012901D051
:103A90000120704708B5104B91881B78994201D0DE
:103AA000002008BD5378012B08D0022BF8D100214B
:103AB00064220846FDF70AFF012008BD5188CB05A6
:103AC00048BF480AC1F3402258BF4FF0FF3001F011
:103AD0007F01FDF779FF00BFB7C5002000487047A0
:103AE000DC130110012907D15378012B02D19388EF
:103AF000072B03D000207047012070471146A623F2
:103B0000014A01F041BA00BF3413011003460122FB
:103B100001481A70704700BF1413011008B50B68F4
:103B2000B3F5966F00D008BD00224FF0FF3011466C
:103B3000FDF74AFF024A034B10601960704700BF4F
:103B40005049002054490020184B70B51A68002ACB
:103B500028D0EFF3108172B6D2E8CF4F0120002CAD
:103B6000FAD1C2E8440F002CF6D1BFF35F8F0022D8
:103B70000F4C186859602270C0E88F2F81F31088AD
:103B8000002400250B4E3078FCF736FE20B90024C7
:103B900000252046294670BD3078FCF73DFE2046C2
:103BA000294670BD4FF47A740025EBE750BD002024
:103BB000BDC50020B8C50020014B1878FCF72CBE0D
:103BC000B8C5002038B5044600200D4601F00CFBB6
:103BD000A8B3002001F01EFB88B3FDF7A7FD4FF04E
:103BE000FF3E6FF0004C174A821841F100039645E2
:103BF0007CEB03013CBF7246634613480DF048F965
:103C0000E8B1002001F0F0FA58B900214FF0FF3080
:103C100000F012FD6FF002040B480DF029F9204668
:103C200038BD002001F0F6FA0028EED021462A46E1
:103C3000002001F0F9FA04460028EDD1EAE76FF020
:103C40000204ECE740420F0030C5002008B5FDF744
:103C50006DFD4FF0FF3E6FF0004C0F4A821841F1AE
:103C6000000396457CEB03013CBF724663460B485C
:103C70000DF00EF970B14FF0FF30002100F0DCFCC8
:103C8000002001F019FB0028F5D1BDE808400348E9
:103C90000DF0EEB808BD00BF40420F0030C5002057
:103CA0002DE9F84380460F46FDF740FD4FF0FF3504
:103CB0006FF00044334A821841F10003954274EBDF
:103CC00003013CBF2A4623462F480DF0E1F808B90E
:103CD000BDE8F883002001F087FA002847D0002FC4
:103CE00040DD0025DFF8A890284E13E02246002092
:103CF00001F028FB002104464FF0FF3000F09CFC4F
:103D0000002001F0D9FAFDF711FDC9E900012544B1
:103D1000AF4227DD002001F035FB7C1B8442A8BFA9
:103D2000044608EB0501002CE0D121464FF0FF309E
:103D300000F082FC204601F0BFFA204601F054FA60
:103D400080B1204601F01EFB0028E1D1FDF7EEFC1A
:103D5000D9F80030D9F804209B1942F100028342BF
:103D60008A41D5D20848BDE8F8430DF081B800205B
:103D70000021074BC3E90001BDE8F84302480DF0FC
:103D800077B800BF40420F0030C5002020A10700D7
:103D90008042002030B5002185B02E480DF080F81B
:103DA000F0B92D4B1A68CAB1EFF3108172B6D2E8A0
:103DB000CF5F0124002DFAD1C2E8454F002DF6D186
:103DC000BFF35F8F254C1D6822785960D3B2012262
:103DD0002270C5E88F0F81F31088CBB105B030BDDC
:103DE00000214FF0FF3000F027FC002001F012FA14
:103DF000044618480DF03CF8002CEFD0184B1B6817
:103E0000002BEBD0174A106805B0BDE830401847CA
:103E1000FDF716FA0446FDF789FC4FF0FF3C6FF002
:103E2000004510F57A7241F10003944575EB0301EA
:103E300038BF2B464FF000014FF0010520460A4CD9
:103E400038BF6246CDE901150094FDF7FDF905B0D4
:103E500030BD00BF30C5002050BD0020BDC50020D2
:103E60005049002054490020493B00104FF0504376
:103E700030B585B01C68FDF7E3F9FDF7F7FAA0420D
:103E800002D0002005B030BD00212A4B08461B7827
:103E900001F040FD28480368002B47D00120FCF7C3
:103EA00053FF0346254C2649C0B22370FCF7D0FCD3
:103EB00020780121FCF78AFC0E20FCF7B9FC40BBFE
:103EC000204B0125C3E90000FDF7BAF90446FDF7D0
:103ED0002DFC4FF0FF3E6FF0004C10F57A7241F16F
:103EE000000396457CEB03014FF000012046164C81
:103EF0003CBF72466346CDE901150094FDF7A4F975
:103F00000028BEDB01211148FFF7BCFC012005B0F1
:103F100030BD0120FCF716FC01460A48FCF770FF93
:103F200000220E200A49FCF7C3FCEBE7FCF74CFF2C
:103F3000B4E700BF7024011030C50020B8C50020D0
:103F4000953D001050BD0020493B00105C1600203C
:103F5000B93B0010004870477814011000487047C2
:103F60002414011038B5184B04461A780AB344B922
:103F700040F209424FF44173144D6A8013482B807C
:103F800038BD052C1DD8124B104D53F8241028466F
:103F90000023013903E0132B20F8022F0ED011F873
:103FA000012F0133DBB2002AF5D15B0043F44073EB
:103FB000E4E71121184600F02DF8D8E74FF44A73D2
:103FC000DCE7002038BD00BF8CC500208C490020F4
:103FD0000C14011000B545F247308BB0FDF7E8FC3A
:103FE00001220346092101A89847DDE9033204496B
:103FF00012BA1BBAC1E900230BB05DF804FB00BF85
:10400000F8C300200346024A03CA1860596070478B
:10401000F8C30020012901F1FF3300F0B3805D49AE
:104020000A784FEA121C9F2A8CBF0CF1370C0CF156
:10403000300C012B80F800C000F0A78002F00F02C6
:10404000092A8CBF37323032022B427000F09D803B
:104050004A784FEA121C9F2A8CBF0CF1370C0CF1E6
:10406000300C032B80F802C000F08F8002F00F02AA
:10407000092A8CBF37323032042BC27000F08580A1
:104080008A784FEA121C9F2A8CBF0CF1370C0CF176
:10409000300C052B80F804C077D002F00F02092AFB
:1040A0008CBF37323032062B42716ED0CA784FEA5D
:1040B000121C9F2A8CBF0CF1370C0CF1300C072B13
:1040C00080F806C061D002F00F02092A8CBF373297
:1040D0003032082BC27158D00A794FEA121C9F2A3D
:1040E0008CBF0CF1370C0CF1300C092B80F808C098
:1040F0004BD002F00F02092A8CBF373230320A2B24
:10410000427242D04A794FEA121C9F2A8CBF0CF1AE
:10411000370C0CF1300C0B2B80F80AC035D002F0B4
:104120000F02092A8CBF373230320C2BC2722CD0CE
:104130008A794FEA121C9F2A8CBF0CF1370C0CF1C4
:10414000300C0D2B80F80CC01FD002F00F02092A92
:104150008CBF373230320E2B427316D0CA79110918
:104160009F2A8CBF373130310F2B81730DD002F075
:104170000F02092A94BF30323732102BC27318BF96
:10418000103002D0002303707047184400230370DE
:10419000704700BFF8C3002070B500F02DF90C2364
:1041A0004026194CFF22A3670E201849FCF780FB1C
:1041B0003246002116480CF0D3FB01250023802154
:1041C0001348144A41844570068306878260436021
:1041D000136042F8043C80F8213080F83B304362A1
:1041E0000D4B4FF00056C360C362803B83620CF0FE
:1041F00037FE4FF480320949094B25642846E664AE
:10420000C4F89010DA6470BD000011501D04002045
:104210002C4E0020840010500001105010D00100DE
:104220000020115001210E20FCF7D0BA00220248D4
:10423000114600F001B900BF4C4E0020044B19702C
:1042400021B14FF40032034BC3F89020704700BFF8
:10425000B1C50020002011500B785B0602D14B78CD
:10426000052B00D070474B88014ADBB213607047C2
:1042700000001150CB782DE9F04103F0030EBEF1A0
:10428000010FC3F301005BD0002791F802C0344C4A
:104290000CF07F025600898806EBDC1304EB431315
:1042A0004FEADC15D876C1F30A0185F0010083F8E6
:1042B00002C019835870DF70D3008DBB29480433C6
:1042C00004EB821C03EB0008CCF808801F5082B37B
:1042D000254BD2001344CCF80430244B3F311A68EC
:1042E00021F03F01BEF1020F08BF490011441960DF
:1042F0001F4B771904EB47179942FA602BD82E44CD
:1043000004EB4613D97E82F0A04282F480125B68EF
:1043100042EA816242F000421A600120BDE8F08169
:10432000104804EB821C0344CCF8283040F832706B
:104330004AB900220F4904EB4513D9605A60ECE7F3
:104340000020BDE8F081D20002F1A04202F5801207
:10435000CCF82420C1E7FDF777FBFA68CFE700BF70
:104360002C4E0020800010500400105030BD002062
:10437000FF0F1050000110500CF072BD8C4608B5B4
:10438000114607481A460CF07F034FEADC1C0CEB81
:10439000430C00EB4C1000F04FF8012008BD00BFAB
:1043A0002C4E002011F07F0205D100290CBF022005
:1043B0000120064B9866C909054B01EB420003EB4F
:1043C00040104FF4006200210CF05EBD002011503F
:1043D0002C4E002011F07F0300D1704700220548C9
:1043E0005B0003EBD11300EB43106FF40061C2706C
:1043F0000CF04ABD2C4E00204FF0805209480A496B
:1044000008B50A4B02600A609968C94311F08051EF
:10441000FAD14FF4805206480CF0A2FA0922054B5B
:104420005A6708BD002002400030024000000240F0
:10443000000010500000115000234FF0010C10B587
:1044400080F81AC08282C382016104460CF018FD14
:1044500020B14FF40032074BC3F8902020460CF0F7
:104460001BFD10B10123237710BD2046BDE810408D
:104470000CF0EEBC002011502DE9F04100241D4E3F
:10448000054623463278DFF878801B4F0DE03B6805
:1044900013EB441324D0DB68284698473278013464
:1044A000E4B2511CA142234606DBA242A3EB020365
:1044B000EDD808EB4313EEE7542200210F480CF02F
:1044C0004FFA4FF0FF330D482022041D4360C4E92A
:1044D0000133E360FF21BDE8F04114300CF040BA35
:1044E0004FF0E023D3F8F03DDB0700D500BEBDE878
:1044F000F08100BFB0C50020904200206044002041
:104500008C140110704700BF704700BF0020704737
:1045100000207047704700BF704700BF704700BF62
:10452000704700BF024B5878003818BF0120704711
:1045300060440020024B1878C0F38000704700BF31
:10454000604400202DE9F047DFF8E4A09AF800303D
:10455000FF2B56D10E4600293ED00021542207469B
:1045600029480CF0FDF90022284C294B20461A70EE
:10457000FCF72AFC274B28481C60284CFCF732FC2F
:10458000204601F0ABFD264A264B146023B1264895
:10459000FFF7BCFA254B18600024234D23462A78E8
:1045A000DFF89090DFF884800EE0D8F8003013EB4D
:1045B000441311D05B687BB198472A780134E4B288
:1045C000511CA142234611DBA242EED89B1A09EBF3
:1045D00043135B68002BEFD14FF0E023D3F8F03D9D
:1045E000DB0700D500BE0020BDE8F0873146384625
:1045F0008AF80070FFF7D0FD0028EDD03846FFF7AD
:1046000011FE0120BDE8F0876044002058440020DE
:10461000B2C50020B4440020881600207416002083
:10462000B84400200D3B0010B0C50020904200208F
:10463000901600208C1401102DE9F04FDFF8C8927D
:104640008BB099F80030FF2B00F0F180A84CA94DF9
:10465000DFF8B0A2DFF8B4B226687369EFF3108216
:1046600072B6D3E8CF0F01210028FAD1C3E8401F6A
:104670000028F6D1BFF35F8FB261304607A901F081
:1046800077FB00237269C2E88F3FB36983F3108818
:10469000002800F0CC809DF81D30013B072B00F274
:1046A0007D83DFE803F0A7B1959D8E350A04089B52
:1046B000002BD1D009989847CEE79DF8201001F043
:1046C0007F0605EB460000EBD11090F8343023F064
:1046D000010380F8343090F8343023F0040380F87C
:1046E0003430002E00F0A680037D9AF8002093421B
:1046F00080F09380804A126812EB431300F09080A0
:104700009E699DF82120099B9DF81C00B047A3E7F6
:104710009BF80030002B00F083809BF80030013BB9
:10472000DBB28BF800309BF8003003F0FF00002B69
:1047300092D1704F9DF81C803B7843F001033B7091
:1047400097F8343060F3000387F8343097F834304A
:1047500060F3820387F8343097F8353060F3000354
:1047600087F8353097F8353060F3820387F83530B5
:1047700000F06CFC9DF8203003F06002602A6CD0E1
:10478000402A7CD003F01F03012B00F0C180022BD4
:1047900000F08180002B60D1202A00F0E981002AFE
:1047A0005BD19DF82130092B57D8DFE813F0B00119
:1047B000A2015600C101560095016B01560060012F
:1047C000F4002B78D9077FF547AFFFF7A9FE43E741
:1047D000EB78DA077FF540AF0898FFF795FE3BE7E7
:1047E0002B78D8077FF538AF2878C0F3C000FFF7E3
:1047F00095FE31E79DF81C00FFF73EFE00F01CFC23
:104800009DF82030AB7027E79DF81C00FFF734FEC1
:1048100000F012FCFFF780FE1EE7501C984211DAF0
:104820004FF0E023D3F8F03DDC0700D500BE0BB01D
:10483000BDE8F08F099B9DF821209DF81C0000F039
:1048400019FC09E79B1A2D4A02EB431358E7FFF7BF
:1048500085FB0246002840F082814FF0E023D3F828
:10486000F03DDE0700D500BE9DF81C000021FFF7DB
:1048700099FD80219DF81C00FFF794FDECE620488F
:1048800000F0E4FB0121404608AAFFF72BF90028BD
:104890007FF4E2AEE8E79DF8241011F0700FDCD150
:1048A00001F07F0607EB4600164B00EBD1101B789A
:1048B000007D7600019698424FEAD116009659D3B2
:1048C0005E1C8642C0F26681C01A0C4B03EB401698
:1048D000002A00F06381706900F0B8FB01214046B6
:1048E000736908AA984700287FF4B6AEBCE700BFFA
:1048F000B844002060440020904200208C14011035
:10490000E53A0010B0C5002090160020B2C5002086
:104910009DF824300F2BA7D8AE4A3B441B79127860
:10492000934232D3511C99429EDBAB4E9B1A06EB4D
:104930004316706900F08AFB01214046736908AA9A
:10494000984700287FF488AE9DF8203013F0600669
:104950008AD19DF821300A3B012B85D800F076FBE7
:104960009DF821300A2B00F0F281404608A900F0A2
:10497000F1FA71E6994B1B6803EB4016002A00F030
:104980000D81002E3FF470AFA5E7944A166816EB30
:104990004316CED168E77B789DF822609E4200F0F6
:1049A0004F817B78002B40F0BE817E70002E00F09E
:1049B0004581701EC0B2FFF7D1FA0346002800F00F
:1049C0005F814278022A40F05B81C17903F10906D8
:1049D000C1F340121201C1F3801142EA4112314683
:1049E000387820F0300002433A705A88CDF80C80B5
:1049F0009A180192019B8B4240F2A4814A780B2ABB
:104A000000F0AF810123042A40F03A810026019A88
:104A10000096521A92B202926E4A049312781DE0E6
:104A20006E4B1B6813EB461800F02A81029AD8F8E7
:104A3000103003980591984708280246059906F119
:104A4000010303D90298904280F0FF80DEB2614BEF
:104A500000961A78531C9E4200F31281009BB242CA
:104A6000A3EB0202DCD85C4B03EB4218DEE77B7859
:104A700040468DF81A300DF11A02012308A900F002
:104A800083FAE9E5BDF82200030A013B020AC0B23D
:104A90000E2B3FF6E9AE01A151F823F0B14C001006
:104AA0004D4B0010ED4C0010694800106948001093
:104AB000CF4C00104D4B00106948001069480010A1
:104AC00069480010694800106948001069480010E2
:104AD00069480010A34C001008A800F0BDFA404639
:104AE0009DF82210FFF7A2FB3B7843F002033B70D6
:104AF000B2E5BDF82230012B7FF4B6AE3B784046DC
:104B000023F0080308A93B7000F024FAA4E540460E
:104B10003B789A0802F00202C3F340131343ADF846
:104B20001A300DF11A02022308A900F02DFA93E5BC
:104B3000BDF82230012B7FF497AE3B78404643F01E
:104B4000080308A93B7000F005FA85E5022A3FF446
:104B50007EAEFFF7DDFC024600283FF485AE4046FE
:104B6000538808A900F010FA00287FF475AD7BE6A1
:104B70009DF824300F2B3FF677AE164A3B441B7945
:104B8000127893421DD2154A166816EB43167FF42D
:104B9000A2AE69E6002A7FF467AE00269DF82120C8
:104BA00002F0FD03012B1BD0002A7FF456AE019BBF
:104BB000009A3B44134493F834304046C3F3400317
:104BC000ADE7511C9942FFF64FAE034E9B1A06EB20
:104BD000431680E6B0C500208C14011090420020DE
:104BE000BDF82230B3B9012A99F8000000F08680A0
:104BF000FFF7D8FB019B009A3B44134493F8342001
:104C000042F0020283F8342093F8342042F001028B
:104C100083F83420002E3FF41FAD706900F016FABF
:104C20007369012108AA40469847002000F00EFA57
:104C300097F83530DF073FF50FAD96E6FFF76CFCD0
:104C4000404608A900F086F906E5049B012B00F018
:104C50009E80002B00F08A80002091F8028005E001
:104C60008CF804605FFA80FC63457FD908EB000C88
:104C700057FA8CFC9CF804E00130BEF1FF0FEFD036
:104C80004FF0E023D3F8F03DDA0700D500BE4FF037
:104C9000E023D3F8F03DDB0700D500BE00237B7096
:104CA000E2E5FEF71BFF024600287FF458AFDBE584
:104CB000FFF750F9024600283FF4CFAD40461223DB
:104CC00008A900F061F900287FF4C6ACCCE5FFF735
:104CD0001DFC024600283FF4C7AD4046137808A9E2
:104CE00000F052F900287FF4B7ACBDE5BDF8241000
:104CF000FFF738F902460028EFD1B5E50293FFF738
:104D000069FB019A009B3A441A4492F83410029BC2
:104D100063F3410182F8341092F8341063F3000118
:104D200082F8341076E700214046FFF787FA4046C4
:104D3000FFF722FBBB7840460093FFF79DFB009BEB
:104D4000BB7032E6DDF80C80FFF7E4FB78E7404605
:104D5000012308A90DF11A028DF81A6000F014F968
:104D60007AE40A78CB7811444A784CE63346104806
:104D70000492029100F076FE0E4B049A02991B7881
:104D80001144009A01339342BFF634AE78E7D8F865
:104D900010C00948844508BF02235DE74FF0E023B7
:104DA000D3F8F03DDB077FF557AC00BE54E400BFFD
:104DB00074440020B0C50020855400102DE9F84F40
:104DC0000A9F002A40D00C461E4615464FF0000AA6
:104DD000DFF87C90DFF87C8018E0204698F802101D
:104DE00099F800B000F00EFEE0B121465846FFF7FA
:104DF00041FAF0B1A2780AF1010AD10916BF0B9B62
:104E00003A701A702278AA4514441DD06278052A97
:104E10000FD1E17801F00301B1420AD1A27812F07A
:104E2000700FDAD04FF0E023D3F8F03DDA0700D569
:104E300000BE4FF0E023D3F8F03DDB0702D40020A2
:104E4000BDE8F88F00BEFAE70120BDE8F88F00BF8B
:104E5000901600206044002038B58B7813F0700F56
:104E600008D04FF0E023D3F8F03DDB0700D500BEBB
:104E7000002038BD074A084B0C46084691781D783B
:104E800000F0C0FD0028ECD021462846BDE838409F
:104E9000FFF7F0B960440020901600200B46064A48
:104EA00006481168DA09343203F07F0302EB43034A
:104EB000184400F061BD00BFB444002060440020ED
:104EC0000B46064A06481168DA09343203F07F03BC
:104ED00002EB4303184400F079BD00BFB444002046
:104EE0006044002010B5194801F07F0C00EB4C0025
:104EF00000EBD11090F834C01CF0010F08D04FF037
:104F0000E023D3F8F03DDA0700D500BE002010BD45
:104F100000F1300494F804C00D484CF0010C007806
:104F200084F804C0FFF72AFA0028F0D14FF0E021FE
:104F3000227960F300022271227960F382022271E9
:104F4000D1F8F03DDB07E1D500BEDFE7604400208B
:104F50009016002030B50B4C8C46A64605460868D6
:104F600049680023AEE803009CF800102846C943B6
:104F7000C4E90233BDE830401A4601F08001FFF772
:104F8000B1BF00BF204400202DE9F041284F4FF071
:104F90000008BE468C46064608684968BA60AEE816
:104FA0000300A7F80E801546BCF80620934228BFE0
:104FB0001346BB819AB11C4633B3DDB197F900307B
:104FC000402C28BF4024002B29DB41462346304695
:104FD000184AFFF787FF68B10120BDE8F0819CF80F
:104FE00000101346C943304601F08001FFF77AFFF5
:104FF0000028F1D14FF0E023D3F8F03DDB0700D5D6
:1050000000BE0020BDE8F0811A46397801F0800129
:1050100023463046FFF766FF0028DDD1EAE7224647
:10502000294604480BF06AFE8021024AF0E700BFDF
:1050300020440020E04300200022034BC3E900226B
:10504000C3E902221A61704720440020014B186115
:10505000704700BF2044002030B40246044C0025B5
:10506000234600685168C4E9025530BC03C3704749
:105070002044002070B53D4CC90922780646B1EBAA
:10508000D21F1D4682B017D053B14FF0E023D3F8A2
:10509000F03DDB0702D4002002B070BD00BEFAE78D
:1050A0002146FFF7D9F823691BB122460321304678
:1050B0009847012002B070BD94F90030002B06DB48
:1050C000A0680028E7D02A4629490BF017FEE0899E
:1050D000A168E388284480B229448342E081A1602A
:1050E00016D03F2D14D9A28994F90040131A9BB20F
:1050F000402B28BF4023002C27DB90424FF00001BB
:1051000031D01B4A3046FFF7EDFE0028D1D1BCE775
:10511000236923B102213046144A984760B12178AF
:105120000023C94330461A4601F08001FFF7DAFE3A
:105130000028AAD00120BDE701463046FFF732F92A
:1051400080213046FFF72EF9B3E7904208D01A4687
:10515000074801930BF0D2FD8021054A019BD1E75E
:1051600080210022CEE70A46CCE700BF2044002081
:10517000E04300202DE9F0410446FFF7D3F908B9D8
:10518000BDE8F081FFF7D6F905460028F8D1C8231D
:1051900004FB03F3124EF718F9780029F0D010330E
:1051A0001E44304600F0D2FD3F28E9D92846F97860
:1051B000FFF774FE0028E3D0304600F0C7FD3F281B
:1051C000F97808D9074A284602EBC4124023BDE803
:1051D000F041FFF787BE2846BDE8F041FFF770BEFB
:1051E000184300209442002010B50446FFF79AF9B6
:1051F00008B9002010BDFFF79DF90028F9D1C82299
:10520000034B02FB0433187900F0010010BD00BF0E
:1052100018430020C82208B5024B02FB003000F002
:105220007BFD08BD284300202DE9F8434FF6FF73AE
:10523000C8249A4228BF1A4600FB04F4DFF87480A1
:1052400004F110054544064692B2284600F0DAFD06
:105250000746FFF767F910B93846BDE8F883FFF74E
:1052600069F981460028F7D1A04498F80330002B53
:10527000F2D0284600F06AFD3F28EDD9484698F85C
:105280000310FFF70BFE0028E6D0284600F05EFD75
:105290003F2898F8031007D9054A4846402302EBF7
:1052A000C612FFF71FFED7E74846FFF709FED3E710
:1052B00094420020184300202DE9F0410446FFF7F6
:1052C00031F910B90020BDE8F081FFF733F9054648
:1052D0000028F7D1C82604FB06F6DFF8648006F143
:1052E00024074744384600F017FD0028EAD0B044B0
:1052F000284698F80210FFF7D1FD0028E2D00F4EA3
:10530000384606EBC4163146402200F07BFD98F883
:105310000210044668B1034632462846FFF7E2FD14
:1053200050B94FF0E023D3F8F03DDB07CAD500BEFB
:10533000C8E7FFF7C5FDC5E72046C4E7D442002013
:105340001843002038B54FF6FF75C823AA4228BF7E
:105350002A460B4C92B203FB00440546204600F05F
:105360000FFE034620461C4600F0D6FC3F2801D81D
:10537000204638BD2846FFF79FFF204638BD00BFB6
:105380003C430020C82208B5024B02FB003000F06D
:10539000DDFC08BD3C430020F0B5002483B0C822EA
:1053A000002117480BF0DCFAFF234FF4E13108220B
:1053B0001448047012480094074643718160827358
:1053C00000F1380101234022103000F075FC012368
:1053D000402207F17801009307F1B80607F1240095
:1053E00000F06AFC07F1C0053046FBF7EDFC2846EB
:1053F000FBF7EAFCC7E90746C7E90C5403B0F0BD68
:1054000018430020144300200A4A116B136A61B14B
:105410003BB10023C2E90C33D361002313620120A6
:1054200070470120C2E90C337047002BF7D0D161DF
:10543000F3E700BF18430020002210B50E4C0F48C0
:10544000237802600271DA0707D59B070BD5BDE808
:10545000104001210A4800F05DBE103000F03EFE11
:1054600023789B07F3D4064800F038FEBDE81040CF
:105470000121034800F04EBE1443002018430020D1
:105480003C430020F0B54B7983B0022B02D18B79DD
:10549000022B03D00025284603B0F0BD274FBB7870
:1054A0003BB14FF0E023D3F8F03DDB07F2D500BE6F
:1054B000F0E78B7806463B700B78CC18617824298E
:1054C00008BF092507D036E023781C4461782B44B7
:1054D00024299DB207D1AA42F6D20020FFF74AFE46
:1054E000284603B0F0BD0B46052916D0042BF4D195
:1054F00063790A2BF1D1124B277801930133009382
:10550000022330461A46E119FFF758FC0028C8D09C
:105510000E3517FA85F5ADB2DFE721463046FFF7C5
:105520009BFC0028BDD0A3787B7023785A191C44BB
:10553000637895B2DAE70B460925D5E718430020D2
:105540001A430020137803F06003202B08D170B5B4
:10555000264C938894F800C09C4503D0002070BD71
:10556000002070475378203B032BF7D8DFE803F087
:1055700027230D0201292ED003291ED11C4BE3B194
:1055800000205188AFF3008017E0012923D00329C0
:1055900013D15588174805F0010686F001012571E1
:1055A00000F0B8FD144B43B131460020C5F3400272
:1055B000AFF3008001E0012911D0012070BD012965
:1055C0000DD00329F9D10D4B002BF6D000200C494A
:1055D000FEF7A4FAF1E71146FFF7BCFCEDE7114630
:1055E0000723074AFFF7D0FCE7E700BF1843002076
:1055F000000000003C430020000000001D3B0010A4
:10560000204300202DE9F843354E0C46F27807463A
:105610008A421D463DD0B3788B4212D04FF0E02332
:10562000D3F8F03DDB0732D40020BDE8F8832D4BE2
:1056300023B12D4800F080FB00284DD00020FFF75B
:1056400099FDB378A34201D00120EEE7274B13B1B7
:105650000020AFF300800020FFF72EFE0028F3D1DA
:10566000234800F059FB0028EED1002DECD015F0B6
:105670003F05E9D13846B178FFF710FC0028E3D0A8
:105680002B462A463846B178FFF72CFCDCE700BEF3
:10569000CAE79AB2174906F1100000F071FC164BE8
:1056A000002BC4D07379FF2BC1D0002DBFD0DFF801
:1056B000448008EB050902E0C845B8D0737918F8B2
:1056C000012B9A42F8D1084800F036FB0028F3D1AC
:1056D0007179AFF30080EFE7AFF30080AEE700BF72
:1056E00018430020000000002843002000000000B4
:1056F0003C4300209442002000000000F0B54FF42D
:10570000137285B0002112480BF02AF940260023BD
:105710004FF480750E4F0F4C07F5A6721946CDE970
:105720000246009201951A4607F5947000F0C6F9FA
:105730000023384607F1280134440091012219461C
:10574000CDE902460195043000F0B8F905B0F0BD8E
:10575000084600208845002008B5054800F0DAF921
:10576000034BA3F5927000F0D5F9012008BD00BFEE
:105770003047002038B50025064C04F59870257098
:1057800000F0ACFC04F10C0000F0A8FC84F82951F6
:10579000657138BD084600202DE9F8434B79FF2B91
:1057A00051D1354E96F82931002B4CD196F8058011
:1057B000B8F1000F47D18B780C7833700B790F4616
:1057C0000C44ABB38146A51803E0A54230D9237839
:1057D0001C446378052BF8D1AC4229D221464846B7
:1057E000FFF73AFB40B3A378DB092FD1234800F041
:1057F00075FCA37896F8282186F82931A3884846B5
:10580000C3F30A03A3F50073B3FA83F35B0963F3ED
:1058100041021B4986F8282100F0EAF960B123789B
:105820003A7908F101081C445FFA88F39A42D0D80B
:10583000E11B88B2BDE8F8834FF0E023D3F8F03DD8
:10584000DB0700D500BE0020BDE8F8830D4800F05E
:1058500045FCA37832797371A3880B49C3F30A031B
:10586000A3F50073B3FA83F35B0963F341020020ED
:10587000327100F085F9D2E7084600203847002051
:1058800030470020144600200C46002070B51B4C09
:10589000064694F829C11D468C4511D063798B4288
:1058A00001D0002070BD164B1BB10020A9B2AFF390
:1058B00000803046134900F063F9C8B1012070BD83
:1058C000B4F8343163B9104B23B100200F49AAB2A8
:1058D000AFF3008030460E4900F08AF90120EEE770
:1058E000D4F82C11AAB204F5987000F049FBEAE74D
:1058F0002A463046034900F00FF9DFE7084600204A
:10590000000000000C460020000000008845002038
:105910003047002010B582B0C9B101280CD80B78EF
:1059200053B1144C012B235402D0012002B010BDFE
:10593000FEF708FE0028F8D14FF0E023D3F8F03D41
:10594000DB0702D4002002B010BD00BEFAE701243C
:10595000084601A9ADF80440FEF7F4FD38B94FF050
:10596000E023D3F8F03DDA07EDD500BEEBE7014BBD
:105970001C70E8E754440020F8B5037813F00104E4
:105980001AD1037805465A07C3F3800701D520468C
:10599000F8BD0E464FF0FF3130460BF055FA2B782C
:1059A00013F001040BD12B785B0709D42B78012469
:1059B00043F004032B7003E000242046F8BD3C466E
:1059C00030460BF055FA2046F8BD00BF70B50C46C6
:1059D00005464FF0FF3120460BF036FA2B78C3F323
:1059E00080065B0708D52B7813F0010311BF002652
:1059F0002A7863F382022A7020460BF039FA304687
:105A000070BD00BFC378828803F003000228C2F390
:105A10000A0215D003280AD001281CD1022940F21D
:105A2000FF3308BF4FF4806393420DD370470229C0
:105A300014BF40234FF48063934205D30120704785
:105A400002290AD0402AF9D94FF0E023D3F8F03DDB
:105A5000DB0700D500BE00207047B2F5007FEDD017
:105A6000F2E700BF0A44914226D291F801C0BCF18E
:105A7000050F05D091F800C061448A42F5D87047FF
:105A800000B591F802C00CF07F0E00EB4E0E4FEA0D
:105A9000DC1C0EF80C3091F800C061448A4209D930
:105AA00091F801C0BCF1050FEBD091F800C0614442
:105AB0008A42F5D85DF804FB704700BF2DE9F0413C
:105AC0008E4682B0009390F800C0089EBDF8247006
:105AD0006EF3000C04461546012331463A4600F8A1
:105AE00008CBBDF82C8000F0E7F806B13FB90120E3
:105AF0000A9BA4F80280636002B0BDE8F08104F163
:105B00001C063046FBF760F90DB135460026C4E9A6
:105B10000556ECE701207047F8B50746084640F205
:105B2000FF13154610F8082B0C4612F0020F0CBF9D
:105B30003F261E4600F0F0F828B925B12E4202D1CA
:105B40002378DA0701D50020F8BD38466178FFF7E1
:105B5000A5F90028F7D0237813F0010307D04FF000
:105B6000E023D3F8F03DDB07EDD500BEEBE71A46A6
:105B700038466178FFF7B6F90028F0D0F8BD00BFCD
:105B800070B501F10805064628460C4600F0C4F839
:105B900010B12378DA0701D5002070BD3046617856
:105BA000FFF77CF90028F7D028466288616800F08A
:105BB00029F92378054603F0010340B173B14FF092
:105BC000E023D3F8F03DDB07E6D500BEE4E7002B89
:105BD000E2D130466178FFF773F9DDE7034662688A
:105BE00030466178FFF77EF90028E8D0284670BD7E
:105BF0008A892DE9F0410B780C46064622B9DD076B
:105C000034D50020BDE8F08104F108079907384633
:105C100047BF4FF47E484FF400754FF6C0784025DB
:105C200000F094F88542ECD82378DA07E9D43046BE
:105C30006178FFF733F90028E3D0384600F086F8A2
:105C40002378854203F001032DD8BBB9658808EAA3
:105C50000008454528BF454661785DB362682B461C
:105C60003046FFF73FF948B12846CBE74978FFF7C0
:105C700015F90028C5D02378D80707D54FF0E023C1
:105C8000D3F8F03DDB07BCD500BEBAE76388617886
:105C90003BB162683046FFF725F90028EED06088F6
:105CA000B0E71A46F6E7002BABD130466178FFF734
:105CB00007F9A6E72A46D2E72DE9F041B2F5004FF1
:105CC0009DF8188024D80446C06817460E461D4625
:105CD00018B14FF0FF310BF0B7F8206918B14FF051
:105CE000FF310BF0B1F80022C5F30E03E06843EA80
:105CF000C83362812660A780E380228108B10BF05F
:105D0000B7F8206908B10BF0B3F80120BDE8F081C5
:105D10000020BDE8F08100BF038942899BB292B2A6
:105D20008088934236BFC2EB40029B1A9B189BB2FD
:105D3000984228BF184670470289438990B29BB2A7
:105D4000C01AB0FA80F04009704700BF0389428949
:105D50009BB2808892B2934236BFC2EB40029B1A3C
:105D60009B189BB2984286BFC01A80B20020704731
:105D700038B5044600690D4618B14FF0FF310BF0FD
:105D800063F82189638989B29BB2A288994236BFA0
:105D9000C3EB4200C81A401880B250B3824209D205
:105DA00091422CBF891A89188BB29A42638103D819
:105DB0009B1A9BB29A42FBD9E2882168C2F30E0279
:105DC00002FB031128460AF099FF6189012589B277
:105DD0004B1C9BB29942A2880ED9002302FA05F10E
:105DE0005B1A9BB22069638108B10BF041F8284629
:105DF00038BD054663899BB2B3EB420F4FEA4201BF
:105E0000F0DBEDE72DE9F04706460069884691464C
:105E100018B14FF0FF310BF017F8338974899BB23A
:105E2000A4B2B588A34236BFC4EB45071F1BFF18B9
:105E3000BFB2002F4AD0BD4240D3B94528BFB946B2
:105E4000A5421FFA89F703D8641BA4B2A542FBD967
:105E5000B6F806A02B1B31689BB2CAF30E029F4214
:105E6000924602FB041123D913FB02F31FFA83F9B4
:105E70004A4640467D1B0AF041FF621912FB0AF2B6
:105E8000316808EB090092B20AF038FF7289B588D0
:105E900092B2D3199BB29A421AD96A009B1A9BB24A
:105EA0003069738108B10AF0E3FF3846BDE8F08736
:105EB000404607FB02F20AF021FFE7E7AB422CBFA6
:105EC0005B1B5B199CB22F467481B6E773899BB24A
:105ED000B3EB450F4FEA4502E2DBDFE7F8B50446D6
:105EE000C0680E4618B14FF0FF310AF0ADFF2589AA
:105EF000238961899BB289B2A2888B4236BFC1EBEC
:105F000042015B1A5B189BB29A42ADB208D8E7799E
:105F1000FF0905D1E06808B10AF0AAFF3846F8BDCC
:105F2000954228BF2B4618D39B1A9BB29342FBD2B3
:105F3000E2882068C2F30E0202FB030031460AF039
:105F4000DDFE6B1C9BB29D42A28812D9002351003A
:105F50005B1A9BB201272381DCE7E2882068C2F349
:105F60000E0205FB020031460AF0C8FE0135A28888
:105F7000ABB2B3EB420F4FEA4201EBDBE8E700BF05
:105F80002DE9F04F174683B0002A75D00646C06849
:105F9000894618B14FF0FF310AF056FFF379B6F891
:105FA00008807289DB09B5881FFA88F892B23CD163
:105FB000904536BFC2EB4502A8EB0202424492B2C2
:105FC000AA425ED2AA1A92B2BA4228BF3A46B6F89C
:105FD00006B097B27B1B08EB070ACBF30E0B9BB204
:105FE0001FFA8AFAA845444603D3641BA4B2AC4204
:105FF000FBD22D1B3068ADB2BD420BFB040057D362
:1060000049460BFB07F20AF079FEB288D0454FEA09
:10601000420302D8BAEB420F03DBAAEB03031FFAD9
:1060200083FA3D46A6F808A02CE0B6F806B0AF42C9
:10603000CBF30E0B2FD2904536BFC2EB4501A8EB38
:106040000201414489B2680039447B1B81429BB202
:106050000DDB02EB050A1FFA8AFAAAEB07081FFA02
:1060600088F8424537D9A8EB00001FFA80F807EB03
:10607000080A1FFA8AFAB5E71546284603B0BDE8B4
:10608000F08F0025F0680028F7D00AF0F1FE2846CE
:1060900003B0BDE8F08F002DF4D07F1B02EB050AA2
:1060A0000BFB079990462F4600231FFA8AFA99E7BF
:1060B00015FB0BF5ADB22A46494601930AF01EFEC8
:1060C000019B3068E21812FB0BF209EB050192B25A
:1060D0000AF014FE99E7404584DCC4E710B5044695
:1060E000C06818B14FF0FF310AF0AEFE206918B158
:1060F0004FF0FF310AF0A8FE0023E068638123819E
:1061000008B10AF0B5FE206908B10AF0B1FE01201D
:1061100010BD00BF38B50446C0680D4618B14FF039
:10612000FF310AF091FE206918B14FF0FF310AF0FB
:106130008BFEE379E06865F3C713E37108B10AF0F9
:1061400097FE206908B10AF093FE012038BD00BF18
:1061500003BD00BF10B50446FBF78CFC2346BDE829
:1061600010401847F0B5054687B0192017460E466F
:10617000FAF742FB002104461920FAF727FB002119
:10618000CDE9046503970026002701224FF0504314
:106190008C46CDE900670292A9B11A6D9507FCD52E
:1061A000596540BF1A6DD00703D420BF1A6DD207BE
:1061B000FBD59A6D8A420BD04FF0000C0DEB8C0290
:1061C0001168E9E79A6D1A6DD607FBD440BFE4E782
:1061D0000CF1010CBCF1060FF0D12146192007B0DB
:1061E000BDE8F040FAF7F2BA0C4B0D4A93420ED3D9
:1061F0009C4603F2F4710B4A9268CCF8F4070A4803
:10620000CCF8F837CCF8FC070848FFF7ABBF4FF0E5
:10621000FF3340F2F3719C46EDE700BF0008082011
:106220000000082000ED00E05561001051610010F1
:1062300070B443490B78082B13D8DFE803F01F280C
:106240003A46586573051400082010223D4D3E4C17
:106250003E4B2D6808701D6025783D4B3D4C1A6003
:10626000257070BC7047002201233A4D374C3848E6
:106270002B700A702260036070BC70470123354A9E
:1062800032483349137003600B6070BC70470224BE
:106290004FF0FF35012220202C4B0C702D4C1D603F
:1062A0002B4B22701860042170BC1A202A4BFAF77D
:1062B00025B9022501230324254A24481560254ACF
:1062C0000C701370036070BC704702261E4B0424D0
:1062D0001B780122002B0CBF304601201B4B1C4DAC
:1062E0000C702E6018601B4B1A7070BC7047052331
:1062F00001201A4C154A24680B701460154A144C7E
:106300001070236070BC7047012506200522144CD4
:106310000E4B246808701C600E4C0D4B25701A60E3
:1063200070BC7047002507240220084B064A1D60F8
:10633000074B12780C701860064B1A7070BC7047CF
:10634000BBC5002058530020BAC500204053002090
:106350003C530020B9C5002065630010485300205D
:106360005053002038B52B4A2B4C2C4B2168107809
:1063700001391A781B23F0B940EC4430082A1FD0A9
:106380000123274D8B402D684FF01B0C2B40003B09
:1063900018BF012343EC40C0216059B9082A2AD014
:1063A00022B904211A201F4BFAF7A8F8BDE838409B
:1063B000FFF73EBF38BD4FF0010545EC4430DFE745
:1063C0004FF05043184A5B681088C3F3C06343EA38
:1063D00040039BB2216013800029EBD1134A14497A
:1063E0001068144A086013600022134B1A60BDE85D
:1063F0003840FFF71DBF48B10D4A0C4B11681A68B1
:10640000914204BF4FF0FF321A60EDE7064B1B8844
:10641000E4E700BFB9C500203C530020BBC5002005
:106420004053002065630010A4C500205053002095
:10643000445300204C530020545300202DE9F04FCA
:10644000A74FA84A3B680D899B0103F1A0431B6835
:10645000D2F800900635422DC3F30B03C9F30B02AB
:10646000B8BF42259A420C4685B000F0DF80A3EB0E
:106470000903C3F30B03C3F580539D421BD9C9F530
:1064800080580A200021FAF7F3FF3B68C9F30B019B
:106490009B0103F1A0431B68C3F30B03A3EB0902A9
:1064A000C2F30B029942C2F5805208EB030000F0E0
:1064B000B9809542E5D84FF0A0418A4BDFF83C9275
:1064C000D3F80080D9F800309B0103F1A0431A698A
:1064D00012F08062FBD14FF0FF3308F1020BC1F8DC
:1064E0005834814DD9F80030DFF814A2CBF30B00FB
:1064F000CDF804809B0103F1A04319694901FCD444
:10650000D9F80030618966684FEA831E0EF1A04C0D
:1065100005EB00082468CCF800600844CCF804803F
:106520000A44CCF80810DAF80010C0F30B00CCF8DD
:106530000C10002CDED13B2ADDF8048040F28C8068
:10654000111D8B00013B02F10609DAB21646C3F3B6
:1065500007234FF0A0440EF1A04EDEF810205201A8
:10656000FBD4D4F8582400F1010CD243CCF30B0C2B
:106570000CF10104C4F30B045FFA82FA05F800A0E1
:1065800004F1010EC2F3072005F80C00CEF30B0E48
:10659000C2F3074002294FEA1262285505F80E207F
:1065A00011D958464144C0F30B0C15F80C200130AA
:1065B0005400520802F0550204F0AA04224381421A
:1065C00005F80C20EFD108F10102C2F30B0205F827
:1065D0000860AB54434A454D1368454E4B44C3F3E2
:1065E0000B03136000232C68013404F03F0446F8C9
:1065F0002430EFF3108872B63B689B0103F1A0438F
:106600001A69296846F821901B69510103F08063DB
:1066100010D5002B41D088F3108800202C6005B0E5
:10662000BDE8F08F85423FF62CAF44E7C9F58052B4
:10663000134422E788F31088002BEED100202D4B65
:106640002A681B6806EB82069B0103F1A043DE6308
:106650002C6005B0BDE8F08F0394C2F13C02DCF879
:10666000103013F08063FAD1D9F80010224C4FEAB1
:10667000811EFF21D4F800C010440EF1A0440DF19A
:106680000C0AC4F800A00E46A2604FF04209402157
:10669000C0F30B00C4F80CC05BE701200021FAF73F
:1066A000E7FE3B689B0103F1A0431B6988F3108858
:1066B0005A01B2D401200021FAF7DAFE3B689B01AF
:1066C00003F1A0431B695B01A7D40A4B2A681B682E
:1066D00006EB82029B0103F1A043DA639DE700BF52
:1066E0007CC500206CC500200030002078C500204B
:1066F0000040002070C5002064BD002058BD00206F
:1067000060BD0020000000002DE9F04F2DED048B4E
:10671000064640F2DC527A23CB4DCC4C91B0CC49AA
:10672000C6E9054506A8328686F839300E6005961A
:10673000FDF768FCEB22002342F2B871062086F8D0
:1067400034201A46BDF81D5071869DF81F10C14CAB
:10675000A6F8355086F8380086F8371044F823201C
:106760000133402BFAD1BC49BC4800F02BFD034655
:10677000BB4ABC49B948136000F024FD0346BA4A3D
:106780000120136000F068FEB84DDFF848A32860D0
:10679000012000F061FECAF80000012000F05CFE5C
:1067A000B34E4FF0A0473060012000F055FE0123AA
:1067B000D5F800C0AF4A03FA0CF34FEA8C1E106004
:1067C000C7F864340EEB0702D3685B01FCD40122E6
:1067D0004FF0A048DAF800108D018A4005EB08035D
:1067E000C7F86424DA685701FCD401224FF0A047AF
:1067F000D6F800904FEA891602FA09F2F319C8F8A0
:106800006424DA685201FCD401238201834002F13E
:10681000A042C7F86434D36813F08063FBD1DFF87B
:10682000B88205F1A04508EA4C3C08EA493848EA34
:10683000403848F4416BDFF8A4824CEA413C4CEA12
:106840000808DFF89CC20127CCF800800EF1A04CAC
:1068500006F1A04ECCF810302B61CEF81030136149
:10686000854B0CF10C09CCF80030844B7646CCF803
:1068700004304FF48033CCF80830CCF81080DCF8CA
:1068800010304BEA070B43EA070C7D4B1C3603EA3A
:10689000413103EA40337B4841F4FC0118437A4B11
:1068A00041F00901C3F800C02B60784BC5F8049093
:1068B000AF602961CEF80030754BCEF8043040F25D
:1068C000EE53CEF80830734BCEF810B01960724B0F
:1068D0001460C3F800B0714B566018609760106187
:1068E000384600F0B9FD4FF0A0426D4B874085015E
:1068F0001860C2F86474AB18D96811F08061FBD1DC
:106900004FF000774FF4806619610C465C49DFF860
:10691000D4C101EA4031430062484CF80570624D31
:1069200008432860D2F8542403F01E0343F02103E7
:1069300053405E4AC3F30803C2F854345C4B5D4ACB
:10694000C3F854645C4B0A430B435C4905200A605E
:106950005B4A9FED5C9A1360FAF76CFF07EE900AB2
:10696000F8EE677A0520C7EE898AFAF763FF07EE2B
:10697000900AF8EE677A01263B4B0621172087EE36
:10698000898A1F68F9F79CFD06211620F9F798FD02
:1069900006211820F9F794FD1622214603232F48DB
:1069A000009600F0BFFC4FF480330C934FF440236B
:1069B00007F112050E931337EB0143EA073323F077
:1069C000C0430D93404B062115200F93F9F778FD36
:1069D00021460F9C334624F4F84415221F480096A4
:1069E00044F4A8440F9400F09DFCDFED387A78EE73
:1069F000A77ABCEEE77A0E9BC3F30D0343F0A043E6
:106A000043F460230E9317EE103A9BB2002B00F074
:106A1000EC8107EE103AB8EE477ADFED2D6A77EE9B
:106A2000C77A67EEA67AFCEEE77ACDED047A9DF898
:106A30001020120242EA03432A46084D0CAC002102
:106A400028464FF01F084FE03D640010D1E90010C8
:106A500000C4002000400020FC1401100000205061
:106A600024C50020CC14011084C5002018C40020C7
:106A70007CC5002070C50020270020500020002089
:106A8000FDFF7FFC19087E0010C4002000300020AC
:106A9000130020500CC4002080C5002074C50020C5
:106AA00058BD0020510C7E025CBD0020001000503B
:106AB00000200050511C7E02411C7E0260BD00205F
:106AC00064BD002020BCBE4CD602202C0000003B40
:106AD0000000804308C40020F11F00FC411C0A0094
:106AE0001CC40020102000500C93234600F060FCD2
:106AF0000121C14B2846C3F8CC80A3F58053C3F8CD
:106B0000CC102B6800220B432B60BC4B08AD1E68D9
:106B10004FF0005300F0D0FB00234FF480310F936F
:106B20004FF4F833CDE90C134FF440234FF4782E93
:106B30000E93F701331D47EA033794E80F0085E809
:106B40000F0027F0F85C099795E80F004CF0E85C1F
:106B500084E80F0040460621CDF834C0CDF83CE073
:106B6000F9F7AEFC06212020F9F7AAFC06211D202A
:106B7000F9F7A6FCDFEDA27A78EE277ABCEEE77A89
:106B80000E9AA04B134043F0004343F405030E93C9
:106B900017EE103A9BB2002B00F0258107EE103A59
:106BA000B8EE477ADFED986A77EEC77A67EEA67A95
:106BB000FCEEE77ACDED047A9DF81010090241EA67
:106BC00003412346914C32460C912046012100F0AE
:106BD000EFFB2368192043F002032360FAF7B4FCAB
:106BE0000025192345EC44304FF480740F20884968
:106BF000F9F72EFE874B4FF00108C3F870414FF0B4
:106C0000A04401210F20F9F7E1FDDAF8003004215A
:106C100008FA03F3C4F850341A20F9F751FC0520A0
:106C2000FAF708FE07EE100ADFED7B5AB8EE477A56
:106C30009FED7A6AC7EE257AF3EE006A77EE867AE0
:106C400067EEA67AC724FCEEE77A754B75495D6658
:106C5000DD661D675C67C3ED1A7AC3F864801B6F3D
:106C60001B2083F064039BB20B67F9F79BFC642045
:106C7000FAF76AFC2C46DFF8DCB1DFF8DC916A4FEA
:106C80006A4EDFF8D8A1DBF800300494DBF800305E
:106C9000012BFBD04FF0FF32654BCBF800801D601D
:106CA000644BC9F800401D60634B3D7086F800805E
:106CB0001A60FFF7BDFADBF80030012BFBD04FF66E
:106CC000FF73DAF8002092B29A4243D10134202CAB
:106CD000D9D1DFF88C81D8F8003093423FD15748A2
:106CE000FCF728FE0599564891F8372091F8363080
:106CF000CDE9013291F8352091F83430009291F8C5
:106D0000332091F83210FCF795FE0520FAF792FD3A
:106D100007EE900AF8EE677A17EE900A0AF09CF8F0
:106D200033A3D3E90023FBF723F802460B4645487B
:106D3000FCF780FED8F800104348FCF77BFE1521D5
:106D40004248FCF777FE19214148FCF773FE6FF0CB
:106D50000B0043E0DFF80881049BC8F80040DBF833
:106D60000020DBF80020012AFBD001220421CBF80F
:106D700000203A70327040F28112C9F800302C4B7A
:106D800019602C4B1A604FF0FF322B4B1A60FFF743
:106D90004FFADBF80030012BFBD0D8F80010DBF8FD
:106DA0000020DBF80030012BFBD00122CBF80020C3
:106DB0003A7032704FF480521E4BC9F80010002117
:106DC0001A604FF0FF321A4B19601B4B1A60FFF725
:106DD0002FFADBF80030012BFBD0002011B0BDEC06
:106DE000048BBDE8F08F1946E9E61A4622E600BF9B
:106DF0000000000080842E410030205024C5002077
:106E00000000003BFF3F0A3E00008043000020508E
:106E1000510E0020002020508096184B0000003DAD
:106E200000800A4000900A40BAC50020BBC500207F
:106E300050530020585300204453002008110110E3
:106E4000281101104C11011064110110741101106E
:106E5000A011011054530020485300204C5300202F
:106E60009416002008B51920F9F79CFB19224FF061
:106E7000000343EC4020012343EC4420064A0A204F
:106E80001360FAF761FBFCF711FDBDE808404FF411
:106E9000FA60FAF759BB00BF008003400000000011
:106EA000014610B591F8372091F8363084B091F84A
:106EB0003540CDE901321A4891F8343091F8332049
:106EC00091F832100094FCF7B5FD0520FAF7B2FCFA
:106ED00007EE900AF8EE677A17EE900A09F0BCFF09
:106EE0000DA3D3E90023FAF743FF02460B460D48F2
:106EF000FCF7A0FD0C4B0D481968FCF79BFD152114
:106F00000B48FCF797FD19210A4804B0BDE8104072
:106F1000FCF790BDAFF300800000000080842E419C
:106F2000281101104C110110941600206411011059
:106F300074110110A011011030B500240A4A85B067
:106F40000A4B02920A4A1946019200941A460546D3
:106F500000F018FE28B143F2650320466B8705B0A8
:106F600030BD6FF00B00FAE7717B00103416011092
:106F7000096700102DE9F04F83B0FAF7D7FB7C4C7E
:106F8000D4E90023824263EB0103002BC0F2978017
:106F9000784BDFF820B2D3F80090DBF800304B4597
:106FA00088BF09F14009A9EB0309B9F1000F00F00E
:106FB0008180DFF804A2704C704D7149002001EB14
:106FC0008302B2F8028031F823105A1C1FFA88F8A5
:106FD00002F03F038FB24FF4C1724146CBF800304C
:106FE00000F076FF4FF0A04E3946C44607462368AE
:106FF00009F1FF399B0103EB0E0213695E01FCD41A
:107000004FF0FF33CEF8583423689B01B8F1000FDE
:1070100027D0CDE90089B9467A89D7F804E06245DE
:1070200028BF624603F1A04318694001FCD4554EC5
:10703000236806EB01089B012E6803F1A040114470
:10704000BCEB020C3F68C1F30B01C0F80080C0F834
:1070500004E08260C660DFD14F46DDF80080DDF8D5
:1070600004904FF0A0410B441A695201FCD44648E9
:10707000D1F85824DAF8001082420B69384610D053
:10708000984710B1384601F085F82A20FCF710FC2B
:10709000384601F07FF8B9F1000F0BD0DBF8003073
:1070A0008BE7984700285CD1B8F1000FEDD0B9F11B
:1070B000000FF3D103B0BDE8F04F05F0D5B9FAF7F2
:1070C00035FB4FF0FF366FF00045304BC31841F1F0
:1070D00000029E4275EB02013CBF33462A462C4813
:1070E000236003686260012B31D02A4B1A68012AA1
:1070F0003FF44EAF4FF0FF341A68012AFCD0012252
:107100001A604FF0FF330021234D03602D68234B9D
:1071100023481D60234B026019602348234B0170F4
:107120001A70FFF785F8671C3FF432AFDFF888A0CC
:10713000C4F38004DAF8000090F83930C3F3800318
:107140009C423FF425AF4CB100F02EFE20E7184AD8
:10715000104B14681A68012ACED1E4E700F03AFE19
:1071600016E7384601F016F8B8F1000F9FD18CE70A
:107170008842002014C4002058BD00205CBD0020BF
:1071800020C4002000200020E320BBDE20A1070057
:1071900044530020545300209416002048530020EC
:1071A0005053002058530020BAC50020BBC5002012
:1071B0004C53002020C5002000C4002008B5FFF774
:1071C000D9FEFCE72DE9F0470F460546F9F726FA08
:1071D000012297F804A097F905C005F12F4EDFF8BA
:1071E000D4800EF5600E02FA0AF24FEA1E5EBCF180
:1071F000000F58F82E6002F1FF32CAF1200435DB8F
:10720000A44503DC02FA0CF3334206D04FF0FF34FE
:10721000F9F716FA2046BDE8F087D5F86831F97914
:10722000002B41D14B0731D4644602FA0CF21642CE
:1072300033D13968BAF1000F10D0674601EB4A0A22
:1072400031F8023B07F11209B3F5005F38BF634420
:10725000514507F1010745F82930F1D1324348F88B
:107260002E20F9F7EDF92046BDE8F087002C02DA70
:1072700013E0013C11D302FA04F33342A446F8D1DF
:10728000D5F86811FB7991B95B07CED56FF00A0488
:10729000F9F7D6F92046BDE8F0876FF00804F9F752
:1072A000CFF92046BDE8F087C907BDD5EEE7D9077D
:1072B000BBD5EBE77C4500202DE9F0474FF40035C6
:1072C00001EB410600EBC60404F5435400EBC6068F
:1072D000D6F8DCA04FEA4108D6F8CC90E560BBB107
:1072E0004EF2800793FAA3FCBCFA8CFC22FA0CF550
:1072F00003F1FF3E4FEA4C1C05F001054CF08064A1
:107300003D4313EA0E03C6F8DC40C6F8D850E9D175
:10731000884400EBC800C0F8DCA0C0F8CC90BDE801
:10732000F08700BF2DE9F041D0F868419DF8186062
:10733000121B1F2A38D84EF29F044EF280054FF4DC
:10734000003801EB410C002E18BF254600EBCC04A1
:1073500004F5435400EBCC0C052BDCF8DC704FEA51
:10736000410EDCF8CC60C4F80C800CD95401053B0C
:1073700044F0A0540532052BCCF8DC4002F01F028B
:10738000CCF8D850F2D8714400EBC1010020520172
:1073900042EA8363C1F8DC30C1F8D850C1F8DC7030
:1073A000C1F8CC60BDE8F0816FF00400FAE700BFDF
:1073B000F0B5012504688D4024EA05040460B3B3E8
:1073C000D3E901561F68DC6801EB410300EBC303FE
:1073D000C3F8C8704FEA410CC3F8D060C3F8CC5072
:1073E000C3F8DC400CEB01034FF0013500EBC30C9C
:1073F0004FF0004600EBC30E01230EF5865E0C1D18
:1074000001F108078D40CEF8106003FA04F4CEF8BD
:10741000106002F01F028560BB4000F50050046060
:107420000EF1100E03600020CCF8D820F0BD4FF410
:1074300080374FF440264FF4F83501EB410400EB60
:10744000C404C4F8C8704FEA410CC4F8D060C4F852
:10745000CC50C4F8DC30C5E710B5054C82B001460D
:107460000F23002200940348F9F720F902B010BD61
:10747000CC1101109EC5002040BA80B2704700BFF9
:1074800000BA7047F8B5044608460E46174609F09C
:10749000ABFCB0B105462078A0B1274402E014F857
:1074A000010F78B104EB050C67450CD396F800C0CA
:1074B0008445F4D12A463146204609F007FB0028CE
:1074C000EDD12046F8BD0020F8BD00BF70B510F02A
:1074D00001044FF0000E06D0714528DD10F8013B85
:1074E000013963F31F2E012927DD034600228E1E7A
:1074F00049084D1E00EB410133F802CB8B42624438
:10750000FAD1C5EBC573023006EB4301A0EB430093
:10751000012904BF037863F3070E724493B203EBAF
:10752000124398B200EB134014B980B270BD70469C
:1075300000BAC0F30F4080B270BD0022E8E700BF80
:107540002DE9F843089C1B6824688846250C15FA29
:1075500084F414FA83F404EB1344A3B203EB14434E
:107560009CB2174604EB1344D8B105464FF000090E
:107570006E8968683146FFF7A9FF204484B2F3079B
:1075800004EB104404D524BA89F00109C4F30F4474
:107590002D68002DECD1B9F1000F02D024BAC4F34C
:1075A0000F444046FFF768FF05463846FFF764FF83
:1075B0002844204483B203EB104398B200EB1340FD
:1075C000C04380B2BDE8F883FFF7BABF70B510F0D2
:1075D00001044FF0000E05D029B310F8013B01392A
:1075E00063F31F2E012932DD02464FF0000C8E1E80
:1075F00049084D1E00EB410332F8021B9A428C44AD
:10760000FAD1C5EBC573023006EB4301A0EB430092
:1076100001290ED0F4441FFA8CF303EB1C4399B2FA
:1076200001EB134114B109BAC1F30F41C94388B248
:1076300070BD037863F3070EE6441FFA8EF303EB85
:107640001E4399B201EB1341002CEFD0EBE74FF052
:10765000000CDDE7F8B1F8B5002705463C466E8919
:1076600068683146FFF732FF0444A3B203EB1444C9
:10767000F30704D524BA87F00107C4F30F442D683B
:10768000002DECD127B120BA6FEA104080B2F8BDCE
:10769000E04380B2F8BD4FF6FF70704708B500F0C8
:1076A00047FF00F00DF800F0E3F900F05FFA04F096
:1076B00009FF00F097FFBDE8084004F0A1BE00BF3D
:1076C000012110B400244FF4C8620B4B0B4823F087
:1076D000030383F844160A491C710A4C0360C3F87B
:1076E0004016094809491A60236013445DF8044BA9
:1076F0000360A1F8AA20704793BD002088BD002038
:1077000040064006585200208CBD002060520020E8
:1077100000287DD083072DE9F0476DD13D4AA0F1C7
:1077200008031168994267D83B4C00F10C022468A9
:10773000944261D310F8042C002A5DD030F808CCB4
:10774000BCF5C86F58D830F8065CB5F5C86F53D88B
:10775000A3EB010E1FFA8EFEAE4501EB050902D028
:107760004A5B724548D101EB0C06B44202D07288E4
:10777000724541D10022DFF8A8A0DFF8A08000F810
:10778000042CDAF80070B8F8AC209F42A2EB0C028F
:1077900084BF1F46CAF800307244B342A8F8AC2038
:1077A00017D03279AAB9B44213D0B6F800C0B742A4
:1077B00004BF1F46CAF80030BCF5C86F20F808CCDB
:1077C00007D001EB0C02A2F802E030F8065C01EBF6
:1077D00005094B450ED099F804205AB99F4208BFBD
:1077E000CAF80090BCF5C86F18BF6144A9F800C082
:1077F00018BF4D80BDE8F08708F094FEBDE8F04763
:10780000064AB2F8B0300133A2F8B03008F092BEA8
:10781000704700BF88BD00208CBD00206052002052
:1078200058520020CB1C23F003039BB20B2B2DE9F5
:10783000F04104464CD9B3F5C86F4CD899424AD8A8
:10784000424A1168A14249D8414A1268A24245D928
:1078500034F808ECA4F10802521AAEF1080092B212
:1078600080B2A0EB020C1FFA8CFC9C4533D32CD0C9
:1078700001EB0E052E79002E3BD003F11405ADB2BD
:10788000654522D8334E02F108051D441FFA85FCD8
:10789000356801EB0C07BD4288BF376000263E719A
:1078A00021F80CE07A8024F808CC31F80C60121A28
:1078B000B6F5C86F1CBF8919A1F802C02649B1F8F6
:1078C000AC0002441344A1F8AC302046BDE8F0817E
:1078D0000C239942B4D90020BDE8F08108F022FEC3
:1078E0001D4AB2F8B0300133A2F8B03008F022FEE1
:1078F000EBE7184E02F1080C37689C44AF424FF09A
:10790000000531F80E801FFA8CFC01EB0C0E8EF88E
:10791000045021F80C80AEF8022024F808CC31F88D
:107920000C5008BFC6F800E0B5F5C86F18BF6D1859
:107930000949A2EB0000B1F8AC2018BFA5F802C0BD
:1079400010441844A1F8AC00BFE700BF88BD002078
:107950008CBD00205852002060520020B8B300F1C6
:10796000030C2CF0030C1FFA8CFCBCF10B0F2AD972
:10797000BCF5C86F2BD8604529D82DE9F04F384B9E
:10798000384F1C683E68CCF5C86E331B9AB29645DA
:1079900013460FD96FF00709A01898460579A35A26
:1079A00011461A4625B9A9EB01011944614510D2C7
:1079B0009E45F1D82C4A0020B2F8A8300133A2F835
:1079C000A830BDE8F08F4FF00C0C6045D5D90020F1
:1079D0007047254A0CF1140A5145B2F8AC90B2F840
:1079E000AEE010D20121A9EB08094B449BB27345CC
:1079F0000171A2F8AC3001D9A2F8AE30864222D093
:107A00000830BDE8F08F4FF0010A0CF10801414445
:107A100089B204EB010B8BF804506352ABF802807F
:107A2000018080F804A0635A09F10809B3F5C86F12
:107A30001CBF1B1959800CEB09039BB27345A2F8BC
:107A4000AC30DBD9D8E7337943B1084B1A6803E08F
:107A50003688264433790BB1B242F9D13E60CFE784
:107A600088BD002058520020605200208CBD0020AC
:107A70002DE9F04304244FF00009154DDFF860E0D4
:107A8000144E154B154F05F12808033355F8042BF8
:107A900023F00303C7F800906CB10021B2F804C0D2
:107AA0000A4600E003460132A242196003EB0C00D3
:107AB0001946F7D13B60A84574804EF8046F05D095
:107AC0002A681668D488D2E90237DEE7BDE8F08379
:107AD00010150110ACBC002090B500200CBD00209A
:107AE00010530020092838B51DD8104B53F82050EA
:107AF00008F018FDEB6801461C682A6874B120681C
:107B000018609388D08801339BB2984293800846CE
:107B100038BFD38008F00EFD204638BD13880133EE
:107B2000138008F007FD0024204638BD1015011011
:107B3000092814D838B50C4681B1094B53F82050A8
:107B400008F0F0FC2968EA688B88013B8B80136899
:107B500023601460BDE8384008F0ECBC38BD7047C5
:107B6000101501106FF00B00704700BF704700BF89
:107B700091F8393013F0180F01D008F023B907F04D
:107B80006DBA00BFF0B583B0099F00287ED0002FEA
:107B90007CD00E460899044641620A99424D016123
:107BA00000204249C4E90100002E08BF0E46002A09
:107BB00008BF0A46002B08BF0B463D49E0606161E3
:107BC000297884F8390084F83C10A062E0623168BA
:107BD0001268C4E9070020862064002959D022B326
:107BE000A2601B6803B1E36033680BBB2046B84753
:107BF000034600284AD12F4E94F83C103068FF29E4
:107C000004BF194684F83C3000282ED0034601E01A
:107C10001B6853B393F83C208A42F9D10131C9B2B1
:107C2000FF292ED084F83C10F0E71B68002BDAD136
:107C3000336868460193002301A9009301F034FDE5
:107C4000684601A904F008FF684601A900F052FC4B
:107C500001AA6946204608F01FFE3268E3696260A7
:107C6000002BC3D020469847C0E7FE29206008BFFC
:107C7000002320461CBF4B1CDBB22B70346003B0CA
:107C8000F0BD0023194684F83C30BFE7002003B064
:107C9000F0BD22B91B68002BA8D0E360A6E7A26064
:107CA0001B68002BF9D1A1E7BCC5002034160110D8
:107CB000657B00102CBD0020F0B52E4D0446002938
:107CC00014BF0E462E46002A14BF17462F46002B1F
:107CD00018BF1D46336883B06BB100213B68A268B2
:107CE000934218BFA3602B68E268934218BFE36019
:107CF00029B103B0F0BD426802BB0121EEE7636821
:107D000032689A42F5D0684601A9CDE9003201F007
:107D1000CBFC684601A904F09FFE684601A900F06B
:107D2000E9FB01AA6946204608F0B6FD3268E3691E
:107D30006260002BDDD020469847DAE7684601A94B
:107D4000CDE9002301F0B0FC684601A904F084FEEF
:107D5000684601A900F0CEFB6946204601AA08F05A
:107D60009BFD33686360E369002BC6D020469847CB
:107D7000C3E700BF34160110014B1860704700BF05
:107D800028BD002050B190F83920D10706D4C16930
:107D900042F0010280F8392001B10847704700BF66
:107DA00000B1C161704700BF98B110B590F839308B
:107DB00004465A0700D510BD43F0040380F839305B
:107DC00005F072FF236A002BF5D02046BDE8104075
:107DD0001847704798B110B590F8393004465A07E3
:107DE00000D410BD23F0040380F8393008F008FCFB
:107DF000236A002BF5D02046BDE810401847704795
:107E000000B10162704700BF024658B1064B1868C6
:107E100010B907E0006830B190F83C300133DBB2B4
:107E20009342F7D1704770472CBD002070B50546CE
:107E300088B3002606E028462B6998470136F6B23B
:107E4000ECB1254608F06EFBAC7B013CE4B2AC73B0
:107E500008F070FB9CB96B7B2C689B07EBD42B7BE9
:107E600003F00F03022B0CD0012B0FD0002BE5D118
:107E700028460136FFF74CFCF6B2002CE1D1304623
:107E800070BD29460920FFF753FED7E72946082091
:107E9000FFF74EFED2E70646F1E700BF08B508F04F
:107EA00041FB0022084B1A7008F044FB074B18688E
:107EB00010B908E0C06830B1436F002BFAD0BDE8BC
:107EC000084001F03BBC08BDBEC5002048C50020ED
:107ED0002DE9F8430026B2F5C17F61F30F0688460D
:107EE00061F31F4631D0154609D822F04003012B1B
:107EF0009CB25ED04FF000094846BDE8F883B2F569
:107F0000207FF7D1C31C01F1030828F0030823F0F8
:107F1000030343449BB20446434503F1100080B27F
:107F2000E8D38045E6D8FFF719FD81460028E3D065
:107F3000002203192E49133323F00303C160C0E963
:107F4000013602604846BDE8F8830026074640F245
:107F5000EC54B146274D07E01FFA81F83060B8F1C4
:107F6000000FC9D0002706460920FFF7BBFDFB1C08
:107F700023F00303E31A9BB258B3434528BF43469B
:107F800000220744133727F00307C0E90027A8EBB6
:107F90000301A0F808804381C560B9F1000FDBD16F
:107FA000A8EB03031FFA83F88146B8F1000FD9D17B
:107FB000A2E70820FFF796FD814600289CD0002309
:107FC0000573C4814373C0E9003386604846BDE849
:107FD000F88308F0A7FA0122074B1A7008F0AAFAF2
:107FE000B9F1000F86D04846FFF720FF82E700BFB7
:107FF0008000010082000100BEC5002070B4002492
:10800000033061F30F04BDF810C020F0030061F3EA
:108010001F4401446145039D0DD805B10544002668
:1080200002211A73012218465D609C601E6059731C
:10803000DA8170BC7047002070BC704738B50446C8
:108040000089884228D96289914211D92181246806
:108050008B1A6289081A99B28A4280B208D223899F
:10806000891A03442381246889B262898A42F6D33B
:108070000025237B61F30F05180761F31F4504D129
:108080008A4202D0637B9B0707D52068A56008B1B0
:10809000FFF7CCFE0023236038BD636820461B1B1E
:1080A000194489B2FFF7BEFBEFE700BF70B1B1F52D
:1080B000803F0BD2E9B103898AB213449BB29A4242
:1080C00004D890F90CC0BCF1000F01DB012070470F
:1080D00010B4446800F1100C611A61450BD3B0F87C
:1080E0000AC0416062444281038100205DF8044B74
:1080F0007047002070470120F8E700BFA0B1B1F53C
:10810000803F11D291B143898AB29A420CD810B4FF
:1081100044689B1A0C44018944608A1A4381028195
:108120005DF8044B00207047012070470020704725
:10813000002910B41BDBB0B141B303898AB21344E8
:108140009BB29A420FD84468611A90F90C40002CF7
:1081500005DB4489416022444281038116E000F13D
:108160001004A142F5D201205DF8044B704749424A
:108170000028F8D043898AB29A42F4D844689B1AFE
:108180000C44018944608A1A4381028100205DF811
:10819000044B704708B1FFF749BE7047034630B142
:1081A00000201B68013080B2002BFAD17047704765
:1081B00050B110B5044608F0B5F9A37B0133A373A1
:1081C000BDE8104008F0B6B9704700BF80B179B182
:1081D000036843B10289B1F808C0624402811846BD
:1081E0001B68002BF6D10A890389016013440381BF
:1081F000704700BF10B50C46C0B1C9B103683BB1B0
:10820000028921890A44028118461B68002BF7D194
:108210002289038904601344038108F083F9A37B56
:108220000133A373BDE8104008F084B90029F4D1EC
:1082300010BD00BF002900F082802DE9F843984668
:108240000B890F469342154676D30646002873D015
:10825000028908EB05039A426EDB4FF0000974892E
:108260007B89A4EB0804A3EB09039C4228BF1C46AE
:10827000AC4228BF2C467068796822464044494485
:1082800008F03CFD7A89A1442D1B4A457389A0441E
:10829000ADB216D83F684FB398451BD079893A895B
:1082A0004FF00009914211D032899A4202D0002D3C
:1082B000D5D12EE03368002BF9D06FF00500BDE872
:1082C000F883984508D039899142EDD13A68002A5F
:1082D000EAD0F2E74FF000093668AEB17A893B89FF
:1082E0009A4219D04FF000087389DDE725BB984505
:1082F00016D032899A420CD13368002B14BF6FF02C
:1083000005000020BDE8F883B5B93A897B899A4217
:108310000BD00020BDE8F8833B68002BE2D0CCE70F
:108320003668002EF5D07389E3E73B68002B14BF55
:108330006FF005000020E5E76FF00F00E2E76FF057
:108340000F00704719B100230A89FFF773BF6FF060
:108350000F0070472DE9F041054670B10F4681B31B
:10836000164692B3B5F80AC05BB16345A3EB0C02A5
:1083700007D32D6893B2002DF4D1A8464046BDE83E
:10838000F0814FF0000804E0002DF7D00023B5F88D
:108390000AC0ACEB0304A4B2B44228BF34466968F7
:1083A000361B224607EB080019444444B6B208F0D5
:1083B000A5FC1FFA84F82D68002EE5D14046BDE8E3
:1083C000F08188464046BDE8F0819046D6E700BF80
:1083D00038B514460A462189FFF77AFD054620B1D3
:1083E000002321462289FFF725FF284638BD00BF1C
:1083F0002DE9F04781463C4FDFF8F4803968786911
:1084000007F0A8F8D9F80430D8F800405D7A002CBD
:108410005DD0002830D1064603E0E36826464BB322
:108420001C46237CAB42F8D1227A32B17B6893F8A8
:108430003C300133DBB29A42EFD1226812B17B6942
:108440009A42EAD1637CDA0703D562683B699A42B3
:10845000E3D1D4F814A0BAF1000FDED04A46214689
:10846000224BA069D047002833D1E368022026467A
:10847000002BD5D1BDE8F0870020064604E0E36874
:108480002646002BF6D01C46237CAB42F7D1227A3D
:1084900032B17B6893F83C300133DBB29A42EED1C3
:1084A0002368002BEBD1637CDB0703D562683B6953
:1084B0009A42E4D1D4F814A0BAF1000FDFD04A46B2
:1084C00021460A4BA069D04718B90220D7E72046B9
:1084D000D0E736B1E268D8F80030F260C8F8004062
:1084E000E3600120C6E700BF3C5200204C52002050
:1084F000ECC3002088B102687AB171B10B6863B136
:108500000A4B1B684BB110B41C68944206D0DB6860
:10851000002BF9D15DF8044B704770470A681A6068
:10852000DB68002BF6D00268EEE700BFECC300204A
:10853000704700BF70B50646806F18B1FFF72AFE7E
:108540000023B367746FB4B1D4E9005058B1FFF79A
:1085500021FE21460420FFF7EBFA55B12C46D4E961
:1085600000500028F3D121460420FFF7E1FA002D46
:10857000F4D1002373674FF6FF73F46E3386A4B112
:10858000D4E9005058B1FFF705FE21460420FFF75B
:10859000CFFA55B12C46D4E900500028F3D121463A
:1085A0000420FFF7C5FA002DF4D1346FA4B1D4E94B
:1085B000005058B1FFF7EEFD21460420FFF7B8FA4E
:1085C00055B12C46D4E900500028F3D121460420AF
:1085D000FFF7AEFA002DF4D10023C6E91B33A6F84D
:1085E000683070BD704700BF01460220FFF7A0BA97
:1085F000F8B52E4B002914BF8C469C46002852D05B
:10860000037D002B4CD12AB3294D05F1100E2B68A8
:108610001B6813B90EE0DB6863B1D98A9142FAD1C5
:10862000196821B1DCF800400CB1A142F3D16FF020
:108630000700F8BD0435AE45E9D1DCF8003003B1E0
:1086400003601C4BC2821A681860C26003F0A2FE6D
:108650000020F8BD4FF480454FF6FF7E164E174FB1
:108660003288013292B2724508BF4FF44042104C3A
:1086700023681B6813B90CE0DB6853B1D98A9142B7
:10868000FAD1013DADB2002DEBD132806FF0010087
:10869000F8BD0434BC42EBD13280002ACDD1F5E7DD
:1086A0006FF00500F8BD6FF00F00F8BD3416011033
:1086B000D81501104CC500209C160020E8150110AB
:1086C00038B5002831D0037D0446002B2DD103207E
:1086D000FFF708FA054640B301222169E38A0275D3
:1086E0000161C382627D4275A26882602268026075
:1086F0006BB921460220FFF71BFA114B11491A688A
:10870000A961EA601D6003F045FE284638BD0E4AA7
:1087100013689C420CD02BB1DA6894420BD01346FC
:10872000002BF9D10023E360E3E70025284638BD9C
:10873000E3681360F6E7E268DA600023E360D8E7F5
:1087400054C50020DD8E00104CC5002030B540F629
:10875000683E028DC16A458E446A0346501A7545CB
:10876000204494BFA0EB050CA0EB0E0CBCF1000F55
:1087700005DA091B4BBF0022002010468AB25A8539
:1087800030BD00BF002833D041F2D063028D30B538
:10879000114489B2994219D9194640F6683EC26A15
:1087A000458E446A754594BF02EB050C02EB0E0C36
:1087B0002344A3EB0C0CBCF1000F01850ADB40F253
:1087C000B3549B1AA34241850AD830BD8A42E3D8EC
:1087D0000B46E2E7121B4ABF00234285438530BDAA
:1087E000438BBDE8304043F00203438303F09ABA61
:1087F000704700BF2DE9F04FA74EA84F32683B7875
:1088000001320133DFF8A8A287B032603B70A44B7D
:108810001C68002C53D04FF000083A78A37F934295
:1088200000F0F480237DA277022B94F8422000F020
:10883000CA800B2A40F2F0804FF00109062B00F0AD
:10884000B180627A120740F18380042B40F0658189
:108850003268D4F89400216A924D511A00F524220E
:1088600002F6B842A5FB0252B1EB521F40F23D8125
:10887000656F09F101094FF0010B5FFA89F9002DCD
:1088800000F02881B4F9402002EB4202B1EB420F24
:108890006ED2237D032B50D0092B21D0B9F1000FCC
:1088A00040F01881237F627F0133DBB29A42E56892
:1088B000237740F29580A0462C46002CADD17A4F0C
:1088C0000024396849B133680A6A9B1AF02B00F218
:1088D00035810C46C9680029F5D107B0BDE8F08F95
:1088E0003368226A9B1AF02B2CD9D4F8905020467A
:1088F000FFF720FEE368B8F1000F00F03581C8F8FB
:108900000C30BBF1000F40F00C81D4E903B92146D3
:108910000220FFF70DF900238AF8003045B16FF00F
:108920000C014846A8479AF80030002B7FF46FAF3F
:108930005C46002C7FF471AFC1E73368226A9B1A52
:10894000282BD2D8B9F1000FACD0CEE74FF00109F7
:10895000656F002D00F0C7803268236A4FF0000B6E
:10896000D11AB4F9402002EB4202B1EB420F90D38E
:108970000594D5E9004058B1FFF70CFC29460420C6
:10898000FFF7D6F854B12546D5E900400028F3D1C9
:1089900029460420FFF7CCF8002CF4D10023059CD5
:1089A000636776E7628BD00600F18480627A1107F4
:1089B000CED4656F002D00F0DA803368226A4FF064
:1089C000000B991A5EE7052AC0D894F89920002A6E
:1089D00051D094F89A100B2926D94FF0010930E7AD
:1089E0000023D4F88C2023778AF8003052B1214636
:1089F000206990479AF80030002B7FF408AF0028D8
:108A00007FF459AF204603F08DF954E7A046E4689F
:108A1000002C7FF402AF52E794F899205AB394F8EF
:108A20009A100B293FF608AF20490A4412F8011C9E
:108A300094F898208A42C0F0DB80B4F8605035B9D1
:108A4000204603F09BFB48B1A946237DF6E6294664
:108A5000204602F069FE002800F0D4804FF00009A3
:108A600094F8993084F89890062B9CBF013384F8D1
:108A70009930237DE2E647F6FE70B4F9302091B2DA
:108A8000814202D801310AB22286B4F940109142E3
:108A90006FDD4FF00009D1E658C50020C2C50020A7
:108AA00048C50020D34D62105CC50020E8150110B8
:108AB000C0C500203168226A891A28297FF679AF5B
:108AC000656F09F101094FF0000B5FFA89F9002D7C
:108AD0007FF4D8AE012BD4F890507FF60BAF0A2B61
:108AE0007FF405AF06E7AB46D3E694F89B204B4DE9
:108AF00005FB02004A4AA2FB0020B1EB501F7FF6A3
:108B000058AF204603F0F6FA00287FF421AF94F81E
:108B10009B30013384F89B301AE7072B3FF498AE63
:108B200016E7238B626A216D0293E38A2046019344
:108B3000231D0093234602F0F5FFE6E60B7D012B93
:108B400006D90A2B04D008460591FFF7F3FC0599D6
:108B5000CD68002C54D0E5600220FEF7E9FF2946DD
:108B600000297FF4B0AEB8E62E4A1360C9E6AB46E2
:108B700094E6204602F040FF237D28B1226F002AB0
:108B800087D1E26E002A46D0022B14D094F84230EE
:108B900047F6FF720C2B28BF0C232349B4F93C0085
:108BA000C95CB4F93E3003EBE0038B409342A8BFAD
:108BB0001346A4F84030B4F84820B4F860304FF0C1
:108BC0000009934228BF1346628E5B08A4F8482030
:108BD000520092B2934238BF13462046A4F84A305E
:108BE000A4F83090A4F86A9003F03CFA237D25E6BF
:108BF0000132D2B28A4284F89820FFF44AAF1CE7CF
:108C00003D60A9E7204603F08DF800287FF426AFE9
:108C10008146237D12E6914610E600BFF82401004C
:108C2000D34D621048C50020F0150110B8B138B519
:108C30000446D4E9005058B1FFF7ACFA21460420AD
:108C4000FEF776FF55B12C46D4E900500028F3D149
:108C500021460420FEF76CFF002DF4D138BD70478B
:108C600058B110B50446406808B1FFF793FA2146A1
:108C7000BDE810400420FEF75BBF704700B14175AE
:108C8000704700BF38B505460420FEF72BFF0446A9
:108C900050B168682968AA68EB6860606068216004
:108CA000A260E360FFF784FA204638BD00B101619D
:108CB000704700BF08B1C0F88410704708B1C0F811
:108CC0008010704708B1C0F89010704718B1037D4C
:108CD000012B08BF8161704710B1C0F88C1042773A
:108CE000704700BF30B1037D012B03D90A2B01D09F
:108CF000FFF720BC704700BF036810B58B420C46DD
:108D00001DD02BB1DA68A24221D01346002BF9D135
:108D10000022237DE2605BB10A2B0CD0012B0AD02C
:108D20002046FFF707FC237D0A2B04D0012B02D03D
:108D3000638BDA0713D400232375E38210BD00226E
:108D4000CB680360237DE260002BE5D1F0E7E268A9
:108D5000DA600022237DE260002BDDD1E8E743F0FA
:108D600002036383204602F0DDFF00232375E382C4
:108D700010BD00BF002800F0A4802DE9F04F037D56
:108D800005460A2B87B000F09180D0F89020D0F8EB
:108D900050A0D0F824B0D0F81090B0F8168005920A
:108DA000002B58D1B8F1000F61D14FF000084646B2
:108DB0002C6FA4B1D4E9007058B1FFF7EBF921464C
:108DC0000420FEF7B5FE57B13C46D4E900700028F8
:108DD000F3D121460420FEF7ABFE002FF4D1EC6E58
:108DE000A4B1D4E9007058B1FFF7D4F921460420AA
:108DF000FEF79EFE57B13C46D4E900700028F3D13F
:108E000021460420FEF794FE002FF4D16C6FA4B12C
:108E1000D4E9007058B1FFF7BDF921460420FEF7F0
:108E200087FE57B13C46D4E900700028F3D12146B3
:108E30000420FEF77DFE002FF4D13EBB2946022020
:108E4000FEF776FE059B7BB16FF00C01484607B03C
:108E5000BDE8F04F18470E4601461A48FFF74CFF91
:108E60000122194B1A70A3E707B0BDE8F08F174A2B
:108E70001368834217D033B1DA68AA4201D013468F
:108E8000F9E7EA68DA600023EB608EE7CDF804804A
:108E90002B8B5A4602932B1D009351462B46284696
:108EA00002F040FECAE7C3681360ECE701460848D9
:108EB000FFF722FF2946022007B0BDE8F04FFEF77A
:108EC00037BE704748C50020C0C500204CC50020F3
:108ED0005CC500200121FFF74DBF00BF08B5084663
:108EE0000121FFF747FF6FF00C0008BD2DE9F041AD
:108EF00007460220FEF7F6FD044620B39C2200211F
:108F0000204607F02DFD40F66830FF214FF0061295
:108F1000724BA4F86400A362714B72481B68724DD7
:108F20000078E172C4F83E207049714A2362714BA7
:108F300067752563A077A164C4F88420C4F89430D1
:108F40002046BDE8F081DFF8B881D8F80050CDB1F7
:108F50002E46738BED681A07F9D523F00803738347
:108F6000337D042B03D0072B2DD0032BEFD13046BC
:108F700002F08AFC58BB05233046337502F0D2FE5E
:108F8000002DE5D15C4B1B688BB10021544A106861
:108F90001A6A821A914298BF1C46DB6898BF114634
:108FA000002BF5D11CB101212046FFF7E3FE022082
:108FB000FEF798FD0446B8B1504BD3F8BC20138897
:108FC000013B13809AE7304602F05EFC30B101307D
:108FD000BDD1738B43F008037383B8E70923304690
:108FE000337502F09FFECBE7D8F8001091B122460E
:108FF0003B4B18680B7D092B05D10B6AC31A9A42AB
:109000009CBF0C461A46C9680029F3D114B120460A
:10901000FFF7B0FE0220FEF765FD044638B1374B7E
:10902000D3F8BC201388013B9BB21380C8E7D8F863
:10903000001091B122462A4B18680B7D082B05D1F0
:109040000B6AC31A9A429CBF0C461A46C96800298B
:10905000F3D114B12046FFF78DFE0220FEF742FD4A
:10906000044638B1254BD3F8BC201388013B9BB292
:109070001380D8E73B062ED4F7B13A46D8F8003033
:10908000013AD2B2C3B1164900250E6805E0186A4C
:109090000A461C46351ADB684BB1597D9142F6D31E
:1090A000F9D1186AA6EB000CAC45F4D3F0E71CB17B
:1090B00001212046FFF75EFE0220FEF713FD044665
:1090C00000283FF43DAF0D4BD3F8BC201388013B83
:1090D0009BB21380CAE77F22D0E700BFD016D0161C
:1090E00058C50020C2C50020FFFF18020100680B10
:1090F0009992001000DD6D005CC5002060520020D8
:1091000048C500204020FFF7F1BE00BF10B504465F
:10911000037D84B0002938D0042B58D0072B68D0A9
:10912000012B12D0022B46D0002B36D1E38A002B24
:109130003CD0534A1368A34200F09E80002B33D0EA
:10914000DA68A2422ED01346F8E700204D4901F11B
:109150000C0C51F8043F1A682AB1D36F9C420FD00F
:10916000D268002AF9D18C45F3D121464648FFF751
:10917000C3FD21460320FEF7DBFC002004B010BD38
:10918000D067D268002AE8D1EDE7012BDDD0022BB1
:1091900011D0002BCAD0042B20D0072B5CD0032B7E
:1091A000EBD11BE0E268DA600023E3602146022095
:1091B000FEF7BEFCE1E721463448FFF79DFD0122A2
:1091C000334B022021461A70FEF7B2FCD5E7836FBD
:1091D000B3B941F2D063028D9A4211D1204602F018
:1091E00053FB00283ED105232046237502F09AFD4B
:1091F000C3E7836F23B941F2D063028D9A422BD02B
:10920000208BE28A211DCDE90120626A009123466C
:109210002046216D02F086FC237D012B04D90A2B08
:1092200002D02046FFF786F9184A1368A34205D0FA
:1092300033B1DA68A2421CD01346F9E7E368136041
:1092400000200121134B124A1B68E060A3421170F9
:10925000ACD101F0EBFD90E7204602F015FB08B918
:109260000923C1E7431C89D1638B43F0080363835F
:1092700083E7E268DA60E3E7E368136094E700BF3E
:109280004CC50020D815011054C5002048C5002049
:10929000C0C5002050C5002000294FD0084662B349
:1092A00041F2D06170B51389048D82B023449BB222
:1092B0008B421ED90B4640F6683EC46A468E456A0C
:1092C000764594BF04EB060C04EB0E0C2944A1EB8D
:1092D0000C0CBCF1000F03851BDB091B40F2B354DF
:1092E000A14243850CD81046FEF754FF002002B07F
:1092F00070BD9C42DED81946DDE7ABB10020704757
:10930000438B019243F00203438302F00BFD019A69
:10931000E9E7641B4ABF0023448543851046FEF7F6
:1093200039FF002002B070BD0B7D012B03D04B8BA9
:1093300043F010034B830121FFF7E8BE6FF00F00ED
:10934000704700BF00285FD0F8B50023856FD0F8C4
:1093500084606F7B0446836756B101462A460069E4
:10936000B04738B30D303AD06FF00400A567F8BDB0
:1093700041F2D062018D2B890B449BB2934231D9CB
:10938000134640F66836E16AB4F832C02385B44526
:1093900094BF01EB0C008819666A3244101A002849
:1093A00024DB638540F2B353521A9A4224D82846EC
:1093B000FEF7F0FEBB0610D541F2D062238DD4F843
:1093C000845093421CBF0133238535B100232146CD
:1093D0001A462069A8470D3001D00020F8BD6FF073
:1093E0000C00F8BD9942CBD81A46CAE7891B4ABF80
:1093F000002361856385DAE7638B204643F002032F
:10940000638302F08FFCD2E76FF00F00704700BF5C
:109410002DE9F84300272B4DDFF8B0802B782A4E3A
:1094200001332B70D8F80040BCB12A78A37F934257
:1094300015D0638BA277D90727D41A0711D4A36F4D
:10944000D4F80C9033B120463770FFF77BFF3378A8
:10945000002BE7D14C46002CE7D1BDE8F883E46847
:10946000E2E7227D23F00803042A638303D0072A5E
:1094700017D0032AE3D1204602F006FAA8B9052343
:109480002046237502F04EFCD9E743F002036383C4
:10949000204602F047FC638B23F003039BB26383F7
:1094A000CBE7204602F0F0F930B10130C7D1638B31
:1094B00043F008036383C2E709232046237502F0C3
:1094C00031FCBCE7C2C50020C0C5002048C5002053
:1094D00008B5FFF79DFF064A13780133DBB213701E
:1094E000DB0700D408BDBDE80840FFF783B900BF23
:1094F000C1C50020002800F0AF8030B5057D0446CE
:10950000012D85B07CD0438B042D43F010034383A1
:1095100035D1836F23B941F2D063028D9A425FD077
:10952000208BE28A211DCDE90120626A0091234649
:109530002046216D02F0F6FA237D012B04D90A2B77
:1095400002D02046FEF7F6FF454A13689C4242D0FF
:109550002BB1DA68944271D01346002BF9D1002068
:109560000121404B404A1B68E0609C42117068D06A
:1095700021460220FEF7DCFA002005B030BD072DA1
:109580000CD1836F002BCBD141F2D063028D9A4274
:10959000C6D102F079F960BB092325E0022D0ED077
:1095A0001CD8C38A002BE3D0304A1368984250D0AD
:1095B000002B4BD0DA68944246D01346F8E70146B8
:1095C0002748FFF799FB0122274B214628461A70AE
:1095D000FEF7AEFAD0E7E3681360C0E7032DCBD106
:1095E00002F052F928B905232046237502F09AFBB0
:1095F000C2E7431CC1D1638B43F008036383BBE71D
:1096000000201B4901F10C0551F8043F1B682BB1E8
:10961000DA6F94420DD0DB68002BF9D18D42F3D183
:1096200021461448FFF768FB21460320FEF780FA25
:10963000A2E7D867DB68002BEAD1EFE7E268DA60DF
:109640008DE701F0F3FB97E7E268DA600023E3605F
:109650008EE7C3681360F9E76FF00F00704700BF33
:1096600048C5002050C50020C0C500204CC50020C2
:10967000D815011054C50020034B044A186812681D
:1096800010441860704700BF9816002058C500208D
:1096900049B10B8E3BB1282B38BF2823283B9BB206
:1096A000984228BF1846704700283FD0036870B51D
:1096B000054603B970BD1E4A0E46106878B10268AF
:1096C000C4689A4206D054B120462B680268C46828
:1096D0009A42F8D10121FFF74DFB002CF4D1154B34
:1096E0001C6854B122682B6820469A42E468F8D17D
:1096F0000121FFF73FFB002CF4D1002EDAD03368B4
:10970000002BD7D00C4B1A68002AD3D02B681168D5
:10971000994205D0D268002ACCD011689942F9D17B
:1097200033681360D268002AF0D170BD704700BF63
:1097300048C500204CC5002054C5002070B5446FBA
:10974000BCB10646D4E9005058B1FEF723FD2146CE
:109750000420FEF7EDF955B12C46D4E9005000285D
:10976000F3D121460420FEF7E3F9002DF4D10023C4
:10977000736770BD644B2DE9F0431E8876B30024F7
:10978000624B634D1F682C80002F79D02246614BBD
:10979000DFF88481B3F800C09646531C9BB2A3EB5C
:1097A0000C01013996421FFA8EF9C9B240F2A48029
:1097B000CC4515D8795C012918D002291AD061B19D
:1097C0009C4558D9544909680B441B7D012B40F234
:1097D000988013449AB20124DEE72B80BDE8F08321
:1097E000D8F800107144097D0129E6D101241A46F8
:1097F000A644D2E7911C9C4589B227D9464C2468DF
:1098000023441B7D042B27D14B1CB34224DAD31CE9
:109810008C4502F104029BB292B21FD8A1EB0C015D
:10982000C9B2795C9C454FEA01211FD8A3EB0C0318
:10983000DBB2FB5C40F2B35E40F2B4540B43591E02
:1098400089B2714588BF23464386C4E7A3EB0C0366
:10985000DBB2FB5C042BD7D02980BFE72E4C9C45A4
:1098600024682144097D4FEA0121DFD92A4C24686C
:1098700023441B7DDEE7A3EB0C03DBB2FB5CA5E717
:109880003C462246244B02F114011F68531C9642A9
:109890009BB231D97C5C012C2BD0022C0BD0002C3C
:1098A0009BD03B441B7D012B2BD913449AB201243E
:1098B00002F11401EAE73B441B7D911C042B89B2A1
:1098C000CAD14B1CB342C7DA40F2B35C40F2B45485
:1098D000D31C394417FA83F3097D1B7D043243EA14
:1098E0000123591E89B2614588BF234692B243863F
:1098F000DDE71A460131C9E7002C3FF46FAF2A803B
:109900006CE702322A8069E7ACC5002064C50020FC
:10991000A8C50020AAC5002060C50020F8B5C3680E
:10992000054698890C46FDF7A7FDC20734D41C4EA6
:10993000E1682B8937684868B4F808C03B441A1AB4
:10994000A2EB0C02002A1CDB8889FDF795FDC307FA
:1099500008D420462468FFF783F9002CE8D10024BE
:109960002C60F8BDEB6801209F89FDF785FDEB6851
:109970000743204624689F81FFF772F9002CD7D156
:10998000EDE7C31A002BEBDAC11B89B268682981A5
:10999000FEF754FB2C60F8BD2046FFF747F9DEE7E1
:1099A00028C50020438B10B5DB06044606D4D0F84A
:1099B00090301BB16FF00E010069984721460448B2
:1099C000FFF79AF92046FEF70FFE012010BD00BFF9
:1099D00048C500202DE9F84FC04B04461B78C04D08
:1099E000D80648D4BF4F3A882B686AB9626A991A78
:1099F0000029C0F21C81218D013A0A44D31A002BA0
:109A0000C0F21581BDE8F88F217D0629EED8606A85
:109A1000C11AB1F1010CA3EB000600F16F8106F150
:109A2000FF3E1EEB020F00F16981AF4E89B2338910
:109A300070685B1A028933814389521A994292B243
:109A40000AD94FF0000CA0F80AC002810068C91AB8
:109A5000438989B28B42F6D3FEF750FB636AF26802
:109A60002B605360238D002B40F062822046BDE8BE
:109A7000F84F02F005B92B689C4ED4E9152ED11A87
:109A80000029B4F860C0D6F800A0C0F2DB809A428A
:109A900000F0D380D64500F07981606C6146A0EB80
:109AA0000A02002AF04680F2E180C34313EB0A0F5A
:109AB00000F17381236DA3EB0A03002BC0F26D81CB
:109AC000638B59070AD5002223F00403A4F86A2007
:109AD000B4F84A209BB26383A4F848200022B4F96A
:109AE0003C10A4F84220E28FC4F844A002EBE1024B
:109AF000A4F84020227D032A00F2C281D4F87080AD
:109B00007B4FB8F1000F18D1D9E1D8E90090FEF7EA
:109B100045FBB4F866203988B8F80830121A0B44AF
:109B20004046A4F866203B80FFF79AF8B9F1000F91
:109B300000F0C581C846D6F800A0D8F80C305868A7
:109B4000FDF79EFCD8F80C3081469889B8F808B02B
:109B5000FDF792FC10F0030318BF0123D9444B44D6
:109B6000AAEB0303002BD0DAD4F86C90C4F8708011
:109B7000B9F1000F16D1A9E1D9E90080FEF70EFB7B
:109B8000B4F866203988B9F80830121A0B444846F0
:109B9000A4F866203B80FFF763F8B8F1000F00F0EF
:109BA0009181C146D9F80C30D6F800805868FDF78D
:109BB00067FCD9F80C3082469889B9F808B0FDF7EF
:109BC0005BFC10F0030018BF0120A8EB0A08A8EB0B
:109BD0000B08A8EB0008B8F1000FCDDA0023D4F889
:109BE00070802377B8FA88F35B095B42C4F86C9005
:109BF00023863A88B4F864301344A4F86430638B45
:109C00001A0540F1CD80B8F1000F00F0F581D8F8C9
:109C10000C305868FDF734FCE36CC01A0028C0F221
:109C2000BF80638B2F4F23F400636383B9E0638BA2
:109C300043F002036383BDE8F88FAEEB0A02002A0B
:109C4000BFF628AF2B4A1268D189B4F86220606C45
:109C50008A42A0EB0A0238BFA4F86210002AD0465C
:109C6000C4E9153AA4F86010FFF61FAF1D4F3A88FB
:109C700052B3616B00293FF4C7AEA36BA3EB0A0399
:109C8000002BBFF6B0AE1C4BB4F93C201E88C2F3CB
:109C9000CF0089B2331A5B1A9BB21A4412B213F482
:109CA000004FA28702D0801B01448BB20021616368
:109CB000B4F93E10A1EBA1010B449BB203EBE2020D
:109CC000E387A4F840208EE64144F444614500F067
:109CD000BD80616B0029D0D188E600BFB5C50020EA
:109CE00028C50020AEC500202C520020544800207A
:109CF000A6C5002060C5002058C50020002EC0F277
:109D0000A080228D12EB0C0F3FF5B0AE834200F025
:109D1000BB82666F002E00F01382F06842689A42A0
:109D200000F0E080991A0029C0F2388203F1FF3E6A
:109D3000B0463668002E3BD0F06842689A4200F088
:109D4000D380D8F80C10A2EB030C4968AEEB0101EC
:109D50000029EDDBBCF1010FEAD4B848FEF792FF11
:109D6000074600283FF482AED8F80C302A685968BC
:109D7000B8F808300B44D31A002BC0F25E8231468B
:109D80003846C8F80070FFF7C9FD6FE6AC4A1268A4
:109D9000D1898C45BFF481AE57E7204601F070FFB2
:109DA000A84F616B00293FF41EAED6F800A064E70F
:109DB000D21A002ABFF65AAE8089FDF75DFBC107B3
:109DC0003FF554AE9D48FEF75DFFC8F8000000283F
:109DD0003FF44CAED8F80C30B8F808205B6829681E
:109DE0001A448A1A002AC0F233823A88636A9B1A9C
:109DF000228D13445B1A002BBFF638AED8F8003022
:109E0000DB689889FDF738FBC207D8F8003000F10D
:109E100029822A68218D5868891A626A114489B298
:109E20001981FEF70BF9D8F80030DA681D8990899E
:109E3000FDF722FB10F0030318BF01231D443D80F2
:109E400014E6638B43F0020363830FE6B4F930201A
:109E5000002AFFF63EAF50457FF43BAF94F8432015
:109E6000FF2A00F0A6810132D2B2032A84F84320EF
:109E700000F29F817FF42DAF204601F027FE90E78E
:109E8000B4F84820B4F84A10AAEB0000914280B21E
:109E900043D913F4006F0CBF02210121638E13FB21
:109EA00001F39BB2834294BFD11811188BB29A422E
:109EB00040F2C0804FF6FF73A4F848301EE64FF022
:109EC000000851E6C4F86C80D4F87080B8FA88F3C2
:109ED0004FF000095B095B42238684F81C90A4F8CC
:109EE000689086E64FF000085448338902899A4208
:109EF0007FF6BCAD3368002B3FF4B8ADFEF7C2FE71
:109F000000283FF4B3ADB8F1000F00F09F81C8F80E
:109F100000003146FFF702FDA8E5B4F86A100B18FF
:109F20009BB299427BD89A427BD9A4F86A30E5E586
:109F300013469889B6F80880FDF79EFA10F00300E2
:109F400018BF0120228D08EB00039BB29A423B8090
:109F5000C0F0FF80626F002A77D0F3689889FDF720
:109F60008BFAC207D4F874802CD5B8F1000F6BD0EF
:109F7000D8F8003040466367FEF772FED4F874806C
:109F8000F3E7F3689889FDF777FA800715D4F3684B
:109F90000120B3F80C90FDF76FFAF36849EA00006E
:109FA000988180B2B6F80890FDF766FA10F00303C6
:109FB00018BF01239944A7F800904046D8F80080C4
:109FC000FEF74EFE3B88B8F1000F00F02381D8F871
:109FD0000C00D5F800E0B8F80820D0F804C003EB76
:109FE0000E0162448A1A002AC0F2EF808089FDF7D0
:109FF00043FAC307E1D5C4E7B9F1000F0AD0D9F895
:10A000000C305868FDF73CFAE36CC31A002BFFF6DE
:10A01000C7AE638B23F400630A4F6383C1E64FF638
:10A02000FF739B1AA4F86A30638E13449BB29A4262
:10A030003FF640AFA4F8483060E500BF2C52002046
:10A0400060C50020AEC500203B8829681944228DD8
:10A050002046D31A23856162FEF778FB73681A895C
:10A060001AB18B4A136000237360F3689889FDF777
:10A0700003FAC20704D5874A137843F0200313700C
:10A08000666F002E53D04FF00009DFF80482814F35
:10A090001AE0FEF79BF8C6F80490F3689889FDF77C
:10A0A000EBF9C30708D53B7843F020033B70237DD1
:10A0B000042B04BF07232375336830466367FEF71C
:10A0C000CFFD666F002E32D0F168626A4B68934212
:10A0D0002DD12B608889B6F808A0FDF7CDF910F0D6
:10A0E000030018BF0120636A9A445044F368606219
:10A0F0009889FDF7C1F9F368B6F808A09889FDF7CB
:10A10000BBF910F0030018BF0120238D50441B1A27
:10A1100023852046FEF71AFB71680B89002BBCD003
:10A12000D8F800000028B4D1C8F80010B3E7638B5A
:10A13000D8070AD523F0010343F00203638361E4E7
:10A140005548FEF79FFD606790E443F00103638389
:10A1500058E4F3689889FDF78FF9F368B3F80C8039
:10A16000C3075AD4238D40463381FDF785F9800714
:10A17000318902D5013989B231817068FDF75EFFFE
:10A18000F368B6F808809889FDF776F910F00303B4
:10A1900018BF012343449BB23B80DBE63E48FEF7F9
:10A1A00071FD00283FF462AC31466067FFF7B6FBF3
:10A1B0005CE4B4F84820638E13449BB29A4201D900
:10A1C0004FF6FF73A4F8483056E6ACEB0102002AC4
:10A1D00002DBC4F874803AE7F368ACEB0E0CA6F827
:10A1E00008C09889FDF748F9810702D53389013BFA
:10A1F000338131897068FDF721FFF368B6F8089064
:10A200009889FDF739F910F0030318BF01234B4477
:10A210009BB23B8029681944DBE74046FDF72CF9E7
:10A2200000F03E00FDF728F928F47C58F26840EA77
:10A23000080393811FFA83F894E7521A91B2D8F871
:10A240000400A8F80810FDF7F9FE98E5606760E6DD
:10A25000CB1A99B2A8F80810D8F80400FDF7EEFE62
:10A260002968C2E5DB689E893046FDF705F900F0F4
:10A270003E00FDF701F9D8F8003026F47C56D96885
:10A2800040EA06028A81C4E5034EF36851E600BF46
:10A29000F4C30020BFC500202C5200202DE9F04F50
:10A2A000AF4C89B0B4F89230AE4E0133A4F892307E
:10A2B00043894268132B054632600FD8B4F89A30B0
:10A2C0000133A4F89A302846B4F896300133A4F844
:10A2D000963009B0BDE8F04FFDF75CBFA24F39687A
:10A2E000786905F037F9B0B97B6903F0F003E02B2A
:10A2F00011D007F114030093062128462A8907F19B
:10A300001003FDF761F9804658B1B4F89830013375
:10A31000A4F89830D7E7B4F8A0300133A4F8A030FF
:10A32000D1E733689889FDF7A7F8810A01F0FC01AD
:10A330001329C3D92B898B42C0D36A89DFF854A271
:10A34000DFF85492A1F114039BB28A42C9F800804D
:10A35000AAF80030C0F00A82844A28461380FDF72C
:10A36000CDFED6F80080B8F80000FDF785F8A8F813
:10A370000000D6F80080B8F80200FDF77DF8A8F8D4
:10A380000200D6F80080D8F80400FDF779F8784B81
:10A39000C8F80400D6F800801860D8F80800FDF767
:10A3A0006FF8744BC8F80800D6F800801860B8F849
:10A3B0000E00FDF761F83368A8F80E009889FDF7E4
:10A3C0005BF86D4B00F03F0A83F800A0C3B2049322
:10A3D0008307B5F808E000F0ED810EF10103674A4C
:10A3E0001FFA83FBDE450592A2F800B03FF666AF88
:10A3F000634A33681068002800F0A9808046002274
:10A40000CDE906A0D7F804C0D7F8109006E0D8F838
:10A410000C104246002900F09A80884698F80800FF
:10A4200028B19CF83C100131C9B28842EFD1B8F88C
:10A4300018A019888A45EAD1B8F816A059888A4523
:10A44000E5D1D8F804104945E1D17969D8F8000080
:10A450008842DCD1DDE906A0002A00F007844849E3
:10A46000C1F80080D8F80C10D160C8F80C000022A8
:10A47000DFF82891434FC9F80C30434BDFF820B187
:10A480001A80049BC9F800203A608BF800201A0754
:10A49000A9F808E0C9F8045003D56B7B43F0010329
:10A4A0006B73D8F8783083B14046FEF74BFF0D3020
:10A4B00000F0E881D8F8783023B1059B1B88002B89
:10A4C00040F0E0812C4B93F800A0304D1AF00402CC
:10A4D000C5F8008000F09E8198F81430022B00F03F
:10A4E0004583234B1A68D8F82430934200F0458303
:10A4F000D11A00290ADB9B1AB8F82820DA4205D4C1
:10A50000B8F81A3043F00203A8F81A309BF800306C
:10A51000180740F1D781D8F8903023B16FF00D01C2
:10A52000D8F81000984716484146FEF7E5FB40462C
:10A53000FEF75AF80024D9F804002C603C6018B1EA
:10A54000FDF728FEC9F8044009B0BDE8F08F104AB5
:10A550001068002860D0D7F804E0D7F8109024E005
:10A560006052002060C500203C520020AAC5002097
:10A5700028C5002054480020B5C50020AEC50020E5
:10A5800048C50020F4C30020A6C5002050C5002007
:10A590005CC50020ACC5002064C500202C52002002
:10A5A000BFC50020C068002836D0017A29B19EF8C6
:10A5B0003C200132D2B29142F4D11A88B0F818C0CE
:10A5C0009445EFD15A88B0F816809045EAD1426898
:10A5D0004A45E7D101687A699142E3D1049B5F075C
:10A5E00010D49E0740F11883AC4B1A68436AD11A05
:10A5F000002904DB018D9B1AD94240F19783BBF1FE
:10A60000000F01D1284664E6438B43F002034383E5
:10A6100001F088FB28465CE6DFF8A492D9F8001028
:10A62000002900F0CD80884600208A46D7F804C073
:10A63000D7F814E006E0D8F80C204046002A00F0D5
:10A64000BF80904698F8081029B19CF83C20013250
:10A65000D2B29142EFD1B8F816105A889142EAD19D
:10A66000D8F80020724501D0002AE4D151460028D4
:10A6700000F0CA80D8F80C20C9F80080C260C8F881
:10A680000C10049A5107BDD412F0100940F0F0806C
:10A690009007B7D598F81500FEF728FC82460028E9
:10A6A00000F09082D7E9043204460321376844F869
:10A6B000042B4360794B3A787F781B6842EA072283
:10A6C000B8F816700133028301754362C362C78212
:10A6D000FEF7D2FF714B1B68013BCAF85430D8F823
:10A6E0001030CAF85800CAF810306D4BCAF8500044
:10A6F000CAF84400CAF85C00CAF87C801968C3F83C
:10A7000000A098F8093003F00C038AF8093098F893
:10A710000830CAF80C108AF8083001F03BFE01221C
:10A72000604B50461A70FFF725F833682046DA89E7
:10A730004B4662F30F0362F31F43CAF86030BAF866
:10A74000326004F053FC224601463046FEF7A0FF7B
:10A750001221AAF83200504601F0FCF8002840F01F
:10A760004482504601F0DEFA2846B2E5142128461C
:10A77000FDF7C4FCB5F80A804B4B41462846BAF8B1
:10A7800000A0A3F80080FDF7B9FC2868AAEB080B2D
:10A7900043891FFA8BFB5B45FFF490AD4368594634
:10A7A000C9F80030FDF7AAFC2B894344A3EB0A0348
:10A7B0002B81D6E53D4BF3460593A3F800E017E661
:10A7C0009889FCF759FE41073FF51CAF059B366899
:10A7D0001A88324B78681B681A44354B1968B4F8EC
:10A7E000A0300133A4F8A030B4F896300133A4F8B7
:10A7F00096303388029373882E4CCDE90043231D95
:10A8000001F0D2F9284664E5B4F8A6200132A4F894
:10A81000A62036E71AF00204B8F81A3000F0988043
:10A8200098F81410023901293FF66CAE13F01003AA
:10A8300040F0E281A8F89A301F4B40461B68C8F8E8
:10A840002030FEF797FF98F814309A1E012A3FF641
:10A850005DAE032B40F09F80104B1A68D8F824306F
:10A86000013B93427FF452AE404601F0FBF84DE6C7
:10A870000A4A1C880E4912680968029460465B887F
:10A880005A44B9E7B8F82A30002B00F09381B4F8A5
:10A8900096300A4D0133A4F896304BE628C50020C7
:10A8A00048C50020C0C50020AAC50020AEC50020B4
:10A8B000544800204C52002058C5002050C50020AC
:10A8C00054C50020B34A128872B1D8F8803033B131
:10A8D0004146D8F8100098470D303FF42BAE0023C6
:10A8E000AC4A13809BF80030D90600F167813A68C2
:10A8F000B2B1B8F81A3013F0100340F08681D8F8DE
:10A900008440002C00F0AC814146D8F81000A047EC
:10A9100010F10D0F3FF40EAE10B13B68C8F878305F
:10A920009BF800309A0608D5D8F87830002B00F054
:10A930007F815A7B42F020025A7300229BF800303C
:10A940004046DB062A6000F15D8101F0EBF9F1E59C
:10A95000DB06A8F89A4003D48F4B1B68C8F8203058
:10A960004046FEF707FF98F81430023B072B3FF6EE
:10A97000CDADDFE803F010B60498790454394046B1
:10A98000FFF728F89BF8003099067FF5BFAD072345
:10A9900088F81430B4E51AF0100F3FF4B7AD7F4BD0
:10A9A000306819687E4B1B682CB1D8F844200132FE
:10A9B0008A4200F0C881059A12881A4403880293DB
:10A9C00043887848CDE90003774B404601F0AAF868
:10A9D00098F84230052B3FF699AD00234046A8F881
:10A9E000303001F049FB91E54046FEF7F3FF6F4B35
:10A9F0001B78DC067FF58AAD684BD8F850201B68C1
:10AA00009A427FF483ADD8F86C30002B7FF47EAD92
:10AA10009BF8003043F010038BF8003076E5404699
:10AA2000FEF7D8FF614B1B78DE067FF56FAD5B4B01
:10AA3000D8F850201B689A427FF468ADD8F86C3083
:10AA4000002B7FF463AD4046FEF74CF9584B1B6872
:10AA5000434500F04C81002B00F02581DA68424527
:10AA600000F01E811346F6E74046FEF7B3FF9BF861
:10AA700000309B067FF54AADB8F81A30404643F0E7
:10AA80000203A8F81A30FEF72DF9494B1B6843451D
:10AA900000F02D81002B00F00681DA68424500F0BD
:10AAA000FF801346F6E74046FEF794FF3F4B9BF8C6
:10AAB00000201B78920603F0100340F1DE80B8F806
:10AAC0001A2042F0020233B1344BD8F850101B6800
:10AAD000994200F0F7800823A8F81A2088F814306B
:10AAE00014E51AF0100F3FF411AD2C4B1968D8F88B
:10AAF0004430DB43CB4200F10781D8F850305B1A79
:10AB0000002BC0F20181042388F81430D8F87C307F
:10AB1000002B7DD09B69002B7AD000224146D8F8CB
:10AB2000100098470346002840F0EA804046FEF7B0
:10AB300051FF184A13880BB1013B138041F21C13DB
:10AB4000B8F832104A009A42144638BF1C46B4EB9B
:10AB5000810F4FEA810040F2CF8083B2A8F84830DD
:10AB60009BF8003098067FF5D1AC10E70B4BD8F876
:10AB700050201B689A427FF4C9AC9BF8003043F028
:10AB800008038BF80030B8F81A3023F00103A8F856
:10AB90001A30BBE4A6C5002058C500205448002048
:10ABA00028C500204C52002050520020B5C500207E
:10ABB00048C50020404601F063F868E64046FEF7CD
:10ABC000F1FEB7E4B4F89C300133A4F89C30D8F817
:10ABD0001830002B3FF416AD01464FF0FF32D8F885
:10ABE000100098472846FFF774BB50464946FEF7C9
:10ABF000C1F82846FFF76DBB4046A8F89A20FEF73B
:10AC0000B9FD20E6FEF7CEFE94E41046FDF7C2FA49
:10AC10004046FEF75FF98DE4049BDC077FF5EFAC5F
:10AC20007A4B1B680362BBF1000F3FF4EBACEBE423
:10AC300041F2D062B8F82830D8F8844093421CBF63
:10AC40000133A8F82830002C3FF477AE00234146AA
:10AC50001A46D8F81000A0470D307FF46EAE69E4B4
:10AC6000234620464146FEF717FB51E6B4F8A620DE
:10AC70000132A4F8A620FFF7FABB002B3FF446AC44
:10AC8000634BD8F850201B689A427FF43FACD8F849
:10AC90006C30002B7FF43AAC062388F8143035E48E
:10ACA000D8F80C20DA600A2301215A4A88F81430B7
:10ACB000594B11701A68C3F80080C8F80C2001F0D5
:10ACC00069FB23E4D8F86C30002B7FF404AF4046D6
:10ACD000A8F81A20FEF706F8504B1B68434506D02B
:10ACE000002BE0D0DA684245DAD01346F8E7D8F80E
:10ACF0000C304A4A1360D6E79A4288BF93B22DE7D8
:10AD00000D333FF417AC83E7059A33681088444A43
:10AD100012680244188802905B884248CDE900031B
:10AD20004046414B00F0FEFEFFF7F0BB3D4BCDE946
:10AD3000018C0093364B5A4419683B4B00F0F2FEED
:10AD40002846FFF7C6BAC8F8442000220424591C3C
:10AD5000C8F82410C8F82C10C189013B61F30F0218
:10AD600061F31F4288F814404444C8F85430204628
:10AD7000C8F86020B8F8326004F038F9224601467D
:10AD80003046FEF785FC41F21C1341009942024611
:10AD90000C4638BF1C46B4EB820FA8F832004FEACD
:10ADA000800026D983B2A8F84830B8F86630D8F8C1
:10ADB0007000013BA8F8663010B30368C8F8703023
:10ADC000FDF74EFFD8F87030BBB1002388F8423051
:10ADD000A8F83030D8F88830002B3FF491AB00222F
:10ADE0004146D8F8100098470D307FF489ABFFF743
:10ADF000A1BB994288BF8BB2D5E74FF0FF33E7E79D
:10AE0000D8F86C000368C8F86C30D9E758C5002042
:10AE100054480020C0C500205CC5002048C5002063
:10AE200028C500204C52002050520020024A1378BE
:10AE300043F0100313707047BFC500202DE9F047A1
:10AE4000074604209DF820A00E464FEA8A0590464A
:10AE500099460540FCF746FE00283CD000230446F6
:10AE600080F80AA00360338946605B1B30461421DA
:10AE70002381FDF71BF9064610BB6368F88AD3F8F7
:10AE800004A0AD02C4F80CA0FCF7F6FAAAF8000082
:10AE9000388BE768FCF7F0FA78804846E768FCF7FB
:10AEA000EFFA05F5A045786048EA0500E568FCF78B
:10AEB000E3FAE368A8819E74DE742046BDE8F0875B
:10AEC000074A2046B2F8A4300133A2F8A430FDF7B7
:10AED000C7FE0024F1E73046FDF75CF9F9E700BF53
:10AEE000605200202DE9F04304460D4690461E4670
:10AEF00085B0002835D0007A40BB184604F076F8BB
:10AF0000074640B300964346062128462A89D5F8CD
:10AF10000490FCF759FBA9F81000E37AA47A009496
:10AF200006243246184E02970194B6F890404146E6
:10AF30000134A6F89040284604F0F6F90446284665
:10AF4000FDF728F9204605B0BDE8F083FCF75CFF6B
:10AF500007460028D6D12846FDF71CF96FF00304F8
:10AF6000F0E7184604F042F807460028F3D00096B0
:10AF70004346062128462A89D5F80490FCF724FB8D
:10AF8000FF23A9F81000CAE7605200202DE9F04F16
:10AF90008DB0CDE901210793002800F02E83B0F891
:10AFA0006220438E52089A4228BF1A468046002AE1
:10AFB00018BF1346002900F02083027D911E02294C
:10AFC00006D9072A04D06FF00A000DB0BDE8F08F53
:10AFD000019971B3B8F864208A42C0F03C83B8F894
:10AFE0006650072D00F22A83D8F86C90B9F1000F53
:10AFF00000F07C814A4611461268002AFBD1914636
:10B000000A460A91897A10898900B8F8684001F0E7
:10B0100004011A1A521A069492B2BCB90199002975
:10B0200040F0C9800B46069A0A9FA8F868200A9348
:10B03000A6E0D8F86C90B8F86650B9F1000FD9D1F5
:10B04000A8F868100A91C8F86C909BE0019E214610
:10B05000B44228BF3446944228BF1446091B89B223
:10B06000A642069147D90799121B92B201F001013D
:10B07000002A00F0A780002800F0A480019E361B63
:10B080009642A8BF1646B7B20997002940F05482ED
:10B090000A9AD2F80490CA4649460A460968002925
:10B0A000FBD18946117B3F2906D8518952680A4451
:10B0B0000299914200F0AD82099F01223946002099
:10B0C0000393FCF705FF0890002800F0CB82029E56
:10B0D00032194260FDF762F83A46019B224492B26F
:10B0E000411993428DB2039B40F2D782002109910E
:10B0F0000B9414466CE00A9B002C94D0D3F804A067
:10B10000BAF1000F00F07E821F46CDE90899029E39
:10B11000BAF80830DAF800102344AAF8083049B128
:10B120008A46BAF80830DAF800102344AAF8083042
:10B130000029F5D1BAF80A30DAF80400314618448B
:10B14000224605F0DBFDBAF80A30DAF80010234495
:10B15000AAF80A300029E3D13889069B204480B23E
:10B160003881A8F86830089B002B00F0BF81089C4C
:10B1700078682146FDF72AF822893B8913443B81F0
:10B18000C7F80090D8F85C30019AA8F866501344CC
:10B19000C8F85C30B8F864309B1AA8F864300A9B91
:10B1A0002BB1DB681BB1079A920740F1BC810020EC
:10B1B0000DB0BDE8F08F07994C4601F00101002A5F
:10B1C0007FF459AF0B94002940F09D80CDE9081120
:10B1D0004FF00009CDE90493CDF80C9009E0039BF2
:10B1E0008CB2C3F80090019BA34240F2E581CDF8F8
:10B1F0000C90019B0122A3EB040A059B1FFA8AFA1B
:10B200009A4528BF9A461FFA8AFA36205146FCF71B
:10B210005FFE029B83462344002800F01A814360AE
:10B220004FF4207200213620FCF752FE074600281A
:10B2300000F04E815946FCF7C9FF3846FCF7AEFFD7
:10B24000284485B2082D00F22F81D8F85C30042004
:10B2500004EB030BFCF746FC8146002800F0248138
:10B26000002289F80A203846C9F804703F89142161
:10B27000A9F80870C9F80020FCF718FF0746002855
:10B2800040F0EB80D9F80420B8F816005668C9F8E9
:10B290000C60FCF7F1F83080B8F81800D9F80C60B1
:10B2A000FCF7EAF870805846D9F80CB0FCF7E8F8DB
:10B2B00002464FF4A040CBF80420D9F80CB0FCF7BC
:10B2C000DBF8D9F80C20049BABF80C000AEB040166
:10B2D0009774D774002B82D1019BA2441FFA8AF481
:10B2E0009C4280F08881CDF8109080E7079A4C4608
:10B2F00002F00101CDF82890CDF81890CDF82C90EF
:10B3000000293FF463AF00220892079A02F002027C
:10B3100009924FF000091F46CDF81490CDF8109017
:10B320007DE0099B5BB9B8F81A30590600F18880B6
:10B33000049B23B9D8F86C30002B00F051810AF23D
:10B34000B75121F00301B94228BF39464FF42072AA
:10B35000362089B2FCF7BCFD8146002879D04289AD
:10B360008660A2EB0A0293B20693029B5246191919
:10B37000406805F0C3FC4846FCF710FF284485B23E
:10B38000082D00F2A180D8F85C20042004EB020B09
:10B39000FCF7A8FB0646002800F096800023C0F8C2
:10B3A0000490B3723360B9F80830484614213381F1
:10B3B000FCF77CFE8146002850D17168B8F8160071
:10B3C0004968F1600391FCF757F803990880F16828
:10B3D000B8F818000391FCF74FF8039948805846D5
:10B3E000D6F80CB0FCF74CF8CBF804004FF4A040B2
:10B3F000D6F80CB0FCF740F8F168049BABF80C00F1
:10B4000081F8129081F81390002B54D0059B54447E
:10B410001E60019BA4B2A34240F2DD800596019B11
:10B42000BA461B1B9BB29F4228BF9A4600261FFAB2
:10B430008AFA6AF30F069F426AF31F463FF671AF1E
:10B4400051464FF420723620FCF742FD8146002819
:10B4500085D1DDF81090AC4C0BE04E46AA4C30463E
:10B46000B4F8A430DDF810900133A4F8A430FDF74F
:10B47000F7FBB8F81A3043F08003A8F81A30B4F894
:10B480009C300133A4F89C30089B13B11846FCF79C
:10B4900081FEB9F1000F02D04846FDF7C7FB4FF01F
:10B4A000FF300DB0BDE8F08FDDF810903846FCF7A6
:10B4B00071FE954CDDE7019BA2441FFA8AF4A3427A
:10B4C00040F295800496A9E74F46DDF81090EDE72D
:10B4D0005846DDF810908C4CFCF75CFEC9E70A9FDB
:10B4E000069B204480B23881A8F86830099B002B65
:10B4F0003FF446AE79680A68002A00F0C080099ED1
:10B5000000E022460B89146833440B811146002C5D
:10B51000F7D10999138908440B44138153890B44CB
:10B52000538138812CE608209C89FBF7A5FF0A9BF4
:10B530000443DB689C813AE6974261D207998F0702
:10B5400003D4B8F81A1048065AD4B1B201F2B75170
:10B5500021F00301914228BF114689B24FF42072B5
:10B5600000200393FCF7B4FC03460890002879D030
:10B570000027B2B2099E029966F30F0766F31F47D0
:10B580001E46B0F80AA0214440689F6005F0B6FB53
:10B590003046FCF703FE099E4219019B95B2321911
:10B5A00092B29342039B40F28B800B941446079A0D
:10B5B00002F002020992ACE64E46DDF810900B9CB8
:10B5C000002C62D00A9FD7F804A0BAF1000F58D01F
:10B5D0000A96029E9CE54F46DDF810900997EEE72B
:10B5E000D8F87030002B7FF4AAAE514629E7CDF889
:10B5F0002490B146E3E74E46E1E76FF00F00E4E444
:10B60000B1B2ABE7204418811F46069BA8F868300A
:10B61000B6E5099A0199224492B2914288BFCDF8C9
:10B6200020903FF665AD002C44D0BAF1000F3FF4F6
:10B6300056AF0A9F029ECDF8209069E53249B8F8CE
:10B640001A30B1F89C2043F080030132A1F89C200D
:10B65000A8F81A3023E7B8F81A3043F08003A8F8A6
:10B660001A301CE72849B8F81A20B1F89C3042F08B
:10B6700080020133A8F81A20A1F89C300FE70A468F
:10B6800047E7DDE90A740A9666E5069BA8F8683084
:10B69000089B53B30A9F0A9669E5002C40D00A9B89
:10B6A000D3F804A0BAF1000F30D000230A9F029E05
:10B6B00009932DE5069B0A9FA8F86830099219E7BF
:10B6C000099BAAEB03039BB206934CB30A9BD3F8E6
:10B6D00004A0BAF1000FE8D11A461B892344138154
:10B6E000069BA8F868300A9F41E5099B1BB90A9B95
:10B6F00033B90A96A7E40A9B0A961F461889F9E609
:10B700000A9F0A963CE500BF605200201A461B893A
:10B71000D14623441381069B1746A8F8683026E5D6
:10B72000069BA8F86830DEE72DE9F04FC56E83B0C0
:10B73000002D00F09A800C46002900F099802F8996
:10B740008F4203D8002003B0BDE8F08F95F80AA01F
:10B75000A7EB01094FEA8A0B1FFA89F90BF0040BDA
:10B760000BEB090106464FF42072362089B2FCF734
:10B77000AFFB804600287ED068682A890389D8F804
:10B7800004109B1A23444A469BB25944FCF7E2FD3D
:10B79000484561D1EB689889FBF76EFE10F0080B05
:10B7A0005FFA80F952D1012309F03F0919F0010F26
:10B7B00018BF9B46EB6818BF09F0FE095868FBF7F5
:10B7C0005FFE414623185A463046CDF800A0FFF7E9
:10B7D00035FB804600284ED06868FCF7DFFC6A68BD
:10B7E000B6F866301189E41BA4B21B1A2144104636
:10B7F00089B2A6F86630FCF721FC2B8948461C4428
:10B80000EB682C819C89FBF737FEEB680443686882
:10B810009C81FCF7C3FCB6F866300344D8F80400FA
:10B82000A6F86630FCF7BAFCB6F8663018442B6808
:10B83000A6F86600C8F80030C5F80080D8F80030D7
:10B84000002B7FF47FAFA6F868307BE709234FF029
:10B85000080B09F03709A9E70A4A4046B2F89C30BC
:10B860000133A2F89C30FCF795FC4FF0FF306AE7FB
:10B870006FF0050067E7034AB2F89C300133A2F885
:10B880009C30F2E76052002070B5C36E044682B06F
:10B890004BB11D461B68002BFBD1EB689889FBF769
:10B8A000EBFD43072FD000214FF420723620FCF728
:10B8B0000FFB0146002833D00025E36D012220460E
:10B8C0000095FFF7BBFA618B002837D0E36EC3B158
:10B8D0001A461B68002BFBD110600022E36D41F07B
:10B8E000200101334068E3656183A4F86820FCF718
:10B8F00055FCB4F866301844A4F86600002002B085
:10B9000070BDE066E9E7EB6801209E89FBF7B4FDB6
:10B91000638BEA68064343F0200396816383EDE777
:10B920000B4A618BB2F89C3041F080010133618396
:10B930009BB24FF0FF30A2F89C30E0E7044A41F0A0
:10B940008001B2F89C30618301339BB2F1E700BF04
:10B9500060520020F0B5C1F3400704460D4683B0A5
:10B9600001F002064FF420723620B900FCF7B0FA5D
:10B97000002830D0009701462A462046E36DFFF7A5
:10B980005DFA40B3E36E23B31A461B68002BFBD16C
:10B990001060002305F00105A4F868309EB935B1A8
:10B9A000E36D0133E365638B43F0200363834068F9
:10B9B000FCF7F4FB03460020B4F866201344A4F817
:10B9C000663003B0F0BDE36D0133E365002DEED0CA
:10B9D000E9E7E066DDE7074A618BB2F89C3041F0A9
:10B9E000800101339BB261834FF0FF30A2F89C309D
:10B9F000E7E700BF60520020026F7AB3F8B5144643
:10BA00000646D4E900539B7B3DB1012B23D12C4644
:10BA1000D4E900539B7B002DF7D1012B1BD1F36E92
:10BA20002360738BF26643F400637383E3683567C6
:10BA30005868FBF725FDE368278904469889FBF7DA
:10BA40001BFD10F0030318BF01233C442344284688
:10BA50007563F364F8BD6FF00500F8BD6FF0050085
:10BA6000704700BFF8B5066F56B373689B7B012B18
:10BA700026D13268C36E0746026700F16C051BB918
:10BA80000FE01D461B6863B1DB685868FBF7F8FCE4
:10BA9000F36804465868FBF7F3FC241A002C2B6863
:10BAA000EFDB33602E6033686BB197F84230FF2BC9
:10BAB0001CBF013387F84230002318467B63F8BD72
:10BAC0006FF00500F8BDA7F86830EEE7036F43B3E9
:10BAD000438B10B55B07044600D510BDFFF7C2FFCE
:10BAE0000028FAD1B4F86010B4F848304FF0000CD8
:10BAF000994228BF1946628E4B085000B0EB510F97
:10BB0000618BA4F84A30024484BF83B2A4F84A305F
:10BB1000134441F00402A4F848306283A4F830C012
:10BB200010BD70472DE9F04F064681B0084690469B
:10BB30001F46DDF828A0BDF82C40BDF830B0FBF75B
:10BB40009FFC4FF42072814614212220FCF7C0F99B
:10BB500038B3054620466C68FBF78EFC20805846BB
:10BB6000FBF78AFCC4F8049060804046FBF788FC31
:10BB7000A06045F21400FBF77FFCA0814DF2160097
:10BB8000FBF77AFC2946E081002553463A463046C9
:10BB900025746574A574E57401B0BDE8F04FFFF736
:10BBA000A1B901B0BDE8F08F2DE9F04F85B0DDF807
:10BBB0003880BDF83CA0BDF8409000285BD004461A
:10BBC000084617461E46FBF75BFC4FF4207283467F
:10BBD00014212220FCF77CF9054600284BD0504662
:10BBE000D5F804A0FBF748FCAAF800004846FBF78C
:10BBF00043FCCAF804B0AAF802003846FBF740FC40
:10BC0000CAF8080045F21400FBF736FCAAF80C004D
:10BC10004DF21600FBF730FC00272A89D5F8049076
:10BC2000AAF80E0033468AF810708AF811708AF864
:10BC300012708AF8137006212846CDF80080FBF7B1
:10BC4000C3FC4FF0060C31460C4EA9F810000294CC
:10BC50000097B6F8904042460134A6F89040FF2382
:10BC60002846CDF804C003F05FFB284605B0BDE8C8
:10BC7000F04FFCF78FBA05B0BDE8F08F605200209E
:10BC80002DE9F0470446006DFBF7FAFB4FF42072F4
:10BC9000074614212220D4F82490E58AB4F818A08D
:10BCA000B4F82A80FCF714F9A0B306462846756854
:10BCB000FBF7E2FB28805046FBF7DEFB6F606880F5
:10BCC0004846FBF7DDFB034645F21000AB60FBF78F
:10BCD000D3FBA8814046FBF7CFFB0023E8812B7400
:10BCE000608D6B74AB74EB74636A31460344E3623A
:10BCF0002246231D2046FFF7F5F8638B28B923F071
:10BD000003039BB26383BDE8F08743F003036383BF
:10BD1000BDE8F087638B6FF0010043F0030363839A
:10BD2000BDE8F087AD4B1B68834200F096812DE99A
:10BD3000F04FC56E044687B085B3B0F84870B0F8D0
:10BD4000606000F10408007A002840F076814046E7
:10BD500003F04CF902460590002A00F08081236828
:10BD60000BB953682360EB68B742586828BF374661
:10BD7000FBF786FB2B89626C9B1A0344BB4217D9E5
:10BD8000B4F86030BB4200F04681628B910708D561
:10BD9000204607B0BDE8F04FFFF772BF428B950712
:10BDA000F7D4002022F08002628307B0BDE8F08F54
:10BDB0000023226F84F89930002A00F03C819246DB
:10BDC0001268002AFBD14646DFF81892EB685868E3
:10BDD000FBF756FB636CC01A2B891844B84200F27B
:10BDE0003181EB689889FBF747FB236F5BB1628B6E
:10BDF00012F0440F07D1E06E002800F0D8800368ED
:10BE0000002B00F0CF80237DD5F80CB0022B0AD098
:10BE10001020BBF80CB0FBF72FFB4BEA0000D5F865
:10BE20000CB0ABF80C006B689B7B012B51D1606AA6
:10BE3000FBF726FBCBF80800608DD5F80CB0FBF7BC
:10BE40001BFB628D636AABF80E001344E362AB7AAE
:10BE5000D5F80CB0DA0700F19280B4F93030002B3D
:10BE6000BCBF00232386636B002B7DD04FF0000CFA
:10BE70006868234641680289ABEB0101B0F80AE02B
:10BE800089B2521A92B2AEEB010102814181C0F82F
:10BE900004B006218BF810C08BF811C00096FBF798
:10BEA00093FB0622B9F89030ABF810000133A9F8E3
:10BEB0009030059B6868CDE90123A37A3246009350
:10BEC0002146E37A03F030FA002840F0C180D5F82B
:10BED0000CB02B68E366237D022B03D0638B23F029
:10BEE00003036383DBF80400FBF7CAFAEA688346BE
:10BEF0009089B5F80880FBF7BFFA10F0030318BF6C
:10BF00000123226DC3445B44D21A002AB8BF2365C3
:10BF1000EB68B5F808B09889FBF7AEFA830702D151
:10BF2000BBF1000F3AD00022236F2A60D3B1EB6837
:10BF30005868FBF7A5FADAF80C3083465868FBF727
:10BF40009FFAABEB000BBBF1000F42DBCAF80050CD
:10BF5000AA46E56E002D7FF439AF628B0023A4F86A
:10BF600068301EE72567F3E71D4B1B686363DBF84A
:10BF70000400FBF785FAD5F80CB0A06376E73246EB
:10BF8000059940F2B450FDF783FB40F00170FBF7D8
:10BF900077FACBF81400D5F80CB05EE72846FCF72A
:10BFA0005FFED6E70189638E9942BFF42CAFB4F8E7
:10BFB0006430002B3FF427AFB4F86630072B3FF610
:10BFC00022AF12F0A00F7FF41EAF00287FF4E9AE7D
:10BFD000C4E7236F04F170084BB918E050C5002086
:10BFE00058C500206052002098461B687BB1DB6872
:10BFF0005868FBF745FAEB6883465868FBF740FA48
:10C00000ABEB000BBBF1000FD8F80030ECDB2B6082
:10C01000C8F800509DE7236F002B7FF4B6AE94F86C
:10C020009930002B7FF4B1AE4FF4807284F89A30CF
:10C03000A4F89820A9E69246C5E6FBF7E5FE02467D
:10C04000059089E6E06E628B00287FF4AAAE85E752
:10C05000638B43F080036383A7E6002070476FF093
:10C060000300A2E690F84230FF2B1CBF013380F89A
:10C070004230FFF757BE00BF026F002A38D0F8B534
:10C0800015460446D5E900639B7B46B1012B00D0E1
:10C09000F8BD3546D5E900639B7B002EF6D1012B18
:10C0A000F6D1E36E2B60638BE26643F40063638337
:10C0B000EB6826675868FBF7E3F9EB682F890546BC
:10C0C0009889FBF7D9F910F0030318BF012394F8FE
:10C0D00042203D44FF2A18BF01322B4418BF84F888
:10C0E000422020466663E364BDE8F840FFF71ABECD
:10C0F000704700BF2DE9F0470446006D0138FBF79B
:10C10000BFF94FF42072074614212220D4F824905E
:10C11000E58AB4F818A0B4F82A80FBF7D9FE48B332
:10C12000064628467568FBF7A7F928805046FBF7B6
:10C13000A3F96F6068804846FBF7A2F9034645F211
:10C140001000AB60FBF798F9A8814046FBF794F923
:10C150000023E8812B74608D6B74AB74EB74636A9D
:10C1600031460344E36222462046231DBDE8F047E2
:10C17000FEF7B8BE4FF0FF30BDE8F0872DE9F04F75
:10C18000C56E83B0002D00F0888090F89A30044688
:10C19000FF2B1CBF013380F89A30EB689889FBF7BE
:10C1A0006BF910F001065FD11521EB684FF4207296
:10C1B000D3F80490636A2220B4F816B0B4F818A03B
:10C1C000B4F82A800193FBF783FE074600285FD06E
:10C1D0005846D7F804B0FBF74FF9ABF800005046CB
:10C1E000FBF74AF9CBF80490ABF802000198FBF793
:10C1F00047F9CBF8080045F21000FBF73DF9ABF822
:10C200000C004046FBF738F90023618D626AD7F8CD
:10C2100004800A44ABF80E008BF810308BF8113014
:10C220008BF812308BF81330E26236B31120B8F875
:10C230000C60FBF721F926F47C56B6B23043A8F81F
:10C240000C00EB685868FBF71BF9236D01301B1AD3
:10C25000002BB8BF2065224639462046231D03B077
:10C26000BDE8F04FFEF73EBE2989B1FA81F60039EC
:10C2700018BF01217609143197E768682A89038974
:10C2800008F114019B1A9BB20122FCF763F8D8E76E
:10C290004FF0FF3003B0BDE8F08F284603B0BDE893
:10C2A000F08F00BF10B5FDF713F9134B1B68DBB11E
:10C2B00004F046F904460720FA34FBF713FC90B16A
:10C2C00000220E4B0E49C0E901430B680260C260B8
:10C2D0001BB907E019461B681BB15A68A21A002A4D
:10C2E000F8DA0360086010BD064B1B68002BDFD135
:10C2F000054A136010BD00BF48C50020A5C200104C
:10C3000034BD00205CC5002068C5002070B505461E
:10C310004368984704F014F91B4B29681C680C44C7
:10C32000221AD60F19D003460720CC18FBF7DAFBE8
:10C3300090B10022154B1649C0E902350B68C0E9DF
:10C3400000241BB907E019461B681BB15A68A21AE2
:10C35000002AF8DA0360086070BD0720FBF7C2FB13
:10C360000028F9D0094B0A49C0E902350B68C0E939
:10C37000006423B9EFE719461B68002BEAD05A681E
:10C38000A21A002AF7DAE5E7884900200DC3001059
:10C3900034BD0020154B1A6802B17047144A126868
:10C3A000F2B1012210B51A6004F0CAF80446072061
:10C3B000FA34FBF797FB90B100220E4B0E49C0E90F
:10C3C00001430B680260C2601BB907E019461B6895
:10C3D0001BB15A68A21A002AF8DA0360086010BD7F
:10C3E000064A1268002ADCD1704700BF68C50020E9
:10C3F00048C50020A5C2001034BD00205CC5002047
:10C400002DE9F041DFF85C80144E154C08F1280549
:10C4100058F8087F04F094F8034607201F44FBF700
:10C4200061FB60B100222368C0E90268C0E900270F
:10C4300023B15A68BA1A002A09DA03602060454518
:10C44000E6D1BDE8F0815A68BA1A002A03DB194622
:10C450001B68002BF7D103600860F0E70DC30010E4
:10C4600034BD0020001601102DE9F84304F068F8EF
:10C47000114E0546114C124F10E02168B1B14B68C6
:10C48000EA1A002A12DBD1E902890A6807203B6018
:10C490002260FBF74DFBB8F1000F09D13378002B78
:10C4A000EBD0FBF7FBFC21680029E8D1BDE8F8835D
:10C4B0004846C047F2E700BFBEC5002034BD00209B
:10C4C00088490020704700BF2DE9F04FA34E87B088
:10C4D000B6F87A300133A6F87A304389072B40F258
:10C4E000BF80DFF88882D0F8049005468A46D8F8E5
:10C4F0001400D8F8001003F02DF803900446B9F8A2
:10C500000000FAF7B9FF0746B9F80200FAF7B4FFDE
:10C51000934BD3F800B00346D8F81400BBF1000FDA
:10C5200000F0C480D8F810102246D8F804C0029158
:10C53000002C46D0421C4FF0000400F0BF80DE46C5
:10C540002246CDE9045B05E0DEF80C1072460029B6
:10C5500065D08E46BEF812109942F5D19EF808B00B
:10C56000BBF1000F05D09CF83C100131C9B28B45DE
:10C57000EAD1DEF8001031B180EA010BDAF80810D8
:10C580001BEA010FE0D19EF810104D0702D4002CD9
:10C5900008BF7446BEF81410B942D5D1DEF80410B5
:10C5A00011B1029D8D42CFD17446DDE9045B002AB2
:10C5B00000F0CE806A4B1C60E368D360C4F80CB016
:10C5C00030E05946CDF814B00495834603E0C868BE
:10C5D0000A4618B30146488A9842F8D1087A38B119
:10C5E0009CF83CE00EF1010E5FFA8EFE7045EED134
:10C5F000086808B15845EAD1087C400702D4002CED
:10C6000008BF0C46888AB842E1D1486810B1029D43
:10C610008542DCD10C46DDE9045BC8E75846049D41
:10C62000002C43D0B9F806304BB14E4B112100938A
:10C6300028462A89043BFAF7C7FF002870D1082151
:10C640002846FBF75BFD60BBCCB1A669A6B3E069E9
:10C650002A462146444B0097B04707B0BDE8F08F0B
:10C66000B6F88220B6F87E3001320133A6F8822077
:10C67000A6F87E3007B0BDE8F04FFBF78BBD039BFB
:10C680002BB9D8F8143003F0F003E02B52D1B6F8F0
:10C690008820B6F87E30013228460133A6F888207B
:10C6A000E6E7B6F87E3028460133E1E7DAF80430F1
:10C6B000834201D10024B5E72846DBE75946CDF88F
:10C6C00014B022468346049504E0C8680A46002850
:10C6D000A4D00146488A9842F7D191F808E0BEF10B
:10C6E000000F05D09CF83C000130C0B28645ECD16B
:10C6F000087C400709D44CB3DAF804002568854269
:10C7000003D00D68A84208BF0C46888AB842DCD125
:10C71000486800283FF47EAF029DA842D5D179E752
:10C72000B6F88020B6F87E30013228460133A6F8EC
:10C7300080209DE7B8F80C102846083109B2FBF7B5
:10C74000F7FC0321284602F0B9FBA0E70C46DCE722
:10C75000B6F88E300133A6F88E3063E760520020C1
:10C7600088C50020505200204C5200203C5200202E
:10C77000394B2DE9F041002914BF0C461C46002816
:10C7800064D0364F3E68002E32D0314601E0C96891
:10C7900011B18842FBD10121002A31D025683346EE
:10C7A00015B91CE0DB688BB19842FBD0B3F812C01E
:10C7B0009445F7D11C68AC4201D0002CF2D16FF047
:10C7C0000700BDE8F0812568AEF8002005604282D0
:10C7D00091B10020BDE8F081DB68002BF6D09842D3
:10C7E000FAD05C8A9442EAD0DB68002BF7D1EDE7FF
:10C7F0002AB1236842820360C6603860E9E73146A7
:10C800004FF6FF72DFF858E0BEF80030934216BFD3
:10C8100001334FF440429AB2002ED4D04FF48045F9
:10C820004FF6FF78334602E0DB68002BCBD0B3F83D
:10C8300012C09445F8D1013DADB255B1424502D088
:10C84000013292B2EEE74FF44042EBE76FF00F0097
:10C85000C0E7AEF80020B2E73416011088C500200A
:10C860009E1600202DE9F04F85B0DDE90EBA0028B4
:10C8700072D00D4600296FD09046002A6CD0BAF1D4
:10C88000000F69D0BBF1000F66D0428A994604467A
:10C89000002A48D04FF6F7732A899A425FD80821B8
:10C8A0002846FBF703FC78BB2E46608A7768FAF7C8
:10C8B000E3FD38804846FAF7DFFD002378803089B1
:10C8C000BB71FB71FAF7D8FDB880237CDB0734D548
:10C8D0001123CDF808B00193A37A42460093514644
:10C8E0003046E37A02F0AAFDAE42074602D0304657
:10C8F000FBF750FC1B4AB2F878300133A2F87830CD
:10C90000384605B0BDE8F08F4FF420720821222090
:10C91000FBF7DEFA064610B32B89002BC5D029465B
:10C92000FBF768FCC1E70146FFF722FF0746002836
:10C93000B0D0384605B0BDE8F08F5346328911219A
:10C940003046CDF80080FAF73FFE4FF6FF7300281F
:10C9500018BF0346FB80BBE76FF00F07D0E74FF02F
:10C96000FF37CDE76052002070B582B0069CA8B1B9
:10C97000A1B19AB194B1056835B9251DCDE900453D
:10C98000FFF770FF02B070BD05F0F00CBCF1E00FD6
:10C99000F3D06668B54204D10546EFE76FF00F00AB
:10C9A000F0E76FF00300EDE728B370B50D46F9B17D
:10C9B0001646428A0446AAB12A681049237C62605E
:10C9C0000A6843F004032374A682134612B905E0F3
:10C9D000DB681BB19C42FBD1002070BD0020E260EF
:10C9E0000C60FAE70146FFF7C3FE0028E4D070BDF3
:10C9F0006FF00F0070BD6FF00F00704788C500200A
:10CA000008B1C0E906127047014698B10A4A136896
:10CA100083420AD033B11A46DB681BB18B42FAD18C
:10CA2000CB68D3600120FBF783B8C3680120136093
:10CA3000FBF77EB8704700BF88C5002010B5012005
:10CA4000FBF750F8044628B12022002103F088FFAC
:10CA5000FF23E372204610BD88B102687AB171B13C
:10CA60000B6863B10A4B1B684BB110B41C6894424D
:10CA700006D0DB68002BF9D15DF8044B7047704796
:10CA80000A681A60DB68002BF6D00268EEE700BF88
:10CA900088C500202DE9F843002869D00E460029FA
:10CAA00066D0054617464FF49A714FF4207236202F
:10CAB0009946FBF70DFA8046002859D0032F4468A9
:10CAC0003CD0324AB179136800295AD04FF49A7297
:10CAD00000213360204603F043FF40F2011323801E
:10CAE00095F83830A3703068FAF7CAFC4FF4C87371
:10CAF000FB40DB07606038D4032F32D0D5F83230EA
:10CB00006FF07D02E361EB8E53212384632384F86D
:10CB1000EC3084F8EF3040F2351384F8F27084F88A
:10CB2000EE1084F8ED20A4F8F030B9F1000F02D037
:10CB30000323A9F800304046BDE8F8837379032B3E
:10CB40001BD04FF49A720021204603F009FF40F2F7
:10CB50000113238095F83830A3703068FAF790FC01
:10CB600060607379043B012BC8D86B68E360C5E74C
:10CB70004FF000084046BDE8F883044AB1791368D5
:10CB800011B901331360A1E73360DAE7A016002082
:10CB9000002800F08D80816A002900F08980002241
:10CBA00010B58B6A82B05C1C4A8207D01E33B3F585
:10CBB000701F68D23B2B70D801238B82CB6A5A1C22
:10CBC00024D01E33B3F5701F49D34FF6FF720B6BA1
:10CBD0004A815C1CCA8167D01E33B3F5701F71D2C5
:10CBE0003B2B91BF0123394AA2FB0323C3F34F130D
:10CBF0008B810B8200234B81CB79DB071CD491F90D
:10CC00001C300A7F002B54DBFF2316E00A6B4B8994
:10CC1000541C32D01E32B2F5701F3BD23B2A4FD982
:10CC20002A4CA4FB0242C2F34F1293428A810A8229
:10CC3000E0D2CB79DB07E2D50B6A4A7900934B6AE5
:10CC40000A2A019304D00A220023A1F805200B81AF
:10CC50006A4601AB1C31FBF72FF802B010BD3B2B2D
:10CC600092BF0123194AA2FB03230A6B88BFC3F3B7
:10CC70004F13541C4B81CB81CCD18A899A42D8D88E
:10CC8000002AD6D0B6E74FF6FF738B82CB6A5A1CC8
:10CC900097D1BBE74FF6FF72C7E7A2F17732A2FB4D
:10CCA0000323C3F34F13F0E78A89002AC1D0A1E719
:10CCB0007047BF2A4FF6FF7388BF6FF07F43BCE712
:10CCC0000122B2E78A810A8294E700BF89888888B6
:10CCD00038B500231E4D0446EA78C0E9083312B186
:10CCE0001C4BDB6883622B79002B2ED0194B1B6900
:10CCF0006A79E3626AB1174B5B6923630A69AB79AE
:10CD0000E26183B9E37903F0FE03E371EB79B3B930
:10CD100038BDA36AC3EBC303DB0823630A69AB799D
:10CD2000E261002BEED00B4B9869FAF7A9FBE3798F
:10CD3000206243F00103E371EB79002BE8D0054B4F
:10CD4000D869FAF79DFB606238BDA36A5B08CFE73C
:10CD5000B8490020C04900202DE9F04F866A80467E
:10CD600073798BB0032B04D003220023A6F805208F
:10CD700033810322314640460DF12603FFF78AFE38
:10CD80000746002800F08B8039234FF0020C4568DD
:10CD9000042240203221BDF82640F0352B55631C7B
:10CDA0009BB205F803C004EB0C039BB205F803C06B
:10CDB000E31C9BB2E854A3189BB2E954631D9BB2D9
:10CDC000EA54F069FAF75CFB0346E21D92B2029264
:10CDD00004F1080291B204F1090290B204F10A02CE
:10CDE000039191B204F10B02049090B204F10F028E
:10CDF00092B204F106091FFA89F907924FEA136B00
:10CE0000029A05F809B04FEA134905F80290039A0F
:10CE10004FEA132905F80290049A4FF0030AAB5425
:10CE20004FF037020591059B0690EA54069B04F1EA
:10CE30000C0005F803A04FF0010380B22B544FF013
:10CE40001C0304F10D0E04F10E0C1FFA8EFE1FFAE6
:10CE50008CFC05F80EA005F80C304FF0FF3304F100
:10CE60001001079A89B24329AB5407D8C4F13402A0
:10CE7000681892B2002103F073FD4421F031384666
:10CE800089B2FBF7DBF8144A432310683946134A8A
:10CE9000CDF80080FFF768FD3846FBF77BF9B379E2
:10CEA000FF2B14D00133DBB2092BB3710FD8C3EBC6
:10CEB000431203EB8203DB00094A03F2F3139BB234
:10CEC000A2FB03235B0933810BB0BDE8F08F142371
:10CED00033810BB0BDE8F08FB4490020301601104B
:10CEE000D34D621000232DE9F04F846A89B0627936
:10CEF0000646062AE36103D006222381A4F8052012
:10CF00000122214630460DF11E03FFF7C3FD054601
:10CF1000002865D03921436802204FF00309BDF88D
:10CF20001E20F0339954511C89B25854B6F830A0E1
:10CF300002EB00081FFA88F84FEA1A2B03F808B032
:10CF40004FF0370802EB090189B20291111D88B236
:10CF5000511D8FB202F1090189B205910299039026
:10CF600003F801A00399049703F801800499971D21
:10CF700003F801904FF00101BFB2D9554FF01C01E9
:10CF800002F1070E02F1080C1FFA8EFE1FFA8CFC4C
:10CF900003F80E9003F80C104FF0FF3102F10A0075
:10CFA000059F80B24328D95507D8C2F13A02002123
:10CFB000184492B203F0D4FC442000F1F00189B28D
:10CFC0002846FBF73BF8144B14491868144ACDE97E
:10CFD000006143232946FFF745FC2846FBF7DAF8B2
:10CFE000A379FF2B12D00133DAB2052AA2710DD832
:10CFF0004FF47A7393400B4903F2F3139BB2A1FBF6
:10D0000003135B09238109B0BDE8F08F78232381E6
:10D0100009B0BDE8F08F00BFB449002034160110FC
:10D0200030160110D34D6210002800F0ED802DE97C
:10D03000F04F866A07468BB0002E00F0E0807379CF
:10D04000012B04D001220023A6F8052033810322FE
:10D05000314638460DF12603FFF71CFD82460028B5
:10D0600000F0BA80392302224FF004084FF0320C4E
:10D070004568BDF82640F0352B55631C9BB2EA5439
:10D08000B7F830E0A018E11C04EB0802631D4FEA7A
:10D090001E2989B292B29BB280B205F8009005F8C1
:10D0A00001E005F802C005F80380F069FAF7E8F935
:10D0B00004F106094FEA106B1FFA89F904F1070E13
:10D0C00005F809B01FFA8EFE4FEA104904F1080C6A
:10D0D00004F1090105F80E901FFA8CFC4FEA102E9E
:10D0E00089B205F80CE068544FF0360104F10A02E9
:10D0F00004F10B0392B29BB2A95405F80380B06906
:10D10000FAF7BEF904F10D031FFA83FB04F10E03D5
:10D110009BB2039304F10F0399B204F110039BB285
:10D12000059304F1140204F1110304F10C081FFA31
:10D1300088F8049199B293B2020E05F808204FEADC
:10D140001048039A05F80B804FEA102805F8028072
:10D15000049A4FF00309A8544FF03700059A06913E
:10D16000A854069A04F1120E05F802904FF001023D
:10D170001FFA8EFE05F80E204FF01C020793079849
:10D1800004F1130C1FFA8CFC05F80C902A544FF094
:10D19000FF3204F1160189B204F115039BB2432951
:10D1A000EA5407D8C4F12E02681892B2002103F0A5
:10D1B000D7FB4421F031504689B2FAF73FFF134BB9
:10D1C00013491868134ACDE9007143235146FFF70C
:10D1D00049FB5046FAF7DEFFB379FF2B12D001333B
:10D1E000DAB2052AB2710DD84FF47A7393400A4926
:10D1F00003F2F3139BB2A1FB03135B0933810BB062
:10D20000BDE8F08F7823F9E7704700BFB4490020EC
:10D210003416011030160110D34D62108E4B2DE9DB
:10D22000F04F5D681446AE6A87B0002E00F0A08013
:10D230003379002B00F09C8053892B2B40F298808F
:10D2400053681A78022A40F0938095F838205AB330
:10D25000187F95F83210884240F08A80012A23D046
:10D2600095F83300597F884240F08280022A1BD013
:10D2700095F83400997F88427AD1032A14D095F822
:10D280003500D97F884273D1042A0DD095F8360035
:10D2900093F8201088426BD1052A05D095F83710F5
:10D2A00093F82120914263D15868FAF7E9F833687E
:10D2B00098425DD10022DFF8A8A1CAE90022638963
:10D2C0002B2B55D990464146B4F808B0F022D846E9
:10D2D000A94637468B460094154606E024688DB271
:10D2E0001FFA83F8002C42D063899D42A5EB03010D
:10D2F000A8EB0303F2D24545666880F0FD80F02A72
:10D3000040F09E81CDF80C90725DFF2A00F0F28013
:10D31000AB1C9BB29D422AD86189681C814240F3B4
:10D32000DC8006EB050C9CF801903B2A26D8DFE850
:10D3300002F03D992583252525252525252525250B
:10D34000252525252525252525252525252525258D
:10D35000252525252525252525252525252525257D
:10D36000252525252576B6A7C5252525693F009CB9
:10D37000204607B0BDE8F04FFAF70CBF4FF6FD723C
:10D380004D449542F3DC4B449BB21D468D42C0F0A8
:10D39000AE806D1AA8EB0101ADB21FFA81F84545C8
:10D3A000E5D22468002CE2D06668ADE785B2EDE7EF
:10D3B000B9F1040FDBD14FF6F9729542D7D80520A9
:10D3C0004A460635ADB201900020059001981AF842
:10D3D00000000028DAD1204605A90292FAF7BAFF28
:10D3E000029A9042C3D1B9F1040F00F025819DF853
:10D3F00014000122019B61890AF80320174A42F8B0
:10D400002300C3E7B9F1040FB1D14FF6F972954289
:10D41000ADD806354A46ADB2CDF80490D4E7B9F19F
:10D42000040FA4D14FF6F9729542A0D80320063517
:10D430004A46ADB20190C7E7B9F1030F97D94FF64D
:10D44000FD724D44954292DC0422072009EB03054E
:10D45000ADB291460190B7E73C520020C049002090
:10D46000B8490020B9F1040F81D14FF6F972954205
:10D470003FF67DAF062006354A46ADB20190A3E7E0
:10D48000B9F1010F7FF473AF4FF6FE7290423FF493
:10D490006EAF03354A46ADB2CDF8049094E7B9F1CA
:10D4A000010F7FF464AF4FF6FE7290423FF45FAF1E
:10D4B000002003354A46ADB2019085E7B9F1040F6B
:10D4C0007FF455AF4FF6F97295423FF650AF022008
:10D4D00006354A46ADB2019076E7D4F800C0BCF1FB
:10D4E000000F2AD0DCF804C09CF800901DE74545E9
:10D4F000FFF40AAFDDF80C909AF8003053B1002326
:10D500008AF80030DA4B1B68012B12D0022B05D0B1
:10D51000032B0CD0BBF1000F00F048824FF0000B42
:10D520004FF06C082C22009B009C5B89D4E64FF0E6
:10D53000010B4FF0EC086C22F5E73B2A3FF625AFD4
:10D5400001A555F822F000BFADD300106FD3001035
:10D550008BD300106FD300108BD300108BD300102F
:10D560008BD300108BD300108BD300108BD3001003
:10D570008BD300108BD300108BD300108BD30010F3
:10D580008BD300108BD300108BD300108BD30010E3
:10D590008BD300108BD300108BD300108BD30010D3
:10D5A0008BD300108BD300108BD300108BD30010C3
:10D5B0008BD300108BD300108BD300108BD30010B3
:10D5C0008BD300108BD300108BD300108BD30010A3
:10D5D0008BD300108BD300108BD300108BD3001093
:10D5E0008BD300108BD300108BD300108BD3001083
:10D5F0008BD300108BD300108BD300108BD3001073
:10D600008BD300108BD300108BD300108BD3001062
:10D610008BD300106FD300106FD300106FD30010A6
:10D620006FD300108BD300108BD300108BD300105E
:10D630006FD300106FD300100598F9F721FFD8E6DB
:10D64000CDE90197725DFF2A00F02E81AB1C9BB2E1
:10D65000AB42FFF48CAE6089691C814280F21C8170
:10D6600077197F783B2A7BD80FF2040C5CF822F004
:10D6700075D8001055D8001061D7001079D8001067
:10D6800061D7001061D7001061D7001061D700107A
:10D6900061D7001061D7001061D7001061D700106A
:10D6A00061D7001061D7001061D7001061D700105A
:10D6B00061D7001061D7001061D7001061D700104A
:10D6C00061D7001061D7001061D7001061D700103A
:10D6D00061D7001061D7001061D7001061D700102A
:10D6E00061D7001061D7001061D7001061D700101A
:10D6F00061D7001061D7001061D7001061D700100A
:10D7000061D7001061D7001061D7001061D70010F9
:10D7100061D7001061D7001061D7001061D70010E9
:10D7200061D7001061D7001061D7001061D70010D9
:10D7300061D7001061D7001061D70010E9D7001041
:10D740006FD3001021D8001005D8001061D7001049
:10D7500061D7001061D700103BD8001097D7001098
:10D760004FF6FD723D4495423FF701AE3B449BB2FC
:10D770001D468542C0F095802D1AA8EB0000ADB281
:10D780001FFA80F84545BFF4F2AD2468002C3FF441
:10D79000EEAD666856E7042F7FF4E9AD4FF6F972F7
:10D7A00095423FF6E4AD3A464FF005090635ADB275
:10D7B000002105911AF809100029DAD1204605A99F
:10D7C0000392FAF7C7FD039A90427FF4D0AD042F7D
:10D7D00000F058819DF8140001220AF80920244A1B
:10D7E00042F829006089C4E7042F7FF4C0AD4FF6EA
:10D7F000F97295423FF6BBAD06353A464FF0030944
:10D80000ADB2D5E7042F7FF4B2AD4FF6F972954271
:10D810003FF6ADAD06353A464FF00209ADB2C7E767
:10D82000012F7FF4A4AD4FF6FE7291423FF49FADFD
:10D8300003353A46B946ADB2BAE7042F7FF497AD47
:10D840004FF6F97295423FF692AD06353A46B94623
:10D85000ADB2ADE7042F7FF48AAD4FF6F972954271
:10D860003FF685AD06353A464FF00609ADB29FE763
:10D87000C04900208DB27CE7032F7FF678AD4FF6CC
:10D88000FD723D4495423FF772AD0422FD184FF002
:10D8900007091746ADB28BE7276847B17F683F7825
:10D8A000E0E64545FFF4CEAEDDE9019724E63B2AEC
:10D8B0003FF65EAF01A555F822F000BF75D8001005
:10D8C0006FD3001071D700106FD3001071D7001004
:10D8D00071D7001071D7001071D7001071D70010E8
:10D8E00071D7001071D7001071D7001071D70010D8
:10D8F00071D7001071D7001071D7001071D70010C8
:10D9000071D7001071D7001071D7001071D70010B7
:10D9100071D7001071D7001071D7001071D70010A7
:10D9200071D7001071D7001071D7001071D7001097
:10D9300071D7001071D7001071D7001071D7001087
:10D9400071D7001071D7001071D7001071D7001077
:10D9500071D7001071D7001071D7001071D7001067
:10D9600071D7001071D7001071D7001071D7001057
:10D9700071D7001071D7001071D7001071D7001047
:10D9800071D7001071D700106FD300106FD3001043
:10D990006FD300106FD3001071D7001071D7001033
:10D9A00071D700106FD300106FD300109AF80130B8
:10D9B0004D463E46D846009C002B3FF4D9AC334A36
:10D9C00067681379052B1BD0062B2AD0022B7FF416
:10D9D000CFAC7379062B7FF4CBAC9AF80230002BD6
:10D9E0003FF4C6ACAE6A9068A6F80880F9F748FD27
:10D9F0000346B3613B692846F361FFF715FBB7E4C3
:10DA0000737903F0FD02012A25D0043B012B3FF678
:10DA1000AFAC3946A86AFFF75BF92846FFF7B8F8BC
:10DA2000A6E47379DA1E022A02D9012B7FF4A0AC96
:10DA3000AB6A5A790C2A04D00C210022A3F80510F5
:10DA40001A81134B28461A461946FAF735F9284623
:10DA5000FFF748FA8CE43946A86AFFF739F995F8D8
:10DA600039301B07D9D5A96A4B79082B04D0082374
:10DA7000A1F80880A1F80530CA692846343102F0BF
:10DA80009BFD75E40598F9F7FBFCA5E6C04900206D
:10DA9000341601102DE9F0470129064684B073D0F1
:10DAA000022906D0002978D104B0BDE8F047FFF77D
:10DAB0006FB83B4B1A461946FAF7FEF8D6F828809D
:10DAC00098F805300C2B05D00C220023A8F805206F
:10DAD000A8F808300422414630460DF10E03FEF747
:10DAE000D9FF0746002858D0322304224568BDF8E4
:10DAF0000E40F0352B55631C9BB2EA54D8F81C003D
:10DB0000F9F7BEFC4FF0FF0904F102081FFA88F88C
:10DB100004F1030EE11D4FEA106A05F808A01FFA90
:10DB20008EFE04F1040C621D89B2A31D4FEA104859
:10DB300005F80E801FFA8CFC92B29BB24FEA102EB1
:10DB4000432905F80CE0A85405F8039007D8C4F160
:10DB50003D02681892B2002102F002FF4421F03128
:10DB6000384689B2FAF76AFA0E4A0D49106843231B
:10DB7000CDE900610C4A3946FEF774FE384604B020
:10DB8000BDE8F047FAF706BB836A5A790C2A1CBF36
:10DB90000C22A3F8052014221A8104B0BDE8F087F6
:10DBA00034160110B44900203016011000286ED040
:10DBB0002DE9F04190F839300446DB0764D5038E37
:10DBC000856AB3F5107F5CD3002D52D02B79314F8D
:10DBD0001BBB48220021284602F0C2FE20462E4AE6
:10DBE00005F1340102F0BEFC3E782EB301232B7107
:10DBF0001E4494F839303E7013F0040309D16A7959
:10DC0000022A03D002222B81A5F805200020BDE8BE
:10DC1000F0812046FFF766F9F8E73E78013EF6B25C
:10DC20003E70002ED5D1DFF87C80D8F80000FEF7DA
:10DC3000EBFEC8F80060CCE7FEF700FFDFF8648079
:10DC4000C8F80000E8B1427A144942F0200242725A
:10DC50004422FEF78DFD43221049D8F80000FEF75C
:10DC6000A3FE32460E49D8F80000FEF7C9FE3E7802
:10DC7000BCE74820F9F772FE054610B1054FA062D7
:10DC8000A7E74FF0FF30C2E76FF00F00BFE76FF07C
:10DC90000F007047B3C5002095DA0010341601104C
:10DCA0001DD20010B4490020836A2BB15A79052A8D
:10DCB00003D8022A03D832B970470A2A03D10022B6
:10DCC0009A71FFF749B800229A71FFF70BB900BFAC
:10DCD0002DE9F04F846A0646637989B0052B04D09C
:10DCE00005220023A4F80520238103222146304683
:10DCF0000DF11E03FEF7CEFE0546002800F08580DC
:10DD0000392143680220BDF81E20F0334FF003098B
:10DD10009954511C89B25854B6F830A002EB00084F
:10DD20001FFA88F84FEA1A2B03F808B04FF03708AB
:10DD300002EB090189B202F10900029180B2111DC2
:10DD40008FB2059002980397511D03F800A089B285
:10DD50000398049103F800800498971D03F800903D
:10DD60004FF00100BFB2D8554FF01C0002F1070E72
:10DD700002F1080C1FFA8EFE1FFA8CFC03F80E90BD
:10DD800003F80C004FF0FF3002F10A01059F89B241
:10DD90004329D85507D8C2F13A02581892B2002147
:10DDA00002F0DEFD4421F031284689B2FAF746F947
:10DDB000174A432310682946009604F11802FEF71B
:10DDC000D3FD034628461D46FAF7E4F9A379FF2B55
:10DDD00015D00133DBB2092BA37110D82846C3EB51
:10DDE000431203EB82031B010A4A03F2F3139BB2B3
:10DDF000A2FB03235B09238109B0BDE8F08F282330
:10DE00002846238109B0BDE8F08F4FF0FF35DDE7EC
:10DE1000B4490020D34D62102DE9F04F846A87B0D9
:10DE200044B3627932B30023A1690A2A0546C4E9E2
:10DE30000633C4E90833C4E90B330591A362C4F87F
:10DE40000E30C4F8123018D0043A012A15D9A4F8BB
:10DE500005302381284604F1340102F097FB237931
:10DE600043B13C4B1D78013DEDB21D70002D6BD0D0
:10DE70000023237107B0BDE8F08F4FF0000907229F
:10DE8000214628460DF11203A4F80590A4F8089045
:10DE9000FEF700FE074600284FD0362304224168D3
:10DEA000BDF8126001F1F00808F80630731C9BB24F
:10DEB00008F803200598F9F7E3FA4FF0FF0A731DFD
:10DEC0009BB206F1020E1FFA8EFE039306F1030CBD
:10DED000030EF11D08F80E301FFA8CFC039B321D57
:10DEE00089B206F1060B4FEA104E08F80CE092B228
:10DEF0001FFA8BFB4FEA102C432908F802C008F8E0
:10DF0000030008F80BA008D8C6F13D0208EB010099
:10DF100092B2494602F024FD4421F031384689B2DC
:10DF2000FAF78CF80C4A432310683946009505AA85
:10DF3000FEF71AFD3846FAF72DF9084B28461A461F
:10DF40001946F9F7B9FE85E7034E3068FEF75CFD28
:10DF500035608DE7B3C50020B449002034160110A8
:10DF60002DE9F04F6F4B89B01D68DDB1AC6AB4B1DB
:10DF70006379A3B1A18A29B1628A013292B2914236
:10DF8000628212D0228A1AB1511E012A218213D034
:10DF9000E28922B1511E012AE18100F0A9802D6899
:10DFA000002DE3D109B0BDE8F08F2846FFF734FF1C
:10DFB0002846FFF7FBFDF2E75A1ED2B2092AEED837
:10DFC00040F2192121FA02F2D207E8D5042B04D03D
:10DFD00004220023A4F80520238103222146284699
:10DFE0000DF11E03FEF756FD0646002862D03921CA
:10DFF000426802204FF00309BDF81E30F032D154C0
:10E00000591C89B25054B5F830A003EB000803EB5B
:10E01000090E1FFA8EFE1FFA88F84FEA1A2B02F833
:10E0200008B002F80EA04FF0370E191D89B203F1A7
:10E030000900029180B205900298591D02F800E093
:10E040004FF0010E8FB20397991D039889B2049186
:10E0500002F80090049803F1070C02F800E04FF07A
:10E060001C0003F10807BFB21FFA8CFC02F80C90E9
:10E07000D0554FF0FF3003F10A01059F89B24329C3
:10E08000D05507D8C3F13A03501800219AB202F0D4
:10E0900067FC4421F031304689B2F9F7CFFF224ABC
:10E0A000432310683146214A0095FEF75DFC304657
:10E0B000FAF770F8A379FF2B31D00133DBB2092BCB
:10E0C000A3712CD8C3EB431203EB8203DB00184A85
:10E0D00003F2F3139BB2A2FB03235B09A28A618ABA
:10E0E0002381531A012B7FF75AAF5B10238256E727
:10E0F000013BDBB2092B3FF652AF40F2112222FA6C
:10E1000003F3DB077FF54BAF2846FFF7E1FDA3895B
:10E11000628A9B1A012BC4BF5B10E3813FE7142383
:10E12000DCE700BF2CBD0020B449002030160110F0
:10E13000D34D6210264B10B51C6824B92CE0013A6F
:10E140001A81246844B3A36A002BFAD01A89012AE1
:10E15000F5D8F6D100215A791981013A0B2AF0D865
:10E1600001A151F822F000BFB1E1001043E100101D
:10E17000A3E1001043E1001043E100109BE1001017
:10E1800043E1001043E1001043E1001043E10010BF
:10E1900043E100109BE1001010BD2046FEF7A2FEF7
:10E1A000CFE79B792046012B0FD9FEF79BFEC8E7EE
:10E1B0009B792046052B02D8FEF736FFC1E7FFF713
:10E1C0002BFE2046FFF7F2FCBBE7FEF7C5FDB8E7E4
:10E1D0002CBD00202DE9F04F06469046A94D85B094
:10E1E000002800F0C180002A00F04E814FF0000CA2
:10E1F0004FF00A0995F814A02F46E3466446CDE98E
:10E200000199CDF80CC0BAF1000F32D023460A2490
:10E2100032686868824269D0BAF1010FB5F812E03D
:10E220005DD0E645019824BF1846F44601900133BD
:10E230001FFA83FEBEF10A0F1BB266D00A2C44D02F
:10E240008E4603E0BCF10A0F03B246D003EB430253
:10E2500007EBC202157D581C1FFA80FC002DF1D07F
:10E26000356851688D42EDD192689045EAD11C46DF
:10E2700027E0A2B2531C1FFA83FEBEF10A0F1BB2A5
:10E2800000F0ED8095F82CA01835BAF1000FBFD141
:10E29000931C9AB20A2A1BB2D2D1012940F0EF8016
:10E2A0002546D6F800E005EB450307EBC303C3F8AA
:10E2B00004E06B0000222B4407EBC303C3F8088083
:10E2C0005A82204605B0BDE8F08F95F82CA018358D
:10E2D0001C46BAF1000F99D1CBE77146DDE72868FB
:10E2E00048B1DE4524BFF3469946A0E7A8688045BB
:10E2F00092D11C46E5E70398864528BF70460390F7
:10E30000029828BF1846029091E701299646019885
:10E3100040F0B5800A2C40F09380029C09281FDD54
:10E320000A2C04D1B9F1090F00F3A9804C4604EB83
:10E33000440A4FEACA0A57F80A0025464FEA440938
:10E3400020B1F9F727FF002347F80A300023A14442
:10E3500007EBC90989F8143026B1D6F800E0A2E726
:10E360000446E4E76300A5E74FF00A0B864604463F
:10E37000824601902F465846D9462A7DFAB91FFA9F
:10E3800084FC0CF101039AB20A2A1BB26ED095F8F4
:10E390002C20183572B1012AB5F812C016D0F445F8
:10E3A00024BFE646184601339AB20A2A1BB250D05F
:10E3B0000A2C13D0012962D1254663007AE7012A8D
:10E3C0002346B5F812C04FF00A04E8D12A68002AA3
:10E3D00038D0D44524BFE2469946E4E718351C46B8
:10E3E0002A7DCBE7224695F82C00183500285AD113
:10E3F00093B25C1CA0B20A2824B23DD095F82C0040
:10E400001835002851D1023398B20A2818BF944613
:10E4100001991CB27BD004EB440307EBC3031A7DC4
:10E42000601C85B222B132685B689A423FF449AF02
:10E430000A2D04B2EFD1012921D16446D6F800E0BB
:10E44000254630E7019A944524BF62469B460192D7
:10E45000A9E7012913D10A2CAED15C465EE7012958
:10E460000DD10924D6F800E025461CE7012906D184
:10E470000924122325461DE701990129F1D04FF007
:10E48000FF341EE75848002095F814C04FF00A09E1
:10E4900063462F4693469246CC4618460392CDF8E3
:10E4A00008900191A2E714460A22336869688B42FA
:10E4B0003FF407AF0128B5F812E00DD0DE4524BFC8
:10E4C000F346A4460134A0B20A2824B20DD00A2A89
:10E4D00088D0944601999EE7286888B103998E45B3
:10E4E00024BF7146A1460391ECE7019960460129DA
:10E4F0009E46C4D10A2A3FF410AF14461546D2E610
:10E50000D645029924BF2146F2460291DAE7012955
:10E51000B5D115461446D6F800E0C4E62DE9F0471B
:10E52000074682B0884691461C214FF420720E2087
:10E530001E46DDF82CA0BDF83440F9F7C9FC90B3B5
:10E54000054620466C68F8F797FF40F60601E08024
:10E55000384640F20647D6F800C04B46C4F808C01B
:10E56000B6884246A681DAF80060C4F81260BAF8AC
:10E570000460E6820A9E3668C4F80E600C9E366817
:10E58000A780A6610B4E26600091294601F07CFC15
:10E59000094A2846138B01331383F9F7FBFD00204A
:10E5A00002B0BDE8F087044A4FF0FF30938C01338E
:10E5B0009384F5E700010800605200202DE9F04146
:10E5C000254B02EB4202D2009F180E46397D02F124
:10E5D0000C050229044684B01D440DD004F1320814
:10E5E0004FF400672B46424631462046009701F023
:10E5F0004BFC04B0BDE8F081798AB1F58E7F17D865
:10E60000B1F5877FEAD304321A4401230393134BF5
:10E6100000F132080193031D029200932A464346FB
:10E620004146FFF77BFF0028DAD103233B75D7E78C
:10E6300004321A4401230393084B00F1320801937A
:10E64000031D0292009341464346054AFFF766FFC9
:10E650000028C5D1E9E700BF58480020381601104E
:10E660004016011070B51D4C002684B004F1F00571
:10E670000AE0012A1FD0032A2DD0042A01D1022347
:10E6800023741834AC4214D0227C002AF9D0E389D8
:10E6900001339BB2B3F5967FE381EAD354F8040CBF
:10E6A00018B1F9F777FD44F8046C26741834AC42BD
:10E6B000EAD104B070BD042BF0D803926068084A18
:10E6C00000F132030192021D00921946054A02949C
:10E6D000FFF724FFD5E704232374D2E75C4800202A
:10E6E0003816011040160110002900F086802DE92F
:10E6F000F04F46680446338889B0B3F5807F02D175
:10E700003379062B0CD02046564B198DDA8B01310C
:10E7100001321985DA8309B0BDE8F04FF9F73ABD47
:10E720007379042BEFD17388082BECD10D46DFF8F9
:10E7300034813146B8F81A3028460133A8F81A3027
:10E7400001F0EEFFD6F80E206F680792002F55D12A
:10E7500006F10809002A7AD04FF0020A05972946E7
:10E760001046049200F0F6FE8346C0BB049A02F005
:10E77000F002E02A33D051462A4607A8FFF72AFDC7
:10E7800000282CDB4FF0020E374900EB400001EB74
:10E79000C00282F814E095604FEAC00CD9F800007E
:10E7A0000CF10C0E41F80E00B9F804008E44AEF8DE
:10E7B000040051F80CA0A2F812B0BAF1000F0ED06C
:10E7C0004FF4006341F80CB02846009351464B4685
:10E7D00005F1320201F058FB5046F9F7DBFCF388F3
:10E7E000B3F5807F18D0B3F5007F04D0B8F82C3093
:10E7F0000133A8F82C3020468DE77047B91AB1FADA
:10E8000081F1B36949099F42059106F1080919D1BF
:10E810001AB30127BA46A2E7002FECD0059B002BC4
:10E82000E9D1022607A905F132030291291D0091C1
:10E830004A4628461946CDF804900396FFF76EFE27
:10E84000204668E71AB100274FF0020A87E7F388ED
:10E85000B3F5807FC7D120465DE7F388B3F5807FAD
:10E86000C1D1DBE760520020584800202DE9F04F6D
:10E870000E460446014685B03068174600F06AFE31
:10E88000002840F09880336803F0F002E02A00F09E
:10E890009280002B00F08F80224601213046FFF746
:10E8A00099FC051E58DBDFF824A105EB45080AEBAF
:10E8B000C80898F8142004F1320B4FEA450902BB4E
:10E8C0004FF0010EC8F8084088F814E0CDE9026E58
:10E8D0003A4E04F1040C5B4659462046384A0196EC
:10E8E000CDF800C0FFF71AFE003818BF01204042E3
:10E8F00027B198F81420012A1CD805D005B0BDE82E
:10E90000F08F97B3012A15D13B461A7B52063DD4AE
:10E910001B68002BF9D13846F9F74AFC09EB0503CF
:10E920005AF8330008B1F9F735FC4D444AF8357010
:10E930000020E3E720464FF40064A9440094214CF2
:10E940000AEBC9095A46394609F10C03257001F052
:10E950009BFA05B0BDE8F08F1FB11B4A938C0133C1
:10E96000938468B205B0BDE8F08F0125134A2046B4
:10E970000192221D00925B465946114A0296039568
:10E98000FFF7CCFD80B14FF0FF30B7E73A464FF4C8
:10E9900020710E20F9F71CFD07460028BED10A4A57
:10E9A000938C01339384EEE798F81430012BBFD198
:10E9B000A8F81200BCE76FF00F009FE738160110AF
:10E9C00040160110B4C500206052002058480020B5
:10E9D0002DE9F04104460E4684B001461068154604
:10E9E00000F0B8FD002840F09780296801F0F0039E
:10E9F000E02B73D06368A2684B40134284460AD070
:10EA00004FF6A9638AB29A4205D0E168002900F066
:10EA1000D78004F10C05DFF8BC816B4B98F800201F
:10EA200002EB420003EBC00090F814E0BEF1010FCE
:10EA300002D98768A74271D01A7D012A02D99A6843
:10EA4000944279D093F82C20012A02D91A6A944270
:10EA50007BD093F84420012A02D99A6B94427AD051
:10EA600093F85C20012A02D91A6D944279D093F868
:10EA70007420012A02D99A6E944278D093F88C209F
:10EA8000012A03D9D3F88020944276D093F8A420A9
:10EA9000012A03D9D3F89820944274D093F8BC206B
:10EAA000012A03D9D3F8B020944273D093F8D4202C
:10EAB000012A03D9D3F8C820944272D093F8EC20ED
:10EAC000012A03D9D3F8E020A24271D03246294668
:10EAD000204604B0BDE8F041FFF7C8BE01215E2228
:10EAE0006B78ADF8081003F07F038DF80B30AB782E
:10EAF0008DF80A208DF80C30EB788DF80D3002ABD4
:10EB00004FF400653146204604F13202009501F0D1
:10EB1000BBF904B0BDE8F0812C4BF1E740688842B6
:10EB20008AD1314620462A4DEB8D0133EB8504B066
:10EB3000BDE8F041FFF742BD5A68914282D162467A
:10EB40003146204688F800C0F1E7DA69914280D169
:10EB50004FF0010CF3E75A6B914281D14FF0020C58
:10EB6000EDE7DA6C914282D14FF0030CE7E75A6E81
:10EB7000914283D14FF0040CE1E7DA6F914285D1E5
:10EB80004FF0050CDBE7D3F89420914286D14FF08B
:10EB9000060CD4E7D3F8AC20914287D14FF0070C94
:10EBA000CDE7D3F8C420914288D14FF0080CC6E7D6
:10EBB000D3F8DC308B4208BF4FF0090C86D1BEE79A
:10EBC0006FF00300A5E700BF584800204016011071
:10EBD00060520020B4C500202DE9F0414FF42072AE
:10EBE00006460F4682B01C210E20F9F771F998B342
:10EBF000446805460120F8F73FFC40F2064C40F619
:10EC00000601E080D6F8323006F13208A3603046C3
:10EC1000154BB8F80460154AA68112681E689B88D7
:10EC2000C4F80E20C4F81260E3823B684246A36138
:10EC30000F4BA4F804C023600E4B0091294601F04D
:10EC400023F90D4A2846138B01331383F9F7A2FAEF
:10EC5000002002B0BDE8F081074A4FF0FF30938CEE
:10EC600001339384F5E700BF381601103416011004
:10EC70000001080040160110605200202DE9F0410B
:10EC80004FF4207206460F4682B01C210E20F9F781
:10EC90001FF990B3446805460120F8F7EDFB40F2F8
:10ECA000064C40F60601E080D6F8323006F1320814
:10ECB000A360154BB8F8042030461E689B88A281DB
:10ECC000C4F81260E3823B684246C4F80E303B68E9
:10ECD000A4F804C0A3610D4B23600D4B009129469D
:10ECE00001F0D2F80B4A2846138B01331383F9F74E
:10ECF00051FA002002B0BDE8F081064A4FF0FF3023
:10ED0000938C01339384F5E7381601100001080055
:10ED100040160110605200202DE9F047644E654F07
:10ED2000B6F86230D7F80890013384B0A6F86230A4
:10ED300099F80040054604F00F04A400132C14D9E0
:10ED40004389032B11D943681B781BB3082B17D1B8
:10ED5000786900F0F003E02B25D08846396800F090
:10ED6000F9FB00BB2B89072B26D82846F9F712FAA6
:10ED7000B6F86A300133A6F86A3004B0BDE8F0870F
:10ED8000B6F87020B6F8663001320133A6F870206C
:10ED9000A6F86630284604B0BDE8F047F9F7FAB99E
:10EDA0005046F9F7F7F92846F9F7F4F9B6F8743050
:10EDB0000133A6F87430E0E72846F8F74BFC00284A
:10EDC00066D104F10E0A51462846F9F76FF900287A
:10EDD00067D02B89191989B28B42E4D84FF420727D
:10EDE0000E20F9F775F882460028DCD0428904F13C
:10EDF00008039A42D5D349462246406801F07EFF77
:10EE000021465046F9F77AF90028C9D129465046DB
:10EE1000F9F798FA0028C3D12846F9F7BBF9554607
:10EE200021462846D5F80490F9F740F90028B1D1D9
:10EE3000D7E904314FF6F7726F68F9603B6189F8E2
:10EE40000000E873B9F80230214693428CBF0933C1
:10EE500008339BB2A9F8023000244FF0FF09BC72BE
:10EE600087F80890FC723846F8F7B0FB78810127E4
:10EE7000CDF808800094B6F860104B463944A6F8E7
:10EE80006010224628460C49019700F04DFA81E7B0
:10EE90002846F9F77FF9B6F868300133A6F86830EC
:10EEA0006BE751462846F9F729F90028B8D07AE7E8
:10EEB000605200203C520020505200202DE9F043C7
:10EEC00007463C8988461C2C28BF1C2404F10801F5
:10EED00087B04FF42072222089B2F8F7F9FF98B377
:10EEE0000026032322464468D7F80490394623704D
:10EEF00084F80180082326716671A671E6710546C3
:10EF0000F9F798F9D9F80C3005A8059300F06EF8D8
:10EF10000746B0B120466989A670E670F8F756FB3F
:10EF20006080029701270A4C0096B4F86000FF2326
:10EF30003844A4F860003146284605AA019700F03D
:10EF4000F3F92846F9F726F907B0BDE8F08300BFCA
:10EF5000605200202DE9F04307463C8988461C2C6E
:10EF600028BF1C2404F1080187B04FF4207222202E
:10EF700089B2F8F7ADFF98B300260B232246446808
:10EF8000D7F804903946237084F80180082326714D
:10EF90006671A671E6710546F9F74CF9D9F80C309F
:10EFA00005A8059300F022F80746B0B1204669890C
:10EFB000A670E670F8F70AFB6080029701270A4CFA
:10EFC0000096B4F86000FF233844A4F8600031468E
:10EFD000284605AA019700F0A7F92846F9F7DAF8BC
:10EFE00007B0BDE8F08300BF6052002030B4184B7A
:10EFF0001B68ABB193F83920D407F9D55107F7D581
:10F0000059680029F4D004689D686140294204D001
:10F010009207EDD4DA689442EAD1184630BC7047C2
:10F020000C4B1B6853B193F8392002F00502052AF6
:10F0300004D15A6812B102787F2AEED1002330BC85
:10F0400005491846B1F856200132A1F856207047FC
:10F050002CBD002028BD0020605200202DE9F84F73
:10F06000AE4CD0F80480B4F84A300133A4F84A30EA
:10F0700098F800301A09042A0ED0F9F78BF8B4F882
:10F080005C20B4F84E3001320133A4F85C20A4F8BF
:10F090004E300020BDE8F88F054603F00F03B8F8A6
:10F0A00002009E000F46F8F7E7F92B89814683425C
:10F0B00017D86B89B34204D32B894B4501D3132E48
:10F0C00017D82846F9F766F8B4F85220B4F84E304D
:10F0D000013201330020A4F85220A4F84E30BDE8DC
:10F0E000F88F01462846F8F7A9FF6B89B342E3D2AF
:10F0F000E7E731464046F8F769FA002840F0DF803C
:10F10000D8F81020D8F80C00DFF8189297F83930AA
:10F1100002F0F001E029C9E9040203F0010366D11D
:10F12000002B00F09C807B68002B00F0988000286A
:10F1300040F0C380BA46B8F8063023F0C0033BB1B4
:10F14000284600F057FB05460028A2D0D0F80480DE
:10F15000C9E900A7C9F8088098F80030394603F0DB
:10F160000F039B002846A9F80C30F9F741F9012854
:10F17000834632D031462846F8F7C0FF98F8093068
:10F18000062B00F0C080112B00F0B880012B00F09E
:10F19000B080BBF1020F1DD05146D9F8140000F029
:10F1A000D9F968B9D9F8143003F0F003E02B07D08F
:10F1B00031462846F8F7BCFF02212846FFF77EFEBD
:10F1C000B4F85820B4F84E3001320133A4F8582076
:10F1D000A4F84E302846F8F7DDFF0023C9E90033D4
:10F1E000C9E90433C9F80830A9F80C3051E7002BFD
:10F1F00043D1D2B27F2A4ED0494BD3F800A0BAF106
:10F20000000F09D147E0514600F0A4F990B9DAF8AF
:10F2100000A0BAF1000F3ED05745F8D09AF8393027
:10F22000DB07F4D5DAF80430002BF0D0D9F814005D
:10F230008342E8D1D9F8100000283FF47CAF39466A
:10F2400000F088F900284BD1D9F8103003F0F00312
:10F25000E02B45D0BAF1000F7FF46DAF04E098F8D1
:10F260000930112B1BD0C0BBB4F84E3028460133F7
:10F27000A4F84E30F8F78EFF0BE77B68002BB8D070
:10F28000934245D01046394600F064F9002841D138
:10F29000D9F81420ADE798F80930112B0AD108EB02
:10F2A00006035B88B3F5884F3FF444AFB3F5864F50
:10F2B0003FF440AFD9F81000D5E7BA46BFE728467B
:10F2C000F8F768FFB4F85020B4F84E30013201333B
:10F2D000A4F85020A4F84E30DBE64FF0000AAEE769
:10F2E0002846F8F757FFB4F84E300133A4F84E30F3
:10F2F000CFE639462846FFF70FFD6EE73946284628
:10F30000FDF7E2F869E739462846FAF7C7FF64E7F0
:10F31000BA4691E7BA46D9F810008DE7605200204E
:10F320002CBD00203C5200202DE9F04F85B01C463A
:10F3300005469DF838B09DF83C30109F002A60D0FB
:10F340008946904609B10A680AB907F104091421EF
:10F3500028460193F8F7AAFE019B824600285FD158
:10F3600045206E684FEA0B2234727372D8F8001091
:10F3700043EA042330700243080C86F801B01C12E3
:10F38000316110FA81F10A4444EA0324288912FA0F
:10F3900084F4F8F771F80346DFF89CB086F806A00D
:10F3A00086F807A073809A46BBF80000F8F764F867
:10F3B000D9F80010B08014FA81F303EB11435344E1
:10F3C00003449AB202EB134303EB1343DB43F160B4
:10F3D000BBF8001073810131ABF80010154AB2F888
:10F3E00048300133A2F848303B8E13B12A899A4243
:10F3F00010D84246294638467B69984705B0BDE893
:10F40000F08F4389132B0BD943680DF10C081B694E
:10F410000393E3E742463946284600F0F7FBEDE761
:10F42000044A6FF00100B2F85C300133A2F85C309E
:10F43000E4E700BF60520020A0C500202DE9F04F96
:10F4400085B099469DF83C3004469DF838A0109E42
:10F450000193002A5ED0884614211746F8F726FE4D
:10F46000019B8346002866D14521656843EA09224D
:10F4700085F808906B723B6885F801A04FEA0A2A6C
:10F4800029704AEA010A190C4FEA22292B612089C6
:10F4900011FA83F39A4449EA0229F7F7EDFF03468C
:10F4A0001AFA89F9DFF8A8A06B80BAF8000085F88D
:10F4B00006B085F807B09944F7F7DEFFBAF80030D8
:10F4C000A8800133AAF8003000EB0903B8F1000F5F
:10F4D00028D0D8F8002013FA82F303EB1243EA6035
:10F4E0009AB202EB134303EB1343DB436B81164ADF
:10F4F000B2F848300133A2F84830338E13B1228974
:10F500009A4212D83A46214630467369984705B068
:10F51000BDE8F08F4389132B0DD9436803AF1B69F6
:10F520000393E4E7094A1268D5E73A463146204694
:10F5300000F06CFBEBE7044A6FF00100B2F85C30BE
:10F540000133A2F85C30E2E760520020341601106B
:10F55000A0C50020421E0332034615D891F8390099
:10F5600010F002000FD04A689A420BD089685A40C6
:10F570000A4207D1C84323EA0103181AB0FA80F0FF
:10F580004009704700207047012070472DE9F04185
:10F590004FF0000E7746036882B02D4D2D4C01AE22
:10F5A0000193002116F8018B0846C446A4FB0832DB
:10F5B000D20802EB8203A8EB43033033013103F09E
:10F5C000FF035FFA82F8BCF1090F0DEB0002C9B22C
:10F5D0001370E9D806F8017C09B3BEF1100F0EF1E3
:10F5E000010218D02B70431EDBB2691CC8B1102A6F
:10F5F0000EF102010FD00DEB030212780238C0B2F7
:10F600006A70FBB110290EF1030204D00DEB000368
:10F610001B78AB70C8B1002002B0BDE8F08129466C
:10F620007246102A02F1010EF5D02E230D4605F880
:10F63000013B02ABB342B4D1002305480B7002B0CA
:10F64000BDE8F0810A46A91CEBE7E91CE9E700BF29
:10F6500038C50020CDCCCCCC2DE9F041446807461C
:10F66000636888469A8812B3002625466368284650
:10F670001C68F8F793FD0346284633449EB2F8F71A
:10F6800089FD002CF1D1174B3A68196805208F428B
:10F6900018BFC8F80020394608BF1A60F8F748FAC2
:10F6A000114A304613889B1B1380BDE8F0811A680D
:10F6B000C5684260796982680069D96098601A609B
:10F6C0005D60BA69012120461A61FFF743FC2046BC
:10F6D000F8F764FD06462046F8F75CFD7C68002CD0
:10F6E000C3D1D0E7F0C30020A2C500202DE9F04728
:10F6F000002705460E46DFF8B080D8F80000002845
:10F7000049D00024A64621462246D5F80CC04369BC
:10F7100063451FD0013492B392F81FA090F81F9058
:10F720000368D1450CD98BB359698C4510D001467B
:10F73000184690F81F900368D14504F10104F2D8EF
:10F7400073B35A698E469445024601D0CA46EEE725
:10F7500001461846D5F8109083694B45DAD1B0F8C8
:10F760000C90AB889945D5D1814671461046D9F8A1
:10F7700000308E4602464BB149461846C7E78146DF
:10F78000D9F800308E460246002BF5D132B9B74287
:10F7900001DA012CB1DC3846BDE8F087104671462D
:10F7A000FFF75AFF0744F2E7F0C3002010B5044604
:10F7B000406908B1F8F7EEFC2146BDE8104006208C
:10F7C000F8F7B6B938B50A4B1C684CB10025E37F91
:10F7D00020465A1E246823B10546C277002CF6D174
:10F7E00038BD2946FFF738FF002CF0D1F8E700BFFD
:10F7F000F0C300202DE9F04FB24DD0F804B06B8E6D
:10F8000087B001336B869BF80030064603F00F0388
:10F81000052B77D1BBF80600F7F72EFE8246BBF822
:10F820000200F7F729FE9BF8003003F00F03B0EB5E
:10F83000830F4FEA83026AD3801A83B23046019362
:10F84000F8F7ACFCDFF880820746B8F800300344D4
:10F850000A2B00F3F580DFF87492D9F80040002CF1
:10F8600060D0DBF80C2002E02468002C5AD06369D9
:10F870009342F9D1DBF81030A1699942F4D1A18902
:10F88000BBF804309942EFD1B5F846300133A5F802
:10F890004630BBF80600F7F7EFFDC0F30C00002878
:10F8A00000F0C580BBF80630CAF30C0A4FEACA0262
:10F8B00013F020030492039308D1019BD3189BB249
:10F8C0009A4212D84FF6EB7293420ED8D6F804B093
:10F8D000BBF80200F7F7D0FD9BF8003003F00F03F0
:10F8E000B0EB830F4FEA830242D263680293029B1C
:10F8F0006BB9D9F800202368944200F0BE80029AC8
:10F900001360FFDEB5F844300133A5F84430EB8EC8
:10F9100030460133EB86F8F73DFC0026304607B051
:10F92000BDE8F08F0520F8F7DDF80446002800F068
:10F93000968000230F21D9F80020E3612260C9F8E6
:10F940000040A360E36023616361A3616360E177CA
:10F95000DBF80030DBF80400DBF80810DBF80C20E3
:10F96000A360E06021616261DBF81030A36199E778
:10F97000A0EB020ABBF80600F7F77EFD0023C0F3F8
:10F980000C02D2001FFA8AFA9244D6F804B01FFA89
:10F990008AF160688A428BF800308BF801308BF86E
:10F9A00002308BF80330ABF80420ABF806A00591C9
:10F9B00002909CD8002800F0C18001464FF0010A57
:10F9C000944610E0A3D0B3F806E0F4459FD332B1DB
:10F9D000D288824214BF4FF0000A0AF0010A196867
:10F9E000002900F097801A464B6898888445E9D230
:10F9F0001346CBF8001062469C46002B44D0DB88AF
:10FA00009A4284D30599814281D89A42CCF8006009
:10FA100040D0B8F80030039A3B449BB2002A76D01D
:10FA2000A27FD00700F18480A8F8003075E7E08954
:10FA3000F7F722FDC0F30C0000283FF433AF87E74F
:10FA400001465846FFF752FE28B1B8F800303B4453
:10FA50000A2B7FF700AFAB8F0133AB8757E73946EF
:10FA60005846FFF743FE8742F5DC0520F8F73AF8E1
:10FA7000044600287FF45DAFEDE721460520C9F874
:10FA80000030F8F755F842E7059B83423FF63FAF59
:10FA900066600296B8F80030039A3B449BB2002A95
:10FAA0002DD0A27FD107BFD5BAF1000F40D0029A66
:10FAB0005668B288002AB7D1DBF8001000294BD075
:10FAC000059809E060520020A2C50020F0C3002084
:10FAD0001168002940D0D0884A6891888142F7D0C7
:10FAE000A8F80030039B002B7FF417AFA37F049A84
:10FAF000019943F001030A44A283A3770DE7BAF109
:10FB0000000F04D0029A5668B288002AD4D0A8F810
:10FB10000030EBE7F4451E60B8F80030BAD03B4443
:10FB2000039A9BB2A8F80030002A7FF4F6AEDDE716
:10FB3000B8F800301F44A8F80070EEE6B8F80030BE
:10FB4000039A3B4466609BB2002A56D0A27FD2073C
:10FB50007FF56AAF0296AAE7A8F80030039B3BB98D
:10FB6000049B019A1344A383A37F43F00103A3776B
:10FB7000A368E56821696269A08B7560B160F26075
:10FB800035683360A3691430336180B2F7F774FCD1
:10FB900000237080B3713046F371B372F372142195
:10FBA000F7F714FD708166685DB1142128466F680F
:10FBB000F8F7A4FA29463046F8F708FB3D68002D0F
:10FBC000F3D1D9F800302168A34205D0E3B11A6817
:10FBD000A24210D01346F9E7C9F8001021460520CB
:10FBE000F7F7A6FF3046F8F7D9FAB8F800301B1A35
:10FBF000A8F8003092E61960F0E7BBF804205E46F2
:10FC0000002A7FF46DAF57E71960FFDE2DE9F04F52
:10FC10000B8E8DB00A92B3F1140248BFA3F10D020E
:10FC20004368C2F3CF02029307921A461B78054637
:10FC300003F00F03052B05914FEA830740F0BB80CB
:10FC40004389132B40F2B780D088F7F715FC2B8936
:10FC5000C0F30C0C143B9BB2039300F4005E002B2A
:10FC600000F0A4800024079BDFF85491DB009BB2D6
:10FC70000893CDF810C0CDF82CE0089B039E4FF4FC
:10FC80002072B34228BF334614210E209A46F8F75B
:10FC90001FF98046002841D0029943680A684E68DF
:10FCA0008868C9681A60D96002995E6098600A69BC
:10FCB0001A61D8F804300693BAF1000F78D056468E
:10FCC000CDF824A019E001946B6841223B440093D5
:10FCD000214600205B46F8F791F9824618B3284682
:10FCE000361BF8F765FAB6B251464046CBE90495A3
:10FCF000F8F76CFAE6B100272D686C89E41BA4B212
:10FD0000B44228BF3446002CF5D00620F7F7EAFEAF
:10FD100083460028D7D14046F8F73CFA4FF0FF3031
:10FD20000DB0BDE8F08F59460620F7F701FFF2E766
:10FD30002744DDF824A0BFB2059B049A1B8EC2F3B2
:10FD40000C00039A133B934201DD0B9B0BB140F473
:10FD50000050F7F791FB069EF0800AF1140080B284
:10FD6000F7F78AFB002314217080B372F3723046D8
:10FD7000F7F72CFC059B41460A9A708118465B698F
:10FD800098470E4A4046138E01331386F8F702FA5D
:10FD9000039B079AA3EB0A0A049B13449BB21FFA26
:10FDA0008AF203920493002A7FF467AF0020B7E73A
:10FDB0002744BFB2C0E76FF00500B1E760520020F2
:10FDC000ADF70010438970B50E2B04462CD940685E
:10FDD000E37B0D4686891BB991F83C300133E37310
:10FDE0000378D9070AD5012B39D00622244900F01F
:10FDF00089FD18B9637B43F008036373082E1FD095
:10FE0000B6F5C16F10D195F839301B0713D50E2107
:10FE10002046F8F773F968B31A4B598CDA8B013125
:10FE200001325984DA8306E0164B198DDA8B0131E1
:10FE300001321985DA832046F8F7ACF9002070BD4D
:10FE400095F839301A07F6D50E212046F8F756F9FD
:10FE50000028F0D129462046FFF700F9EEE7437865
:10FE6000002BCBD183785E2BC8D1637B43F010038A
:10FE70006373C3E729462046FEF736FCDEE700BF82
:10FE800040160110605200202DE9F0470646BDF8EB
:10FE900020000C4617469846F7F7EEFA0E218146E9
:10FEA0002046F8F703F998B965682146A5F80C9043
:10FEB000D8F8003030462B60B8F80430AB803B688F
:10FEC000C5F80630BB886B81B369BDE8F0471847B9
:10FED000034A6FF00100538901335381BDE8F08775
:10FEE000605200205ABB70B50C4659B30121204620
:10FEF0001546F8F7C3FE2820F7F730FD0646D8B1BF
:10FF00002822294600F02CFD31462046B461F8F73E
:10FF1000CDFE20460D49F8F7CDFE20460C49F8F7F6
:10FF2000D1FE042220460B49F8F7D6FE20460A49A6
:10FF3000F8F7C4FE284670BD4FF0FF3070BD6FF07B
:10FF4000050070476FF0050070BD00BFC1000110D3
:10FF50005DFF001011040110A900011090B110B54F
:10FF60000446006918B100F0D7FA00232361E06964
:10FF700018B1F8F70FF90023E3612046BDE81040FF
:10FF8000F7F7C6BB704700BF38B504460D460021E1
:10FF9000F8F78CFE00212046F8F78CFE0021204661
:10FFA000F8F790FE002220461146F8F795FE002152
:10FFB0002046F8F783FE75B1286918B100F0ACFA55
:10FFC00000232B61E86918B1F8F7E4F80023EB612E
:10FFD0002846F7F79DFB2046F9F78CFA00B938BDA3
:10FFE0002046BDE8384004220149F8F775BE00BF3D
:10FFF00011040110F8B5002946D00A6A05460E46DC
:020000041001E9
:1000000042B34FF6FF73934228BF13464F699BB22A
:100010006C8EB5F864206400A4B2944228BF1446E4
:100020009C4228BF1C460023224639462846FAF740
:10003000ADFF431C2BD1B5F8643064082BB1B5F883
:100040006630072B01D8012CEDD80024336A93B118
:100050002046F8BD086998B100F060FA00280FDD6D
:10006000346A7769BCB9234627441B1B7761012496
:100070003362002BECD1306900F050FA0028E7DC45
:1000800031462846FFF780FF00242046F8BD336A3A
:1000900040B97769E8E74FF6FF73A34228BF2346CC
:1000A0009BB2B5E70024D2E708B5034630B1002281
:1000B000084683F824201946FFF79CFF002008BD5E
:1000C0002DE9F04F05460E46144685B073B9AAB126
:1000D00068B108461189F8F755FB2F69B7B120467A
:1000E000F8F758F8002005B0BDE8F08F32B130467F
:1000F0002189F8F747FB2046F8F74CF829463046A7
:10010000FFF742FF002005B0BDE8F08F6B69E8699A
:10011000002B40F0AA80002800F097802146F8F7D5
:1001200055F82046F8F744F8E8690368002B00F01A
:100130008E8040F2FF33B0F80890AA49994528BF55
:10014000994600234A46F8F705F9DFF898A2B9F175
:10015000060F66D94A465046A349F7F793F9002897
:100160005FD004225046A14900F0B0FC07460028A9
:1001700040F0B680A9F1040B1FFA8BFB0AF10408CA
:100180005A4640469A49F7F77DF9002864D00AF1AB
:1001900003039842A0EB080B43D94A4650469549C1
:1001A000F7F770F900283CD04FF000091FFA8BFBDD
:1001B0008AF80390404608F80B9000F015FE30B125
:1001C00000F1FF3A18F80A302F2B00F097803F21FA
:1001D000404600F013FC08B1002303704146284656
:1001E00000F074F900284AD14FF0000828686A68C6
:1001F000C5E904502A6285F8248027B12B7B13F0CF
:10020000010740F09E80E869002865D0F7F7C2FF3B
:100210002046EF61F7F7BEFF29463046FFF7EAFEBA
:1002200070E7E869F7F7BAFFEB691A89B2F5806FF2
:1002300002D205287FF653AF1846F7F7ABFF00232D
:100240002046EB61F7F7A6FF58E7EC6169E7D4F8C1
:1002500004A0B4F80A907AE75A4640466249F7F794
:1002600011F90028DDD0012791E700283FF437AFCE
:10027000F7F790FF2046EF61F7F78CFF42E728463B
:100280005D4900F023F90028AED028465B4900F014
:100290001DF90028A8D02846594900F017F9002870
:1002A000A2D02846544900F011F900289CD02846D5
:1002B000524900F00BF9002896D02846504900F02A
:1002C00005F9002890D00027E869C5E904772F6276
:1002D00085F82470002899D12046F7F75BFF9BE74B
:1002E00000278AF80470E86900283FF404AFF7F7A4
:1002F00051FF2046EF61F7F74DFFFFE6DFF80CB145
:10030000D84536D0012837D0BAF13F0F28BF4FF07B
:100310003F0A41465846524600F0F0FCDAF13F03EE
:100320000BF80A90029337D14FF005095946284639
:1003300000F0CCF800283FF457AFB9F10109F5D12E
:1003400045E72C49F7F79EF80746E869002F43D0A8
:100350006B6904376F61FF1A2B6ADB1B2B62002865
:10036000BAD0F7F717FF2046C5F81C80F7F712FF41
:1003700052E701287FF42BAFDFF888A05AF8391034
:10038000284600F0A3F809F1010900283FF42CAF3A
:10039000B9F1050FF2D11AE71A4B01941C46DA4461
:1003A00021680846039100F01FFDDDE90221824229
:1003B00028BF02465046039200F0A0FC039A59461B
:1003C00028460AF8029000F081F848B10E4B083434
:1003D0009C42E5D1019CFAE600287FF417AF7BE749
:1003E000019C01E72C4A0020EC110110F0110110D2
:1003F000F8110110FC11011004120110101201106B
:100400001C1201104816011070160110EC49002052
:1004100038B504460D46D8B190F824300133DBB22C
:10042000042B80F824300DD0036923B101462846FF
:10043000FFF7E0FD08B9002038BD2846FBF772FC45
:10044000002038BD01462846FFF79EFD002038BD3C
:1004500001462846F8F72AFC21462846F8F72AFCE8
:1004600021462846F8F72EFC224621462846F8F772
:1004700033FC28462146F8F721FC2846F9F73AF8DC
:100480000028D8D0042228460149F8F725FCD2E7F5
:100490001104011010B52E20F8F734FE88B104467F
:1004A0000121F8F7EBFB502220460649F8F7A0F8A7
:1004B000FF212046F8F704F9BDE810400249F8F79B
:1004C00005BC10BD34160110E5FE0010E0B170B59A
:1004D0000D46B1B106460E490E4C00E06168284653
:1004E00000F02EFB28B12468002CF7D16FF0050036
:1004F00070BDD4E90223C6E90023B360237C3373C3
:1005000070BD6FF00F0070BD6FF00F00704700BF3F
:10051000AC16011070160110704700BFD0E9012021
:10052000101A704708B5024800F0A6FC002008BD6C
:10053000B4160020014800F09BBC00BFB416002098
:1005400008B5F1F7F3F829B14FF47A72002300F0FF
:100550008BFC08BD024AA2FB0020800908BD00BF39
:10056000D34D621010B4046C0A614CB1234601E013
:100570001B682BB19942FBD100205DF8044B7047FA
:100580000C6001645DF8044B00207047036C93B16C
:1005900010B4002403E01A681C462AB1134699429D
:1005A000F9D10B681CB123605DF8044B70475DF80E
:1005B000044B03647047704710B500234FF0010EE1
:1005C00084460B734A60A1F808E018469CF8353061
:1005D0009CF837201B0443EA02639CF83620074C42
:1005E00013439CF8342043EA0223A4FB0342D208BD
:1005F00002EB8202A3EB42034B8110BDCDCCCCCCED
:10060000036C23B100221A721B68002BFBD17047C8
:10061000404B2DE9F0411F68002F3CD00026DFF849
:10062000FC803C6C002C33D014250DE0013B9BB2C8
:10063000042A638139D8022A4ED8013A012A01D806
:10064000002B3AD024681CB3237B0BB1013B2373EE
:100650006389227A002BE9D1042A1ED8022A29D9DB
:10066000637A13B90422637322723846211DFEF7A0
:1006700005FB637A65810133DBB2012B2FD905229B
:100680002369A2600021384698472468002CDBD1FA
:100690003F68002FC5D1BDE8F081072AD2D10121E2
:1006A0003846236926729847CCE7072ACAD1002B1F
:1006B000C8D1F4E7013A012AC4D802233846211DE3
:1006C0002372FEF789FA627A0132D2B2022A62728A
:1006D00007D9114BA360B5E7002BB3D1C0E7637214
:1006E000B0E797F8353097F837C097F836001B0415
:1006F00097F8341043EA0C63034343EA012313449D
:10070000A8FB0312D20802EB8202A3EB42030A33D6
:10071000638197E72CBD002003001400CDCCCCCC26
:100720002DE9F0470646D0F83200F38E346C82B0E3
:10073000D1F80E800090ADF80430002C38D00F4670
:10074000B8F1000F37D1D1F8188001F1080907E09E
:1007500025B16368002B65D043455BD024683CB36A
:10076000257A032DF4D92B1F022BF7D8D4F804A037
:10077000BAF1000FF2D106224946684600F0C2F8ED
:100780000028EBD0062D71D0237B002B75D0637B26
:10079000022101336373304623699847637B092B39
:1007A0004AD801213046236984F808A09847D5E744
:1007B00002B0BDE8F087083706E015B163689845D8
:1007C00017D02468002CF3D0257A032DF5D92B1FE0
:1007D000022BF6D863689845F3D10622394668465D
:1007E00000F090F80028ECD0062D38D0237B002BA9
:1007F0004AD0637B022101336373304623699847F3
:10080000637B092B1ED80023012123723046236904
:100810009847D6E70622684607F1080100F072F80B
:1008200000289BD0637B0221013363733046236928
:100830009847637B092B0BD9072323724FF4167358
:1008400063818BE7072323724FF416736381B8E744
:100850000023012123723046236998477EE7002355
:1008600002212372304623699847AAE702213046C5
:10087000236984F808A0984770E73046211DFEF7E9
:10088000FDF96423237369E73046211DFEF7F6F96D
:100890006423237395E700BF61B3B0B50B680D46C1
:1008A00082B02BB322B3116811B3046C04B34FF6BA
:1008B000A96702E02468DCB12B6861689942F9D12C
:1008C0009BB2BB42F6D11388BB42F3D0237A052BEF
:1008D00014D8032B0FD8013B022BEBD800230221A5
:1008E00023722369019200909847DDE90002E1E755
:1008F00002B0B0BD704706232372DBE7072BD9D1C6
:10090000ECE700BF032A30B412D941EA0004844660
:100910000B46A40721D11946604653F8044B5CF8F6
:10092000045BA54219D1043A032AF4D8604619465B
:10093000541E7AB1431E0139021901E09A4209D0CE
:1009400013F8010F11F801CF6045F7D0A0EB0C00B0
:1009500030BC7047002030BC7047541EEAE700BF2F
:10096000830730B546D08418844604E003F8011BA1
:100970009D0704D09C46A4456346F7D130BD013A9B
:100980000244A2EB0C02032A29D9CCB20F2A04EBB1
:10099000042404EB04442FD9A2F1100C03F1100538
:1009A0002CF00F0CAC44C3E90044C3E902441033FB
:1009B0006345F8D112F00C0F02F00F0E18D02EF094
:1009C000030CAEF104051A469C4442F8044B624500
:1009D000FBD125F0030404330EF003022344002A64
:1009E000CCD0C9B21A4403F8011B9342FBD130BDED
:1009F0007246F4E70346C6E79646E0E711F0FF01CA
:100A0000034600F0030239D08ABB10B501EB012E7A
:100A100002680EEB0E4EA2F101338EEA020423EAC5
:100A20000203A4F1013222EA0402134313F0803FCF
:100A30000FD150F8044F84EA0E0CA4F10133ACF14D
:100A4000013223EA040322EA0C02134313F0803F2D
:100A5000EFD0037823B936E010F8013F002B32D0F5
:100A60009942F9D110BD8A4228D09A0729D01A7824
:100A700018460133002AF6D110467047CAB90268F9
:100A8000A2F1013323EA020313F0803F08D150F8AA
:100A9000042FA2F1013323EA020313F0803FF6D0C2
:100AA00003785BB110F8013F002BFBD17047990729
:100AB00005D0184613F8012B002AF8D170471846C4
:100AC000DDE71846A1E7184610BD00BF82B30B460C
:100AD00030B540EA01048646A40717D1032A07D897
:100AE00014E0043A22D01CF0803F1FD1032A23D9FE
:100AF000DEF80040194653F8045B7046A4F1013C4F
:100B00000EF1040EAC422CEA040CEAD00378013A50
:100B10000C78A3420ED1024406E03BB110F8013F2D
:100B200011F8014FA34205D19042F6D1002030BD0B
:100B300010467047181B30BD70461946E6E700BFE7
:100B400080EA010C1CF0030F37D110F0030C20F0E9
:100B5000030021F0030150F8042B08BF51F8043BB7
:100B60000ED08CF0030C6FF07F434FEACC0C23FACD
:100B70000CFC51F8043B42EA0C0243EA0C0300BFB0
:100B8000A2F1013C9A4201BF2CEA020C1CF0803F0A
:100B900050F8042B51F8043BF2D04FEA02604FEAC0
:100BA0001222012828BFB0EB036F08BF1B0AF4D044
:100BB00003F0FF03000EC01A704710F0030F0AD0B5
:100BC00010F8012B11F8013B012A28BF9A42F4D0FA
:100BD000A2EB030070474DF8045D50F8042B01F0C0
:100BE000030521F0030151F8043B022D26D04DD816
:100BF00022F07F45B5EB132FA2F1013C2CEA020C49
:100C00000DD11CF0803C08BF51F8043B0AD185EAA5
:100C10000205B5EB036F0CD150F8042BE8E74FEA5F
:100C200013235BE03CF07F4C54D10B784FEA126504
:100C300054E04FEA126503F0FF034FE04FEA02452C
:100C4000A2F1013C4FEA15452CEA020CB5EB134F1B
:100C500018D11CF0803C08BF51F8043B07D185EA4D
:100C60000205B5EB034F09D150F8042BE6E75FEA24
:100C70000C4C2FD10B884FEA12452FE04FEA03436B
:100C80004FEA12454FEA134328E000BF02F0FF0588
:100C9000B5EB136FA2F1013C2CEA020C0DD11CF054
:100CA000803C08BF51F8043B0AD185EA0205B5EB48
:100CB000032F0AD150F8042BE8E74FEA13630DE045
:100CC00012F0FF0F06D051F8043B4FEA122523F033
:100CD0007F4303E04FF0000020BC704705F0FF02A7
:100CE00003F0FF00012828BF904204BF2D0A1B0A11
:100CF000F4D0A2EB000020BC704700BF844641EA5C
:100D0000000313F0030349D1403A23D30B68036077
:100D10004B6843608B688360CB68C3600B69036179
:100D20004B6943618B698361CB69C3610B6A036261
:100D30004B6A43628B6A8362CB6AC3620B6B036349
:100D40004B6B43638B6B8363CB6BC363403040312E
:100D5000403ADBD230320BD30B6803604B68436000
:100D60008B688360CB68C36010301031103AF3D2C7
:100D70000C3205D351F8043B40F8043B043AF9D255
:100D8000043208D0D2071CBF11F8013B00F8013B28
:100D900001D30B8803806046704700BF082A13D335
:100DA0008B07B1D010F00303AED0C3F10403D21A05
:100DB000DB071CBF11F8013B00F8013BA4D331F85D
:100DC000023B20F8023B9FE7043AD9D3013A11F8DD
:100DD000013B00F8013BF9D20B7803704B7843706C
:100DE0008B7883706046704720F0030110F0030099
:100DF000C0F1000051F8043B00F1040C4FEACC0CA8
:100E00006FF000021CBF22FA0CF213434FF0010CEA
:100E10004CEA0C2C4CEA0C4CA3EB0C0222EA030229
:100E200012EACC1204BF51F8043B0430F4D0C2F1F2
:100E3000000102EA0102B2FA82F2C2F11F0200EBE3
:100E4000D2007047F8B500BF5FF800F0B50200208F
:100E50005FF800F08D0B00205FF800F09911002082
:100E60005FF800F0290300205FF800F0491200202D
:100E70005FF800F0ED0200205FF800F011010020A3
:100E80005FF800F0ED0A00205FF800F0490B002049
:100E90005FF800F04D0200205FF800F0150B002015
:100EA0005FF800F091010020211B0010951A00103E
:100EB000C91A0010B51B0010011B0010F919001011
:100EC000491B0010E51900107D0D00104D1B00108E
:100ED00041110010451A0010351B0010E51A0010D2
:100EE000650700108D070010D53F0010110200109B
:100EF0007570000000000000646F776E0000000055
:100F00006E65746966206C696E6B207374617475AC
:100F100073206368616E6765642025730A000000B2
:100F20006E6574696620737461747573206368619B
:100F30006E6765642025730A000000007069636FA6
:100F400020726D69692065746865726E6574202D04
:100F5000206874747064000074657374000000008D
:100F60004661696C656420746F206F70656E2065E2
:100F7000746865726E657420696E7465726661630B
:100F8000650000000A2A2A2A2050414E4943202A9F
:100F90002A2A0A000A0000004E6F207370696E6CE6
:100FA0006F636B732061726520617661696C616249
:100FB0006C6500004E6F2075736572204952517345
:100FC0002061726520617661696C61626C65000008
:100FD000486172647761726520616C61726D202571
:100FE0006420616C726561647920636C61696D6510
:100FF000640000004861726420617373657274005C
:1010000052656C6561736500636F6D70696C655FD7
:1010100074696D655F63686F69636500322E322E97
:10102000300000007069636F320000007069636F08
:101030005F726D69695F65746865726E65745F681B
:1010400074747064000000004D61792020342032F7
:1010500030323600666E692B00000000666E690053
:101060006E616E00666E692D0000000055534220CF
:10107000737464696E202F207374646F757400003C
:1010800052617370626572727920506900000000CD
:101090005069636F00000000426F61726420434436
:1010A000430000005265736574000000556E68616E
:1010B0006E646C65642049525120307825780A00AE
:1010C000657020253032582077617320616C72651D
:1010D00061647920617661696C61626C6500000011
:1010E00043616E277420636F6E74696E7565207836
:1010F000666572206F6E20696E6163746976652023
:1011000065702025303258004661696C6564207432
:101110006F2066696E6420612050485920726567AF
:1011200069737465720000006D61633A2025303286
:10113000783A253032783A253032783A253032788C
:101140003A253032783A253032780A005379737470
:10115000656D20636C6B3A2025342E3266204D4835
:101160007A0A000070687920616464723A2025640C
:101170000A000000536574757020746F2067656EF7
:10118000657261746520524D494920636C6F636BD1
:10119000206F6E204750494F2025640A0000000050
:1011A0004C414E383732306120726573657420705F
:1011B000696E20636F6E6E656374656420746F2062
:1011C0004750494F2025640A000000004E6F20441C
:1011D0004D41206368616E6E656C7320617265209D
:1011E000617661696C61626C650000000D0A000047
:1011F0004745542000000000200000000D0A0D0AA1
:10120000000000002F3430342E68746D6C00000034
:101210002F3430342E68746D000000002F343034C9
:101220002E7368746D6C00002F696E6465782E7380
:1012300068746D6C000000002F696E6465782E7311
:10124000736900002F696E6465782E7368746D0091
:101250002F696E6465782E68746D6C002F696E64FA
:1012600065782E68746D000006005250D3F0754208
:101270000010011006005250E182887F0810011012
:1012800006005250ABB360531C10011006005250C0
:10129000BBFF3CB62410011006005250861C03020E
:1012A0002C100110060052505422A29D481001102B
:1012B00005005250DE65F468343A01100000000069
:1012C000000000000000F03F00000000000024408B
:1012D00000000000000059400000000000408F4066
:1012E000000000000088C34000000000006AF840D1
:1012F0000000000080842E4100000000D0126341F5
:101300000000000084D797410000000065CDCD416A
:101310000D0A000000000000513A0010000000001B
:10132000553A0010613A00108D3A0010893A0010C9
:10133000000000000A00000000000306A6000800EC
:10134000020002009C001400030057494E5553420E
:101350000000000000000000000080000400010008
:1013600028004400650076006900630065004900BC
:101370006E00740065007200660061006300650025
:10138000470055004900440000004E007B00620009
:1013900063003700330039003800630031002D004E
:1013A00037003300630064002D00340063006200E6
:1013B00037002D0039003800620038002D00390058
:1013C00031003300610038006600630061003700BF
:1013D0006200660036007D0000000000050F21005D
:1013E000011C100500DF60DDD88945C74C9CD26523
:1013F0009D9E648A9F00000306A600010000000075
:101400000600525053B4F4A16C100110000000000B
:1014100080100110901001108CC500209810011050
:10142000A410011009025400030100807D080B0084
:101430000202020000090400000102020004052467
:1014400000200105240100010424020605240600F1
:10145000010705810308001009040100020A0000C9
:101460000007050202400000070582024000000953
:1014700004020000FF00010512011002EF0201400A
:101480008A2E090000010102030100000000000093
:10149000995300100954001039540010855400105D
:1014A0004555001005560010000000000000000027
:1014B000FD5600105957001075570010995700102D
:1014C000E53A00108D58001000000000D4140110FF
:1014D00014FF010003E028702840287038403BF0DA
:1014E00056E0461007E026B002604A1000E042B025
:1014F00042A08C1042A042B025A02010041501107B
:1015000005FF0100A220A1220240C20000C000008D
:10151000C8150110B8150110A81501109815011073
:101520008815011078150110681501105815011063
:101530004815011038150110A0BC0020FC05100052
:10154000C854002008BD002094BC002010001000EA
:101550008CB4002004BD0020C4BC00201000060094
:10156000A8B6002014BD002088BC002018000F0081
:101570005C53002000BD0020B8BC00202000050006
:1015800004B6002010BD0020E8BC002010001000B0
:1015900000BB002020BD0020DCBC00201C00080097
:1015A0000CB700201CBD0020D0BC00209C00050012
:1015B000F0B7002018BD0020F4BC0020200004007B
:1015C00004BC002024BD0020ACBC00201C00040092
:1015D00090B500200CBD002054C500204CC5002053
:1015E00048C500205CC5002003060C183060780058
:1015F00001020304050607070707070707000000A5
:10160000FA000000D1940010E8030000C5F70010B4
:10161000E803000065E6001060EA000061DF0010EA
:10162000F401000035E10010640000001106011013
:10163000FFFFFFFF000000000000000000000000AE
:10164000FFFFFFFFFFFF0000281201100100000054
:1016500038120110010000004412011001000000C6
:1016600050120110000000005C1201100000000088
:1016700084160110AC160110B816011059070000AD
:101680000300000098160110141E0110201E011006
:10169000C20200000300000000000000E42001106E
:1016A000F420011055030000030000002F696E6450
:1016B00065782E68746D6C00485454502F312E306C
:1016C00020323030204F4B0D0A5365727665723AE6
:1016D000206C7749502F322E302E336420286874C6
:1016E00074703A2F2F736176616E6E61682E6E6F23
:1016F0006E676E752E6F72672F70726F6A65637496
:10170000732F6C776970290D0A436F6E74656E7460
:101710002D4C656E6774683A20313735310D0A43B8
:101720006F6E74656E742D547970653A20746578A7
:10173000742F68746D6C0D0A0D0A3C68746D6C3EF4
:101740000D0A3C686561643E3C7469746C653E6C6E
:10175000774950202D2041204C696768747765696E
:10176000676874205443502F495020537461636B51
:101770003C2F7469746C653E3C2F686561643E0D56
:101780000A3C626F6479206267636F6C6F723D22FE
:1017900077686974652220746578743D22626C6193
:1017A000636B223E0D0A0D0A202020203C746162EA
:1017B0006C652077696474683D2231303025223EA3
:1017C0000D0A2020202020203C74722076616C6954
:1017D000676E3D22746F70223E3C746420776964AA
:1017E00074683D223830223E0920200D0A0920204D
:1017F0003C6120687265663D22687474703A2F2FD0
:101800007777772E736963732E73652F223E3C6959
:101810006D67207372633D222F696D672F73696353
:10182000732E676966220D0A092020626F72646553
:10183000723D22302220616C743D22534943532073
:101840006C6F676F22207469746C653D2253494345
:1018500053206C6F676F223E3C2F613E0D0A093C9E
:101860002F74643E3C74642077696474683D22354B
:101870003030223E0920200D0A0920203C68313EEC
:101880006C774950202D2041204C6967687477653A
:1018900069676874205443502F4950205374616322
:1018A0006B3C2F68313E0D0A0920203C703E0D0A2A
:1018B00009202020205468652077656220706167C8
:1018C0006520796F7520617265207761746368693E
:1018D0006E67207761732073657276656420627924
:1018E00020612073696D706C65207765620D0A094F
:1018F000202020207365727665722072756E6E6985
:101900006E67206F6E20746F70206F66207468653C
:10191000206C696768747765696768742054435000
:101920002F495020737461636B203C610D0A0920BC
:10193000202020687265663D22687474703A2F2FEB
:101940007777772E736963732E73652F7E61646179
:101950006D2F6C7769702F223E6C7749503C2F6158
:101960003E2E0D0A0920203C2F703E0D0A09202032
:101970003C703E0D0A09202020206C7749502069D8
:101980007320616E206F70656E20736F7572636572
:1019900020696D706C656D656E746174696F6E2021
:1019A0006F6620746865205443502F49500D0A0912
:1019B0002020202070726F746F636F6C20737569C4
:1019C0007465207468617420776173206F72696731
:1019D000696E616C6C79207772697474656E2062CF
:1019E00079203C610D0A0920202020687265663D3F
:1019F00022687474703A2F2F7777772E7369637328
:101A00002E73652F7E6164616D2F6C7769702F2254
:101A10003E4164616D2044756E6B656C730D0A09FF
:101A2000202020206F6620746865205377656469E4
:101A3000736820496E73746974757465206F6620CD
:101A4000436F6D707574657220536369656E63656D
:101A50003C2F613E20627574206E6F772069730D94
:101A60000A09202020206265696E6720616374691D
:101A700076656C7920646576656C6F70656420624C
:101A8000792061207465616D206F662064657665DC
:101A90006C6F706572730D0A0920202020646973D1
:101AA000747269627574656420776F726C642D77E7
:101AB0006964652E2053696E6365206974277320FD
:101AC00072656C656173652C206C77495020686184
:101AD000730D0A09202020207370757272656420CE
:101AE00061206C6F74206F6620696E746572657317
:101AF0007420616E6420686173206265656E207079
:101B00006F7274656420746F207365766572616CA2
:101B10000D0A0920202020706C6174666F726D734D
:101B200020616E64206F7065726174696E672073E6
:101B3000797374656D732E206C7749502063616EE4
:101B40002062652075736564206569746865720D2F
:101B50000A092020202077697468206F7220776935
:101B600074686F757420616E20756E6465726C792F
:101B7000696E67204F532E0D0A0920203C2F703EBE
:101B80000D0A0920203C703E0D0A09202020205417
:101B9000686520666F637573206F662074686520C2
:101BA0006C774950205443502F495020696D706C18
:101BB000656D656E746174696F6E20697320746FF2
:101BC000207265647563650D0A0920202020746801
:101BD000652052414D207573616765207768696C97
:101BE00065207374696C6C20686176696E6720612A
:101BF0002066756C6C207363616C65205443502EB5
:101C000020546869730D0A09202020206D616B65DE
:101C100073206C774950207375697461626C65201C
:101C2000666F722075736520696E20656D626564EC
:101C30006465642073797374656D73207769746863
:101C40002074656E730D0A09202020206F66206BBA
:101C5000696C6F6279746573206F66206672656562
:101C60002052414D20616E6420726F6F6D20666F4F
:101C7000722061726F756E64203430206B696C6FF6
:101C800062797465730D0A09202020206F66206335
:101C90006F646520524F4D2E0D0A0920203C2F7095
:101CA0003E0D0A0920203C703E0D0A09202020200C
:101CB0004D6F726520696E666F726D6174696F6ECB
:101CC0002061626F7574206C7749502063616E20CB
:101CD000626520666F756E6420617420746865208B
:101CE0006C7749500D0A0920202020686F6D6570BF
:101CF000616765206174203C610D0A092020202065
:101D0000687265663D22687474703A2F2F7361762D
:101D1000616E6E61682E6E6F6E676E752E6F726784
:101D20002F70726F6A656374732F6C7769702F22DE
:101D30003E687474703A2F2F736176616E6E6168BD
:101D40002E6E6F6E676E752E6F72672F70726F6A70
:101D5000656374732F6C7769702F3C2F613E0D0A99
:101D600009202020206F7220617420746865206C27
:101D70007749502077696B69206174203C610D0AB6
:101D80000920202020687265663D22687474703ACC
:101D90002F2F6C7769702E77696B69612E636F6D79
:101DA0002F223E687474703A2F2F6C7769702E77EB
:101DB000696B69612E636F6D2F3C2F613E2E0D0A9A
:101DC0000920203C2F703E0D0A093C2F74643E3CD4
:101DD00074643E0D0A092020266E6273703B0D0A62
:101DE000093C2F74643E3C2F74723E0D0A20202063
:101DF0002020203C2F7461626C653E0D0A3C2F62EE
:101E00006F64793E0D0A3C2F68746D6C3E0D0A0DAF
:101E10000A0000002F3430342E68746D6C0000000E
:101E2000485454502F312E30203430342046696CC1
:101E300065206E6F7420666F756E640D0A5365724F
:101E40007665723A206C7749502F322E302E3364EB
:101E50002028687474703A2F2F736176616E6E61FA
:101E6000682E6E6F6E676E752E6F72672F70726F51
:101E70006A656374732F6C776970290D0A436F6EFE
:101E800074656E742D4C656E6774683A203536350E
:101E90000D0A436F6E74656E742D547970653A2027
:101EA000746578742F68746D6C0D0A0D0A3C687443
:101EB0006D6C3E0D0A3C686561643E3C7469746CEF
:101EC000653E6C774950202D2041204C696768742D
:101ED000776569676874205443502F4950205374C4
:101EE00061636B3C2F7469746C653E3C2F6865615F
:101EF000643E0D0A3C626F6479206267636F6C6FA9
:101F0000723D2277686974652220746578743D2279
:101F1000626C61636B223E0D0A0D0A202020203C7A
:101F20007461626C652077696474683D2231303079
:101F300025223E0D0A2020202020203C747220768D
:101F4000616C69676E3D22746F70223E3C74642040
:101F500077696474683D223830223E0920200D0ADA
:101F60000920203C6120687265663D2268747470A7
:101F70003A2F2F7777772E736963732E73652F222D
:101F80003E3C696D67207372633D222F696D672F38
:101F9000736963732E676966220D0A092020626FD8
:101FA000726465723D22302220616C743D22534977
:101FB0004353206C6F676F22207469746C653D22F7
:101FC00053494353206C6F676F223E3C2F613E0D97
:101FD0000A093C2F74643E3C746420776964746819
:101FE0003D22353030223E0920200D0A0920203CB8
:101FF00068313E6C774950202D2041204C6967683C
:1020000074776569676874205443502F4950205392
:102010007461636B3C2F68313E0D0A0920203C68D7
:10202000323E343034202D2050616765206E6F744D
:1020300020666F756E643C2F68323E0D0A092020C1
:102040003C703E0D0A0920202020536F7272792CBB
:1020500020746865207061676520796F75206172F2
:10206000652072657175657374696E672077617339
:10207000206E6F7420666F756E64206F6E207468BA
:1020800069730D0A09202020207365727665722E0F
:10209000200D0A0920203C2F703E0D0A093C2F74A8
:1020A000643E3C74643E0D0A092020266E62737003
:1020B0003B0D0A093C2F74643E3C2F74723E0D0A9E
:1020C0002020202020203C2F7461626C653E0D0A88
:1020D0003C2F626F64793E0D0A3C2F68746D6C3E34
:1020E0000D0A00002F696D672F736963732E67698E
:1020F00066000000485454502F312E3020323030CA
:10210000204F4B0D0A5365727665723A206C774901
:10211000502F322E302E33642028687474703A2F7A
:102120002F736176616E6E61682E6E6F6E676E756D
:102130002E6F72672F70726F6A656374732F6C777E
:102140006970290D0A436F6E74656E742D4C656E4F
:102150006774683A203732340D0A436F6E74656EC7
:10216000742D547970653A20696D6167652F6769D0
:10217000660D0A0D0A47494638396146002200A516
:102180000000D92B396A6A6ABFBFBF9393930F0FC0
:102190000FB0B0B0A6A6A68080807676761E1E1EF2
:1021A0009D9D9D2E2E2E4949495454548A8A8A60F9
:1021B0006060C6A699BDB5B2C2ABA1D94140D56792
:1021C00055C0B0AAD55E4ED65045CC937DC8A190DF
:1021D000CE8B76D27B65D1846DC999863A3A3A0026
:1021E0000000B8B8B8FFFFFFFFFFFFFFFFFFFFFFD2
:1021F000FFFFFFFFFFFFFFFFFFFFFFFFFFFFFFFFEF
:10220000FFFFFFFFFFFFFFFFFFFFFFFFFFFFFFFFDE
:10221000FFFFFFFFFFFFFFFFFFFFFFFFFFFFFFFFCE
:10222000FFFFFFFFFFFFFFFFFFFFFFFFFFFFFFFFBE
:10223000FFFFFFFFFFFFFFFFFFFFFFFFFFFFFFFFAE
:10224000FFFF2C00000000460022000006FE409028
:1022500070482C1A8FC8A472C96C3A9FD0A8744ACF
:10226000AD5AAFD8AC76A94004BE83E2603C5020A2
:102270000D8E6F0031281C0D07B5C36075243EF824
:10228000FC871106E93D46070B7A7A7C43061E84DB
:10229000780B076E51018A84087E79808789917A4C
:1022A000930A049978964F039E7901949F439CA3C7
:1022B000A40577A3A04E98790B1E83A4A61F9605AC
:1022C0009DAA78010784041E1EBBB851840E4305E5
:1022D0000777A57F42B1B20163080DBB010C7A0DEF
:1022E000440ED8AF4C057A04470707B780A2E17DBA
:1022F0004405010401D0EA87934FE09A49CED8798A
:1023000004662015101011922980B6C09115451E43
:1023100090197146A85C040E00224EE840249F3EAE
:102320000406A758D493A01C913FE8F08803B1217C
:10233000A249001986FC5244E0019D29211525502F
:10234000F767251E06FD4E9AB490AC15FACB525392
:102350001E8CF2F807922D083A4D12499549DB146C
:1023600004C4148529AAE70108A449011451E053C3
:1023700091D529061A6402F4C7819E05202264A51E
:1023800030AEAB9E9753D8B9FD50EF9302427434F0
:10239000E89C2021C9016878E6552920564F4C4019
:1023A000517182C070212285BE4B1C4405EAA401F4
:1023B000BF22B5F01C0651388FE022EC18AC392250
:1023C000D4D69344013282C8FC61B301450C2E83FC
:1023D00030D00E17240F708594EE0505534B321B39
:1023E0003F98D31D2981B0AE1E8C7E68E0605A54A0
:1023F0008FB078697306A2006B57CA3D1150BD04B7
:10240000304B3AD4AB5F1F9B3D137427883C25E0CB
:1024100017BE7A79450D0CB08BDA90CA80065D172D
:10242000601C224CD85722062000980708E45680EA
:10243000801CC5B7C5820C36E8E083104628E184CD
:0C244000145668A1104100003B00000091
:08244C00F4E6FF7F010000002F
:102454006812011074120110801201108C12011004
:1024640098120110A4120110B012011000140110EE
:102474004FF0504310B5026893F90040EFF3108316
:1024840072B6D2E8CFCF0121BCF1000FF9D1C2E876
:102494004C1FBCF1000FF4D1BFF35F8F90F90420FF
:1024A400002A1CDB00210268C2E88F1F83F3108816
:1024B40020BF0268EFF3108372B6D2E8CFEF5FF06B
:1024C400010CBEF1000FF8D1C2E84ECFBEF1000FEF
:1024D400F3D1BFF35F8F90F90420002AE3DA0022DE
:1024E40001680471C1E88F2F83F3108810BD00BF09
:1024F400034600B50268EFF3108C72B6D2E8CFEF52
:102504000120BEF1000FF9D1C2E84E0FBEF1000F59
:10251400F4D1BFF35F8F93F90420002A0ADB01B1E1
:102524000A60002000221B68C3E88F2F8CF31088F8
:102534005DF804FB4FF05042126801201A71F1E774
:102544004FF050412DE9F0410027044616461D4640
:10255400D1F8008008E0C1E88F7F8CF31088304602
:10256400294601F0F1F9E8B92168EFF3108C72B64D
:10257400D1E8CF2F0123002AFAD1C1E8423F002A33
:10258400F6D1BFF35F8F94F904302168002BE2DAAF
:10259400002384F80480C1E88F3F8CF31088012065
:1025A400BDE8F0810020BDE8F08100BF30B50468CB
:1025B400EFF3108C72B6D4E8CFEF0125BEF1000F13
:1025C400F9D1C4E84E5FBEF1000FF4D1BFF35F8FC1
:1025D40090F904400568002C10DB0021C5E88F1F2A
:1025E4008CF310884FF0504595F90050A54201D165
:1025F400084630BDBDE83040FFF7A2BF4FF050425F
:10260400126800230271C5E88F3F8CF31088012003
:1026140030BD00BF70B505460C4601F089F902468D
:102624000B464FF47A704FF0FF3E6FF0004CE4FB22
:10263400002396457CEB030138BF72462846BDE86B
:10264400704038BF6346FFF77BBF00BF0368EFF3FA
:10265400108272B6D3E8CFCF0121BCF1000FF9D1BB
:10266400C3E84C1FBCF1000FF4D1BFF35F8F4FF0F0
:10267400FF0C0023016880F804C0C1E88F3F82F397
:10268400108840BF704700BF002108B5134B4FF4BA
:10269400707299601248D960196159619961D96160
:1026A400196259629962D962196359639963D9634A
:1026B400196459649964D964196559659965D9652A
:1026C400196659669966D966196759679967D9670A
:1026D40001F02AF9034B044A1A6008BD00001050A7
:1026E4006C4E002030BD0020800110502DE9F04FC9
:1026F4001F4B85B0D3F858A0BAF1000F22D00024A4
:1027040001254FF4E069DFF870801A4F01E0202CB6
:1027140018D00AEA0502611C2346AB46CCB26D0010
:10272400002AF4D004F0010203F0FE06164407EB7D
:1027340046163046C8F858B000F00AFC28B93AEA00
:102744000B0AE4D105B0BDE8F08F00238DF8093001
:10275400B37801A88DF80830F38A0121ADF804900C
:10276400039300F013FC304600F098FBE7E700BF4A
:10277400000011502C4E002000301150F0B5BB4B1E
:1027840085B0D3F8985015F4003674D0B84BB94CD2
:10279400996A94F83B30B84A022B116000F0D48057
:1027A400002694F87B30022B00F03B8194F8BB3078
:1027B400022B00F07D8194F8FB30022B00F06C8139
:1027C40094F83B31022B00F0448194F87B31022BC6
:1027D40000F0338194F8BB31022B00F0B68194F8F9
:1027E400FB31022B00F0A68194F83B32022B00F05F
:1027F400968194F87B32022B00F0868194F8BB32E8
:10280400022B00F0768194F8FB32022B00F06681F3
:1028140094F83B33022B00F0568194F87B33022B5F
:1028240000F0A48094F8BB33022B00F0998194F853
:10283400FB33022B00F0B4803EB9904B1B7823B9D4
:102844004FF400328E4BC3F890204FF44072874B04
:1028540001219B6C01A8C3F30A03ADF80420029381
:1028640000F094FBEA064FF40036864C07D5FFF7D8
:102874003DFF264603E0EA064FF01004F7D4EB03CD
:1028840022D57C4C46F48036A37E002B40F0998000
:10289400012394F83A20E370002A40F0AD8001232C
:1028A4004FF4C061784A84F82330ADF8041092E8FC
:1028B400030004AA02E90300194601A800F066FB1C
:1028C4004FF400326E4B1A65E90408D46A041DD42F
:1028D4002B042AD4AE4240F0C58105B0F0BD0024DB
:1028E400624B46F480561C60FFF7CEFE4FF48073B3
:1028F400012101A8ADF804308DF8084000F046FB32
:102904004FF400225E4B1A656A04E1D54FF48063EC
:10291400012101A8ADF8043000F038FB1022584B17
:1029240046F480461A652B04D4D54FF4A0630121E4
:1029340001A8ADF8043000F029FB4FF40062504BBD
:1029440046F400461A65C5E794F83A60002E3FF451
:1029540028AF94F83C30002B3FF423AF002304F15C
:10296400200084F83C3000F0C1FA1AE794F87A7336
:10297400002F3FF457AF94F87C33002B40F0648170
:1029840094F8BB33022B40F0F48094F8BA33002B54
:1029940040F0EB8094F8FB33022B7FF456AF3E46B5
:1029A40094F8FA33002B3FF447AF94F8FC33002B30
:1029B4003FF44BAF0023354884F8FC3300F096FA1B
:1029C40043E70221324B294A1966536E9F07FCD50F
:1029D4004FF440520021274800F066FA254800F0E1
:1029E4005DFA0222264B5A661A66012394F83A20AD
:1029F400E370002A3FF453AF254A1366A2F5005250
:102A0400536ED807FCD54FF440520021214800F002
:102A14004BFA204800F042FA0122194B5A661A6612
:102A24003DE794F87A70002F3FF4C0AE94F87C3000
:102A3400002B40F001813E46B8E694F87A71002FED
:102A44003FF4C8AE94F87C31002B40F0ED803E4654
:102A5400C0E694F83A71002F3FF4B7AE94F83C31D5
:102A6400002B40F0D9803E46AFE600BF0000115075
:102A740000000B402C4E0020E4490020B1C500208A
:102A84000030115010000200000010500C520020C1
:102A9400002011504C4E002094F8FA70002F3FF49F
:102AA4008FAE94F8FC30002B40F08E803E4687E6D3
:102AB40094F8BA70002F3FF47EAE94F8BC30002B2B
:102AC4007AD13E4677E694F83A73002F3FF4A5AEE8
:102AD40094F83C33002B57D13E469EE694F8FA72A4
:102AE400002F3FF495AE94F8FC32002B5CD13E46A7
:102AF4008EE694F8BA72002F3FF485AE94F8BC3297
:102B0400002B49D13E467EE694F87A72002F3FF4BA
:102B140075AE94F87C32002B76D13E466EE694F87E
:102B24003A72002F3FF465AE94F83C32002B63D127
:102B34003E465EE694F8FA71002F3FF455AE94F8E1
:102B4400FC31002B50D13E464EE694F8BA71002F6A
:102B54003FF445AE94F8BC31002B3DD13E463EE6F1
:102B640094F8BA33002B3FF462AE94F8BC33002BD4
:102B740071D194F8FB33022B7FF467AE94F8FA33E7
:102B8400002B3FF462AE10E70023394884F83C334D
:102B94003E4600F0ABF940E60023364884F8BC32E8
:102BA4003E4600F0A3F92EE60023334884F8FC32B5
:102BB4003E4600F09BF92BE60023304884F8BC30F5
:102BC4003E4600F093F9F6E500232D4884F8FC30E6
:102BD4003E4600F08BF9F3E500232A4884F8BC3123
:102BE4003E4600F083F9FAE50023274884F8FC31D7
:102BF4003E4600F07BF9F7E50023244884F83C3294
:102C04003E4600F073F9F4E50023214884F87C3251
:102C14003E4600F06BF9F1E500231E4884F83C3190
:102C24003E4600F063F9D0E500231B4884F87C316C
:102C34003E4600F05BF9CDE50023184884F87C306B
:102C44003E4600F053F9B1E50023154884F87C337F
:102C540000F04CF994E60023124884F8BC3300F0E9
:102C640045F986E7104886EA050100F071FE00BFC9
:102C74004C510020CC5000200C510020CC4E0020A0
:102C84000C4F0020CC4F00200C5000204C50002052
:102C94008C5000204C4F00208C4F00208C4E002084
:102CA4008C510020CC510020AC1001102DE9F047CC
:102CB400848A058BC278A54228BF2546171E18BFF3
:102CC4000127641B467882F00102A4B20346C27055
:102CD400848245F4806040EA4730A6BBD3E90326EA
:102CE4006F1E02EB811E55B3052F98BF721C31D99C
:102CF40002EB811C721CACEB0204022C2AD9324672
:102D04004FEA95094FEA890A06EB890852F8044B01
:102D140042454CF8044BF9D15545A7EB0A070EEB95
:102D24000A040AD016F829600EF829602FB15678E3
:102D3400012F667001D09278A2701E699C8A2E447D
:102D44001E6140F400400CB940F4804001B100041D
:102D5400BDE8F0870EF1FF3E2E4400E0013212F888
:102D6400014CB2420EF8014FF8D1E6E783680246FF
:102D7400186801B1000C5378C0F30900002B3CD053
:102D84002DE9F041D2E90334461E03EB811E40B322
:102D9400052E3BD989014D1C1D44651B022D35D9D7
:102DA4007346214600F47F774FEA9008FD1853F8E4
:102DB40004CBAB4241F804CBF9D1B842A6EB0706E9
:102DC40004EB07030EEB07010AD01EF8285004F8A1
:102DD40028502EB14C78012E5C7001D089789970FE
:102DE4001469D38A04440344D382138B1461834249
:102DF40084BF00239382BDE8F081D38A0344D38245
:102E0400138B834284BF002393827047013C0EEBF3
:102E140000011EF8013B714504F8013FF9D1DFE7D9
:102E240010B50446836800211B68FFF79FFF6368A1
:102E34001B685B0002D5238B834200D010BD204663
:102E4400BDE810400121FFF791BF00BF084B1B6C88
:102E540013F0020302D18278D20901D10020704715
:102E6400C07EA0F10200B0FA80F04009704700BFB4
:102E74000000115008B5FFF7E9FF50B1054A064BB1
:102E8400906A1B68A0F54870C01AC6288CBF002041
:102E9400012008BD00000B40E44900200023C0E9E4
:102EA40004338376704700BF10B5836809B11C688A
:102EB400214082B1114352050DD51A6854050CD432
:102EC400084A21F480641C60126C920703D40C231A
:102ED400033BFDD28368196010BD8178024800F07D
:102EE40037FD00BF00001150C010011030B5436819
:102EF400002183B004461D68FFF7D8FE134B40F44D
:102F04008052196CA37889070ED55B060ED025F084
:102F1400A04545F000550021204663681D6003B0BC
:102F2400BDE83040FFF7C0BFDB09F0D0A38A002B17
:102F3400EDD0012120460192FFF7B8FE019A25F059
:102F44000055024345F0A045E5E700BF00001150DD
:102F540038B5857E044695B1FFF762FFA38A0BB9A5
:102F6400284638BD2046FFF785FF20B1012323778B
:102F74000025284638BD2046FFF7B8FFF8E78178DA
:102F8400014800F0E5FC00BFE01001102DE9F0431A
:102F940043788146023B0D4685B0042B13D8DFE805
:102FA40003F0034A6A73440000217B4B1A7822F031
:102FB40001021A701A7822F002021A7059701A78F3
:102FC40061F382021A70754B1C686369EFF3108217
:102FD40072B6D3E8CF0F01210028FAD1C3E8401F0D
:102FE4000028F6D1BFF35F8FA2614946204600F066
:102FF400A7FC00236269C2E88F3FA36983F31088AA
:1030040048B94FF0E023D3F8F03DDB070AD500BE02
:1030140005B0BDE8F0832A4699F8011099F800003C
:1030240000F08AFC05B0BDE8F0835D4A13780133F3
:10303400DBB21370C7E700245A4E23463178DFF819
:103044006C81594F11E03B6813EB441307D0DB69E3
:103054002BB1D9F8041099F800009847317801345D
:10306400E4B24A1CA242234617DBA142EBD85B1A06
:1030740008EB4313EBE7484B1A78D607D2D51A78F6
:1030840042F004021A709EE7434B1A78D407C9D55C
:103094001A7822F004021A7095E73F4C23785807F7
:1030A4003AD4E378DA07BDD5032300263B4A99F8DE
:1030B40000101468D9F804208DF804108DF8053038
:1030C4006369CDF80660CDF80A60ADF80E6002922F
:1030D400EFF3108272B6D3E8CF0F01210028FAD1A2
:1030E400C3E8401F0028F6D1BFF35F8F2046A261DA
:1030F40001A900F025FC6369C3E88F6FA36983F31A
:10310400108800283FF47DAF2A469DF805109DF8ED
:10311400040000F011FC85E72378002723F0040362
:10312400237005231D4A8DF80530166899F8002090
:10313400ADF80E708DF804207369CDF80670CDF8E3
:103144000A70EFF3108272B6D3E8CF0F0121002882
:10315400FAD1C3E8401F0028F6D1BFF35F8F304691
:10316400B26101A900F0ECFB7369C3E88F7FB36916
:1031740083F3108838B94FF0E023D3F8F03DD90732
:103184008FD500BE8DE72A469DF805109DF80400F2
:1031940000F0D2FB85E700BF60440020B844002063
:1031A400B2C50020B0C50020904200208C1401104C
:1031B400194B1A491B681A489B0103F1A0435B6829
:1031C4000A681B1A93420B603CBFC2F580515B181E
:1031D40040F2AE5128BF9B1AA3F14000884216D892
:1031E400104910B410480C6892B220F824200A68E0
:1031F4009BB200EB8200012243800B685DF8044B14
:10320400013303F03F030B60084B1A63704701223C
:10321400064B1A63704700BF18C4002004C4002082
:103224000020002014C4002020C4002000002050EE
:1032340081F0004102E000BF83F0004330B54FEA63
:1032440041044FEA430594EA050F08BF90EA020FD0
:103254001FBF54EA000C55EA020C7FEA645C7FEA63
:10326400655C00F0E2804FEA5454D4EB5555B8BF86
:103274006D420CDD2C4480EA020281EA030382EAF7
:10328400000083EA010180EA020281EA0303362D89
:1032940088BF30BD11F0004F4FEA01314FF4801C5C
:1032A4004CEA113102D0404261EB410113F0004F6E
:1032B4004FEA03334CEA133302D0524263EB430325
:1032C40094EA050F00F0A780A4F10104D5F1200EC3
:1032D4000DDB02FA0EFC22FA05F2801841F100011E
:1032E40003FA0EF2801843FA05F359410EE0A5F1F2
:1032F40020050EF1200E012A03FA0EFC28BF4CF023
:10330400020C43FA05F3C01851EBE37101F00045D8
:1033140007D54FF0000EDCF1000C7EEB00006EEBE5
:103324000101B1F5801F1BD3B1F5001F0CD349086F
:103334005FEA30004FEA3C0C04F101044FEA4452C6
:1033440012F5800F80F09A80BCF1004F08BF5FEA4D
:10335400500C50F1000041EB045141EA050130BD2D
:103364005FEA4C0C404141EB0101013C28BFB1F53F
:10337400801FE9D291F0000F04BF01460020B1FA8A
:1033840081F308BF2033A3F10B03B3F120020CDA5D
:103394000C3208DD02F1140CC2F10C0201FA0CF03B
:1033A40021FA02F10CE002F11402D8BFC2F1200CA0
:1033B40001FA02F120FA0CFCDCBF41EA0C01904056
:1033C400E41AA2BF01EB0451294330BD6FEA04049F
:1033D4001F3C1CDA0C340EDC04F11404C4F120028A
:1033E40020FA04F001FA02F340EA030021FA04F39C
:1033F40045EA030130BDC4F10C04C4F1200220FAF3
:1034040002F001FA04F340EA0300294630BD21FA30
:1034140004F0294630BD94F0000F83F4801306BFF6
:1034240081F480110134013D4EE77FEA645C18BFEA
:103434007FEA655C29D094EA050F08BF90EA020F81
:1034440005D054EA000C04BF1946104630BD91EA79
:10345400030F1EBF0021002030BD5FEA545C05D17C
:103464004000494128BF41F0004130BD14F58004BB
:103474003CBF01F5801130BD01F0004545F0FE412F
:1034840041F470014FF0000030BD7FEA645C1ABF64
:10349400194610467FEA655C1CBF0B46024650EA9B
:1034A400013406BF52EA033591EA030F41F40021C7
:1034B40030BD00BF90F0000F04BF0021704730B54D
:1034C4004FF4806404F132044FF000054FF0000122
:1034D40050E700BF90F0000F04BF0021704730B5E3
:1034E4004FF4806404F1320410F0004548BF4042B8
:1034F4004FF000013EE700BF42004FEAE2014FEA0D
:1035040031014FEA02701FBF12F07F4393F07F4FE7
:1035140081F06051704732F07F4208BF704793F0EA
:103524007F4F04BF41F40021704730B54FF46074FD
:1035340001F0004521F000411CE700BF50EA010200
:1035440008BF704730B54FF000050AE050EA0102A9
:1035540008BF704730B511F0004502D5404261EB19
:1035640041014FF4806404F132045FEA915C3FF45A
:10357400D8AE4FF003025FEADC0C18BF03325FEAF7
:10358400DC0C18BF033202EBDC02C2F1200300FAA8
:1035940003FC20FA02F001FA03FE40EA0E0021FACD
:1035A40002F11444BDE600BF53B94AB9002908BF6B
:1035B40000281CBF4FF0FF314FF0FF3000F0B2B9CC
:1035C400ADF1080C6DE904CE00F006F8DDF804E076
:1035D400DDE9022304B070472DE9F04F8C46099EC3
:1035E40004460F46002B48D18A4215465ED9B2FAEA
:1035F40082F33BB1C3F120029F409D409C4020FADE
:1036040002F217434FEA154E1FFA85FC220CB7FB52
:10361400FEF10EFB117701FB0CF042EA07429042E7
:1036240007D9AA1801F1FF3702D2904200F258815B
:103634003946121AA4B2B2FBFEF00EFB102200FBB4
:103644000CFC44EA0244A4450BD92C1900F1FF32C6
:103654002CBF01270027A44502D9002F00F0438185
:10366400104640EA0140A4EB0C0400211EB1DC40EA
:103674000023C6E90043BDE8F08F8B4206D90EB1A2
:10368400C6E9000100210846BDE8F08FB3FA83F1D2
:10369400002951D16345C0F01681824240F2138162
:1036A4000846002EE7D0C6E90047E4E7002A00F008
:1036B400AF80B2FA82F3002B40F0C2808A1A4FEA3C
:1036C400154EAFB20121200CB2FBFEFC0EFB1C22F6
:1036D40040EA024207FB0CF090420ED9AA180CF102
:1036E400FF382CBF4FF001094FF00009904203D975
:1036F400B9F1000F00F0F080C446121AA4B2B2FB74
:10370400FEF00EFB102200FB07F744EA0244A74236
:103714000ED92C1900F1FF322CBF4FF0010E4FF0DF
:10372400000EA74203D9BEF1000F00F0D28010466C
:10373400E41B40EA0C4099E7C1F120058B400CFAE8
:1037440001F400FA01F922FA05F72CFA05FC8A4083
:103754001F4320FA05F3380C23431FFA87FE1C0C81
:10376400BCFBF0F800FB18CC44EA0C4408FB0EFC4C
:10377400A4450ED93C1908F1FF3A2CBF4FF0010BB8
:103784004FF0000BA44503D9BBF1000F00F0B88043
:10379400D046A4EB0C041FFA83FCB4FBF0F300FB4B
:1037A400134403FB0EFE4CEA0444A6450ED93C190F
:1037B40003F1FF302CBF4FF0010C4FF0000CA64575
:1037C40003D9BCF1000F00F09F80034643EA084090
:1037D400A4EB0E04A0FB02EC64457346E04602D35E
:1037E40007D1F14505D2BEEB02036CEB070C01389F
:1037F400E0465EB1B9EB030264EB080404FA05F594
:1038040022FA01F3CC401D43C6E90054002132E7FB
:1038140042082F464B08AC4642EAC172AE46C40782
:10382400110C92B241EA034142EA0142B1FBF5F1C3
:10383400B3FBF5F01F23A2EB0C0241EA004142E77F
:103844009D40C3F1200299409C402CFA02FC4FEAAF
:10385400154E20FA02F2AFB2BCFBFEF80A430EFB8F
:1038640018CC110C41EA0C4108FB07FC8C4550D9DB
:10387400691808F1FF302CBF4FF001094FF000091F
:103884008C4502D9B9F1000F30D0A1EB0C01B1FB8A
:10389400FEF808FB07FC0EFB181192B242EA014243
:1038A400624534D2AA1808F1FF312CBF4FF0010948
:1038B4004FF000096245BED2B9F1000FBBD1A8F1A7
:1038C40002012A44B7E7841A6CEB0302012017466D
:1038D400E7E62C4402382BE7ACF1020C2A440CE74F
:1038E40002392A44A5E62C440238BAE6A5EB0C0CAE
:1038F400A8F102006144B1FBFEF808FB07FCCAE72B
:10390400A8F102083C4444E7023B3C445EE74146DC
:1039140091E7A1EB0C014046B1FBFEF808FB07FC64
:10392400B9E700BF704700BF5FF800F061090110FC
:103934005FF800F02D1700105FF800F00545001047
:103944005FF800F0DD5E00105FF800F0251600104F
:103954005FF800F0ED05001010000000000000000A
:103964000000010000000000000000000000020050
:103974000000000000000000000003000000000040
:10398400000000000000FF000000000001B54868CE
:1039940001318E460047704609380149884701BD08
:1039A4008D0C00100000000000000000000000006A
:1039B400000000000000000000410020A13C0010B5
:1039C4004D3C0010C53B0010353B001000000000CA
:1039D40000010000BC44002010000C0000000000A6
:1039E40000000000000000000000000000000000D3
:1039F400FF000000FFFF00006E19000000C000C0BF
:103A04000000CDAB0000000000000000000000003A
:0C3A1400000000000000000000000000A6
:103A2000D3DEFFFFFE010000FF01000018C7FEFF0C
:043A3000793512AB27
:040000051000014D99
:00000001FF
