:020000041000EA
:10000000002008205D0100101B0100101D010010E0
:100010001101001011010010110100101101001058
:100020001901001019010010190100101F01001022
:10003000110100101901001021010010230100100E
:100040001101001011010010110100101101001028
:100050001101001011010010110100101101001018
:100060001101001011010010110100101101001008
:1000700011010010110100101101001011010010F8
:1000800011010010110100101101001011010010E8
:1000900011010010110100101101001011010010D8
:1000A00011010010110100101101001011010010C8
:1000B00011010010110100101101001011010010B8
:1000C00011010010110100101101001011010010A8
:1000D0001101001011010010110100101101001098
:1000E0001101001011010010110100101101001088
:1000F0001101001011010010110100101101001078
:100100001101001011010010110100101101001067
:10011000EFF30580103800BE00BE00BE00BE00BE7A
:1001200000BE00BEF2EB88719C0C0110C80C0110DF
:10013000A001001090A31AE7D3DEFFFF42012110B7
:10014000FF01000054210100793512AB4FF000008F
:100150001E49086006C881F3088810474FF05040D8
:10016000006810B14FF00000F2E70DA40ECC00299A
:1001700002D000F012F8F9E71549164A002000E015
:1001800001C19142FCD11449884714498847144958
:10019000884700BEFDE701C901C29A42FBD3704700
:1001A000C80C011010010020D41600208C22011070
:1001B00000000820000008208C22011000100820F8
:1001C00000100820000000007047000008ED00E06B
:1001D000D416002094C10020B53B00100903001084
:1001E000AD3B0010F8B500BF064B0749C91A89108E
:1001F00048BF0131491003D0044B0BB101481847E7
:10020000704700BFD4160020D41600200000000064
:1002100008B5054B1BB105490548AFF30080BDE8A3
:100220000840FFF7E1BF00BF0000000000B9002058
:100230000805011010B50C460021204609F0BAF857
:100240002046002109F0BEF82046024909F0B6F820
:10025000002010BD5902001038B5144653B90D46A0
:100260007AB10846118908F015FE204608F01AFBFD
:10027000002038BD002AFBD0104608F013FB0020F8
:1002800038BD1146284609F095F82146284609F060
:1002900099F82146284609F091F8284609F0A4FC6F
:1002A000002038BD10B509F0A7FA044641F28932A2
:1002B000054908F025FDFF21204608F089FDBDE82D
:1002C0001040024909F082B8800C0110350200107C
:1002D00090F8393003485B074CBF0349034903F0EA
:1002E0005BBE00BF180501100805011010050110C4
:1002F00008B504300FF0F6F8BDE8084001460148A3
:1003000003F04ABE3805011000B595B007F056F964
:1003100003F078FD214803AB02AA01A901F06EFCAD
:1003200018B91E491E4800F0CDF9DDE90212019806
:1003300001F0A2FB1B4803F0AFFD07F037FD1A48A0
:1003400003F0AAFD03A807F0A3F9F8B9174803F0D2
:10035000A3FD03A807F050F9154903A808F0D8F841
:10036000144903A808F0A4F803A808F08DF803A81E
:1003700008F090F803A80DF0C5FB0F4803F08CFDC2
:10038000FFF790FF0D4806F0DBFAFEE70C4803F09C
:1003900083FD4FF0FF3015B05DF804FBE0930400DF
:1003A000840501105405011074050110DC050110CD
:1003B000D1020010F1020010F805011015790010AB
:1003C000B80501104FF050422DE9F84F6D4BD2F8AF
:1003D00000A053F82A70BAF1000F2CD0DFF8B081DA
:1003E0006FB30026DFF8A0B1DFF8A091F3080C335B
:1003F00058F8235034460836CDB105F00F01204699
:100400002D09013489B15BF82A2000F00703C240AE
:100410004FEAD00C9B00D20701FA03F30CF18C0CCD
:1004200002D449F82C30B8470DB1B442E5D3202EA0
:10043000DCD1BDE8F88FDFF85C81002FD1D15248C4
:10044000F90801F10C0358F82330002B7BD013F08E
:100450000F054FEA13120AD050F82A40FC40E60775
:1004600003D44A4C8C3144F82150002A6BD012F04E
:100470000F024FEA13210DD050F82A407D1CEC40AA
:10048000E40705D4EC08414D12018C3445F82420D2
:10049000002958D011F00F014FEA133207D050F85D
:1004A0002A40BD1CEC40E60757D5002A4BD012F07D
:1004B0000F024FEA134107D050F82A40FD1CEC40D0
:1004C000E40751D500293ED011F00F014FEA135235
:1004D00007D02D4C54F82A503C1DE540EE074AD574
:1004E0008AB312F00F024FEA13610DD0264C54F874
:1004F0002A507C1DE540ED0705D4244DE408120583
:100500008C3445F82420F1B111F00F014FEA137338
:100510001FD01D4CBD1D54F82A20EA40D60705D433
:10052000EA081A4D09068C3245F822105BB154F8DE
:100530002A10FA1DD140C90705D41449D2081B0757
:100540008C3241F822300837202F7FF479AFBDE894
:10055000F88F002BF7D00C4CE9E7EC080B4D0902A3
:100560008C3445F82410A0E7EC08084D12038C34B5
:1005700045F82420A6E7054DE40809048C3445F825
:100580002410ADE748490020ACBF002000800240A5
:10059000908202404882024010B44FF480740C4BA9
:1005A00053F8202003EB8003C00082F0400200F1EA
:1005B000804003F5805C02F0C00200F5203003F5B6
:1005C0004053CCF8002041601C605DF8044B70473C
:1005D000048003402DE9F0434FF050491F46DFF8F7
:1005E0009880D9F80030164658F8232004460D4666
:1005F00083B032B387B348F823704FF050431B6881
:10060000BBB1194BE10804F00704184AA40005FA2D
:1006100004F403EB81038C3142F821405EB10121E7
:10062000152003F500531C6003B0BDE8F04300F053
:1006300039B90F4BE6E703F540531C6003B0BDE842
:10064000F083002FDCD015200A4948F8237000F011
:100650009BF9D9F80030D3E715200649019300F043
:1006600087FA019BC7E700BF9082024000800240EA
:1006700048820240C50300104849002030B44FF0C2
:10068000000343EC440043EC400005254FF4807424
:100690000B4BC20053F8201003EB800081F04001A7
:1006A00002F1804303F5203301F0C00200F58051D0
:1006B00000F540500A605D60046030BC704700BFC8
:1006C000048003400FB400B583B0049C074803F0D6
:1006D000E3FB3CB105A92046019103F04DFA044823
:1006E00003F0DAFB012003F05FFA00BF08060110F7
:1006F00018060110EFF3108072B6064BD3E8CF1F37
:1007000001220029FAD1C3E8412F0029F6D1BFF315
:100710005F8F70473F4400200023034AC2E88F3FA9
:1007200080F31088704700BF3F44002070B58646B4
:10073000EFF3108572B6124CD4E8CF6F0120002E73
:10074000FAD1C4E8460F002EF6D1BFF35F8F4FF009
:10075000010CC80801F007030CFA03F31EF800C0EF
:100760001CEA030608D14CEA030C0EF800C0C4E8EA
:100770008F6F85F3108870BD1046FFF7A3FF00BF91
:100780003F440020F8B5EFF3108772B61C4ED6E850
:10079000CF5F0124002DFAD1C6E8454F002DF6D1D8
:1007A000BFF35F8F9A421BD8012502E001329342CA
:1007B00022D3D40810F804E002F0070C05FA0CFC70
:1007C0001EEA0C0FF2D14EEA0C0E00F804E01046BF
:1007D0000023C6E88F3F87F31088984207DBF8BDF7
:1007E0000023C6E88F3F87F310884FF0FF300029C1
:1007F000F5D00698FFF766FF4FF0FF30E8E700BF3F
:100800003F440020044A1078431CDBB2182B28BF59
:1008100010231370704700BFF815002010B5054C69
:1008200082B001461F23182200940348FFF7AAFF55
:1008300002B010BD1C060110604900204FF0E022FC
:10084000936843F000539360704700BF0021044B4E
:1008500003F12002C3E88F1F01339342FAD170479E
:10086000344400204FF0E0234FF08032C3F80024DE
:10087000C3F80424C3F80824C3F80C24C3F81024D4
:10088000C3F81424C3F81824C3F81C24C3F8202484
:10089000C3F82424C3F82824C3F82C24C3F8302434
:1008A00062B67047012300F01F029340400941B136
:1008B000800000F1604000F56140C0F880310360C5
:1008C0007047024A203042F82030704700E100E0D3
:1008D0000123064A410952F8212000F01F0003FAC3
:1008E00000F01040003818BF0120704700E100E020
:1008F00001224309034900F01F008240403341F8C0
:100900002320704700E100E0054A10309268054B53
:1009100052F82000C01A2F288CBF002001207047F9
:1009200000ED00E0FC150020F8B50D46EFF3108750
:1009300072B6124ED6E8CF2F0123002AFAD1C6E8AC
:10094000423F002AF6D1BFF35F8F0D4B00F1100438
:100950009B680C4A53F82430934203D0994201D04B
:1009600001F01EFB064B9B6843F82450BFF35F8FDA
:100970000023C6E88F3F87F31088F8BD3D44002070
:1009800000ED00E0110100102DE9F04F81468B468B
:10099000164683B0EFF3108372B6DFF8D0A1009350
:1009A000DAE8CF1F01230029FAD1CAE8413F002924
:1009B000F6D1BFF35F8F664B93F90040002CC0F275
:1009C000A080644D04EB440705EB870898F80610F7
:1009D00009F110091970604BBF009B6853F829009A
:1009E0006300411B2F292FD95C49884240F0A48025
:1009F0001C445B4B02372F44043BDB1BC3F34A030D
:100A00006FEAC3434FF421416FEAD34325F8241022
:100A100005EB840463804BF60153A380FF2348F069
:100A20000100E671C4F808B0A3714B4B9B6843F812
:100A30002900BFF35F8F0023CAE88F3F009B83F339
:100A4000108803B0BDE8F08F20F0010E9EF807106B
:100A5000B1422ED84FF42143EB53414BB91C2944EA
:100A6000043B04375B1A2F44AEF10401C91BC1F3E8
:100A70004A043C49C3F34A030B432143A8F804103A
:100A80003949A8F802304AF6AA2073465B1B5B413D
:100A90005843000D88F8076088F80600C8F808B0C9
:100AA00048F00100CEF80010BFE7D179B1422ED94D
:100AB00096469EF906C00CEB4C02BCF1000F05EB0C
:100AC0008202F2DA4BF601510EF10402A8F104079A
:100AD000BF1AC7F34A076FEAC7476FEAD7478EF8CE
:100AE000064003EB0408204C05EB8803AEF80470C5
:100AF00045F82840998083F806C0DE71C3F808B035
:100B000093E701F04DFA124B93F9004059E7724612
:100B100032F8041F490514D44915023102EB410192
:100B200001916FF00701C91B019F491B3944C1F3B3
:100B30004A0141F46041C9E7019301F031FA019B98
:100B400056E701F5FF1101F5FF511F31E4E700BF42
:100B500086C10020FC15002000ED00E0110100100E
:100B60002C16002000E0FFFF014880473D44002094
:100B70002DE9F04F83B0EFF3108A72B6714ED6E8CC
:100B8000CF2F0123002AFAD1C6E8423F002AF6D12E
:100B9000BFF35F8F6C4B00F110089B686B4A53F8F2
:100BA0002850954245D08D420C4650D0684FEB1BE3
:100BB0002F2B3ED801214FEA50194FEA890909F13C
:100BC000604909F5614900F01F0301FA03F0D9F803
:100BD0000030C9F8800000EA030BBFF35F8FEFF32A
:100BE0000581C9B2002934D0884505D0CDE900106F
:100BF00001F0D6F9DDE9001025F0010EDEF808C09D
:100C0000644505D189E0D3F808C0644531D09E46DB
:100C10009EF9062002EB4203002A07EB8303F2DA77
:100C2000644561D0BBF1000F20D0C9F88001C9F83C
:100C30000000454B9B6843F82850BFF35F8F0023AB
:100C4000C6E88F3F8AF3108803B0BDE8F08F1546E1
:100C5000EFE725F0010EDEF808C06445D8D19EF913
:100C600006407346002C08DA154646E0C9F88000B5
:100C7000DFE793F90640002C37DB04EB440C07EB6D
:100C80008C0C9CF80710DCF80820D9719A609CF94C
:100C900006206100002A9A713DDBBCF804E05FEA9F
:100CA0004E5E05D50EF5FF1E0EF5FF5E0EF11F0E12
:100CB0006FF0070C0A194FEA6E5E920002EB4E02CB
:100CC00008323A44ACEB030C6244C2F34A026FEAC6
:100CD000C2426FEAD2429A801E4B21441A7807EB37
:100CE00081011C708A719DE77346D9B9FF228EF885
:100CF00006204BF60152AEF80420164C4AF6AA2202
:100D000094F800C01946C91B49414A43120D83F8A3
:100D100006C0227086E7104ADDE79EF9064073465A
:100D2000002CAADA0D4A0E4CD21A083AC2F30A3144
:100D30006FEA01516FEA115144EA5202DA80998058
:100D400070E700BF3D44002000ED00E011010010FD
:100D5000FC15002086C1002001BDFFFF36160020D3
:100D600000F8FFFFF0B5EFF30585EDB2EFF3108C5F
:100D700072B62649D1E8CF2F0123002AFAD1C1E863
:100D8000423F002AF6D1BFF35F8F214E40F0010EA3
:100D9000B4684AF6AA2354F825701E4A0446A41AD9
:100DA000644163431B0D77455BB21BD092F906404B
:100DB0009C421CD092F912409C4223D092F91E40D2
:100DC0009C4221D092F92A409C4208BF03240FD0B4
:100DD000114A0024157813708571C1E88F4F8CF388
:100DE0001088F0BDB2680D4C42F82540F0E70024B1
:100DF00004EB440402EB8402FF2494714BF601548B
:100E00009480E5E70124F3E70224F1E73D44002064
:100E100000ED00E0FC15002086C10020110100104B
:100E200010B5074C82B00146052300220094054806
:100E3000FFF7A8FC0028A8BFC0F1330002B010BD26
:100E40003806011093C10020014B0B44036070472A
:100E50003444002070B5104C104DAC420ED2FF2629
:100E6000236863B1FFF7CEFC01462046FFF7ECFF95
:100E7000A680BFF35F8F0834AC42F1D370BDFFF79B
:100E8000C1FC01462046FFF7DFFF2671BFF35F8FED
:100E90000834AC42E4D370BDBC160020D416002048
:100EA00010B50446FFF7AEFC01462046FFF7CCFF25
:100EB000FF232371BFF35F8F10BD00BF10B5044641
:100EC0000120FFF7ABFC034B03442360BFF35F8FAC
:100ED00010BD00BF34440020024B0B440360BFF33D
:100EE0005F8F7047344400200D4B1A68EFF3108178
:100EF00072B6D2E8CFCF0120BCF1000FF9D1C2E821
:100F00004C0FBCF1000FF4D1BFF35F8F00221B68C0
:100F1000C3E88F2F81F3108840BF00200021704765
:100F2000F4C00020000000002DE9F04F2DED028BF1
:100F300085B0EFF30583DBB2103B9A0818BF01229E
:100F40004FF0010103F0030B18BFAF4DAF4B08BFCB
:100F5000AF4D0BEB820253F8226001FA0BF205F55C
:100F600041539FEDA78B01925A602FE0B3881C0478
:100F700040F19380B379002B40F0DD80B6F9082072
:100F8000002AC0F21E81736902EB420203EBC20326
:100F9000D3E90247B7F1FF3F08BFB4F1FF3F0ED0DE
:100FA00005EB8B01AB6A0A69D21AE31A934205D3A7
:100FB00001232A6A03FA0BF3134200D10C6128467D
:100FC00000F018FCA042B941C0F2FB80B6F908302D
:100FD000019A002B0093EA63C8DBD6F8148003EB78
:100FE0004309284608EBC907D7E9024A00F002FC8A
:100FF000A04271EB0A01B9DBBAF1000FC0F2C38065
:10100000D7E90431834A934200F0ED807A88B6F93B
:10101000080092B242EA0040984702460B4652EA64
:10102000030100F0B080002B80F2D180B4EB020EFF
:101030006AEB030A38F93930C7E902EA002B95DB7D
:10104000716903EB430201EBC202D2E90270BE45B3
:101050007AEB000C4FEA430288DBB4462CF8083FD9
:1010600006E003EB430001EBC0005A00D0E9027038
:10107000BE451A447AEB000001EBC20404DB31F9EF
:101080003230A446002BECDA28F83930009BACF85B
:101090000030B3881C043FF56DAF3369EFF3108265
:1010A00072B6D3E8CF0F01210028FAD1C3E8401F60
:1010B0000028F6D1BFF35F8F4FF6FF74B08800238E
:1010C000316900B2B480C1E88F3F82F31088984242
:1010D000FFF650AF0746A946746906F1080807EB0A
:1010E000470E04EBCE03D3E90250B6F90830C446EC
:1010F000002B13DBB246009704E034F936309446F7
:10110000002B09DB03EB430604EBC602D2E90271B4
:10111000BD4270EB0101F0DA5646009FACF800705A
:1011200034F93E7024F83E30002FD8DAB3794D46BA
:10113000002B3FF423AF0023B371B6F9083006F15A
:101140000808581C3DD01A46776903E08046591CB0
:101150003FF416AF03EB430107EBC100B0F802C048
:101160001C461CF4004F9E4637F93130EED09442B5
:1011700080ED028B05D0A8F80030328927F83120A5
:1011800034817246E3E738F8393033813369EFF35D
:10119000108272B6D3E8CF0F01210028FAD1C3E83C
:1011A000401F0028F6D1BFF35F8F7388316928F89C
:1011B0003930009B73800023C1E88F3F82F3108891
:1011C000D4E640BF05B0BDEC028BBDE8F08F2846E9
:1011D000CDE9022300F00EFB029A039B10EB020EF6
:1011E00043EB010A26E708460B690291984700285D
:1011F000C9D00299D1E9002311E700BFAFF3008005
:10120000FFFFFFFFFFFFFFFF00800B4030B9002012
:1012100000000B40290F00102DE9F84F364C2569CE
:101220002DB1BDE8F84F0A213448FFF70DBEDFF8B5
:10123000E4800321404600F0CBFA0326C4F80C807A
:10124000FFF7E0FA4FF0504C2D4B2670034423611A
:10125000DCF800300F216370636961801D834FF0FB
:101260000405A3F878504FF00505A3F890504FF00F
:101270000605A3F8A8504FF007050E214FF6FF72A0
:1012800008274FF00A0EA3F8C0504FF001094FF0A5
:101290000C0C4FF0020B4FF0090A0D204FF00B051C
:1012A000A3F868111749A280A3F808E1A160A3F888
:1012B00048B0A3F8F0A0A3F82051A3F838C1A3F8D0
:1012C0005001A3F83090A3F86060A3F8D8701A809A
:1012D0000D4B3046C8F820700C49DC60FFF724FB4A
:1012E00049463046FFF7DEFA094B0A211F640348DE
:1012F000BDE8F84FFFF7A8BD44160020F4C0002059
:1013000034440020FFFF100030B90020290F0010E6
:1013100000200B4000000B4000487047441600209E
:10132000F8B59DF82050044617461E4635B900F022
:1013300069FA874266EB010100295CDB2169EFF362
:10134000108372B6D1E8CF0F01220028FAD1C1E88C
:10135000402F0028F6D1BFF35F8FB4F902206569F2
:1013600002EB4201002A4FEAC10C206905EBC101E2
:1013700039DB35F80CE0A4F802E04FF0000EC0E8CD
:101380008FEF83F310884888069B0130C0F30E006E
:10139000012838BF01200B61079B48804B61C1E9E0
:1013A000027640EA02402369EFF3108172B6D3E877
:1013B000CF7F0126002FFAD1C3E8476F002FF6D167
:1013C000BFF35F8FA38825F80C30A2802369C3E8A0
:1013D0008FEF81F310880122E368217803F5015330
:1013E0008A405A60F8BD0022C0E88F2F83F310882E
:1013F0004FF0FF30F8BD2846F8BD00BF0146F0B5FC
:101400000069EFF3108772B6D0E8CF5F0124002D9A
:10141000FAD1C0E8454F002DF6D1BFF35F8FB1F987
:1014200002E04C690EEB4E0CBEF1000F4FEACC050A
:10143000086904EBCC0C3CDB665B4E800026C0E800
:101440008F6F87F31088BCF80200CCE902230130CB
:10145000C0F30E00012838BF0120059BACF8020044
:10146000CCF81030069B40EA0E40CCF814300B69E3
:10147000EFF3108272B6D3E8CFCF0127BCF1000F93
:10148000F9D1C3E84C7FBCF1000FF4D1BFF35F8FFB
:101490008B886353A1F804E00B69C3E88F6F82F374
:1014A00010880122CB68097803F501538A405A60FD
:1014B000F0BD0023C0E88F3F87F310884FF0FF3066
:1014C000F0BD00BF03464089B0EB214F37DD5869BE
:1014D0000A1402EB420210B500EBC2001C69EFF3E4
:1014E000108C72B6D4E8CFEF0122BEF1000FF9D113
:1014F000C4E84E2FBEF1000FF4D1BFF35F8F4288D6
:1015000089B292B28A4207D000221B69C3E88F2FAA
:101510008CF31088002010BD42F40042428001216B
:10152000002218699971C0E88F2F8CF310881C78FD
:10153000DA68084602F50153A140596010BD002049
:10154000704700BF407870472DE9F04182B00446F3
:101550000E4600F057F94FF0FF326FF000432418A9
:1015600046EB0106A24273EB06013CBF14461E4641
:10157000A51F46F1FF37AC4276EB07033CBF0025C1
:101580002F4600F03FF9281A67EB010C01287CF187
:10159000000C06DA2046314602B0BDE8F04100F00A
:1015A00069B900F02FF9854267EB010100290ADBD8
:1015B0000021174B2A46009316483B460191FFF73E
:1015C0001DFF0130E6D04FF0000C134A1349536A57
:1015D0009F4204D8906AA842DCD29F42DAD10B68BD
:1015E000EFF3108072B6D3E8CF8F5FF0010EB8F141
:1015F000000FF8D1C3E848EFB8F1000FF3D1BFF303
:101600005F8F0B68C3E88FCF80F3108820BFDEE7C1
:10161000E90E00104416002000000B40F4C000202A
:101620002DE9F04182B0064600F0ECF84FF47A73F1
:1016300004464FF0FF306FF00042E6FB0341A0424A
:1016400072EB01033ABF044615460D46A61F45F14D
:10165000FF37B44275EB07033CBF0026374600F066
:10166000D1F8301A67EB0101012871F1000106DAA7
:101670002046294602B0BDE8F04100F0FBB800F07A
:10168000C1F8864267EB010100290ADB0021174BF4
:101690003246009316483B460191FFF7AFFE0130FA
:1016A000E6D04FF0000C134A1349536A9F4204D806
:1016B000906AB042DCD29F42DAD10B68EFF310801F
:1016C00072B6D3E8CF8F5FF0010EB8F1000FF8D1FA
:1016D000C3E848EFB8F1000FF3D1BFF35F8F0B6899
:1016E000C3E88FCF80F3108820BFDEE7E90E00103B
:1016F0004416002000000B40F4C000202DE9F04308
:1017000006460D4683B0EFF30584E4B23CB12D4BA1
:101710005A6AAA421CD2002003B0BDE8F0832A4FC7
:10172000D7F80C9097F80080484600F063F808F16D
:10173000040859F828301B1A301A65EB0101984249
:1017400071F1000110DB20BF1E4B5A6AAA42E2D39E
:1017500014BF012400249B6AB34234BF204644F0E6
:10176000010003B0BDE8F08300F04CF8864265EB61
:101770000101002914DB154B3846CDE9003432460F
:101780002B46FFF73BFE011E0ADD0E4B5A6AAA42AA
:1017900016D39B6AB34211D30B48FFF793FEB6E70B
:1017A000084B5C6AAC42B6D3641B18BF01249B6A29
:1017B000B34234BF204644F00100ADE7AA42EBD16A
:1017C00020BFE9E700000B4044160020E90E00109E
:1017D00010B4054B054C064AA04214BF1846581CCD
:1017E0005DF8044BFEF7A2BF6449002000800B4067
:1017F000540601100346416A0A46986A596A8A42A9
:10180000FAD17047034B596A0A46986A596A91425D
:10181000FAD1704700000B4030B4154A536A9C4619
:10182000946A536A6345FAD1021959414FF0000591
:1018300028BF01250E4B5B6AB5B15A1C08BF1A467A
:1018400008D04FF0FF310A460948436A8B42FCD367
:101850008B4207D1064902E0486A984202D1886A61
:101860009042F9D330BC70479942EDD8F0E700BF01
:1018700000000B40074A536A9942FCD8994207D1AD
:10188000044B02E05A6A914202D19A6A9042F9D816
:10189000704700BF00000B40F8B5054606200E4615
:1018A00000F0E4F8002842D0354A3648954214BF8B
:1018B0004FF080624FF00062334B344902601A608F
:1018C0008C6832EA0404FBD12D4B4FF48071EB1A83
:1018D000B3FA83F32E4A5B09062022F8131000F0B6
:1018E000C5F8C300B3FBF6F30133DA0920D1402673
:1018F00001216962AA622F6BFB0722D42B460022CA
:1019000053F82C1F062003F5805422602F6300F04B
:10191000ADF840F2013103228000B0FBF6F0EB6A33
:1019200083F0700303F07E0323602963AA64F8BD8B
:101930004FF6FE718A421BD922464FF6FF71154EB3
:10194000D7E740F2013205F540531A636B6AAC6A7F
:10195000062004EB831400F089F80F4BA402A3FBCC
:101960000023DB0A0021B4FBF3F0FFF755FFC5E7C6
:10197000C3F34503114603EB82161A46B9E700BFCD
:10198000008007400020024000300240000002407A
:1019900050C10020C0FF3F00757B2B8F00EB400C37
:1019A0004FEA8C0C0CF1804C0CF5803CF0B51646DF
:1019B000DCF80420051FB2F5803F38BF4FF48032B9
:1019C000EDB238BFCCF80420012D2AD94FF40067BE
:1019D000254C0CF54052176054F82020B2B9DCF8C1
:1019E0000020012D82EA461202F0E0020CF580563A
:1019F00032602AD94FF4006144F820304FF480332C
:101A00000CF500521160CCF80430F0BD6769B7FBEB
:101A1000F2FE0EF1010E0EEB4E0EBEF1030EFCD2E5
:101A2000DDE70129D2D103240CF540521460DCF823
:101A30000820D207FBD5DCF800200B4C82EA4612C6
:101A400002F0E0020CF5805632600122DCF8005012
:101A50004D4005F00305356002FA01F1DCF808207D
:101A60000A42FBD0C6E700BF68490020014B53F88B
:101A70002000704768490020584B2DE9F0431C6C4A
:101A80001746B4F5803F38BF4FF4803283B038BF7B
:101A90001A64032280460E46514B504DDA636C6C3B
:101AA000E307FCD5EB6B4F4A83F0200303F0E00320
:101AB000D363EB6B494D83F0010303F00303D3635E
:101AC0006C6CA407FCD54FF400624FF48039464B90
:101AD000464CDA63464B4246636101213346C5F802
:101AE00040904448009700F057F94FF400616B6B49
:101AF00007FB06F64B4538BFC5F83490384B2269D2
:101B0000B8FBF6F619633AB16369B3FBF2F301333C
:101B100003EB4303033BFDD23049324A0B6B03F026
:101B2000E00313630B6B83F0020303F003031363FF
:101B30008B6B5807FCD54FF400654FF480332A4A6D
:101B400015632D4A4B6322610A6C9A424FF00302DF
:101B500038BF0B64224B2149DA634B6CDA07FCD5A2
:101B6000CB6B204A03F0E003D363CB6B1B4983F0BC
:101B7000010303F00303D3634B6C9B07FCD54FF4C5
:101B800080334FF40065184A6661D5630B64CA6CF4
:101B90009A4238BFCB644FF40061114BA26999643B
:101BA0003AB16369B3FBF2F3013303EB4303033B45
:101BB000FDD24FF400604FF48031084A094D936C18
:101BC00083F0400303F0E003AB64074B084DA561CD
:101BD0009864D16403B0BDE8F08300BF0000014009
:101BE0000030014000100140002001406849002001
:101BF000006CDC0200000540001BB7002DE9F04F2F
:101C00004FF4A078994685B0CDE902125F4CDFF819
:101C100084A154450AD908F1FF38A4F53B54B8F122
:101C20000F0FA4F12004F4D1002069E0072304F58C
:101C30003722019403FB03F402F5D872B2FBF4FEE1
:101C400070454FF0010C4FF002074FF003064FF0C4
:101C500004054FF005013FD0B3F1010E00F0948070
:101C60000EFB03F4B2FBF4FB58454CD019B301FB57
:101C700003F4B2FBF4FB58454FD0E5B105FB03F488
:101C8000B2FBF4FB584553D0AEB106FB03F4B2FBF4
:101C9000F4FB584557D077B107FB03F4B2FBF4FBD4
:101CA00058455BD0BCF1000F05D00CFB03F4B2FB30
:101CB000F4FB83455DD0734603FB03F4B2FBF4FEF3
:101CC000704501F1FF3105F1FF3506F1FF3607F1EF
:101CD000FF370CF1FF3CBFD104FB1024002CBBD11B
:101CE0009E464A46DDF808B0DDF80C9001202849F0
:101CF00001FB08F1CBF80010C9F80030C2F800E091
:101D000005B0BDE8F08F04FB1024002CAED14A468C
:101D1000DDF808B0DDF80C90E8E704FB1024002C97
:101D2000ABD14A468E46DDF808B0DDF80C90DDE711
:101D300004FB1024002CA7D14A46AE46DDF808B0BB
:101D4000DDF80C90D2E704FB1024002CA3D14A4606
:101D5000B646DDF808B0DDF80C90C7E704FB1024A8
:101D6000002C9FD14A46BE46DDF808B0DDF80C9045
:101D7000BCE704FB1024002C9DD14A46E646DDF862
:101D800008B0DDF80C90B1E7019C44E750262F0025
:101D9000001BB70050F80C0070B4039D04682D03BD
:101DA00045EA03451B4B002CB3FBF1F3B2FBF3F602
:101DB0001FDB194A194B904214BF4FF480424FF475
:101DC0000042174C1A6003F580531A60A36832EA88
:101DD0000303FBD1212200F54053043301608660E8
:101DE0001A600268002AFCDA0822C5601A6070BC1A
:101DF0007047036803F03F038B42DAD18368C3F373
:101E00000B03B342D5D1C36803F4EE23AB42D0D168
:101E1000EDE700BF001BB700008005400020024036
:101E20000000024030B44FF080441C4B1C60E0B115
:101E30001B4CA3F54053DC611A4C40F001004440B8
:101E40001C62596298624FF080454FF0E061134B7D
:101E50001548164C1D60846019604AB930BC4FF0BB
:101E60000042A3F580531A607047114BD861EAE72E
:101E70004FF47A7303FB02F2B2F1807F2ABF6FF056
:101E80007F4313461A464FF080410A4C08482360AE
:101E9000094B426030BC1960704700BF00B00D4074
:101EA000D3C007B02D3FF84F00A00140F3FFFF0162
:101EB00000800D40244E002000A00D40012300EBC7
:101EC0004000800000F1804000F584104160036014
:101ED000704700BF002370B5DB8A04460D46002220
:101EE00042E800F2520254BF1021042144F2522071
:101EF000984786462B462246F446BDE870400A21A4
:101F00004FF48170604700BF0023DB8A002242E863
:101F100000F2520201D4102118470421184700BFD3
:101F200008B503460846191E02DB1AB140F030001E
:101F3000FFF7D0FF40F02000FAE700BF034AD2F8D5
:101F40002838002BFBD0BFF35F8F704700000E4096
:101F50000021044B044ABFF35F8F43F8041B9342F4
:101F6000F9D170470C080E402C080E4010B44FF405
:101F70008D704FF42A64064A064B07491460D060FE
:101F800019605368002BFCDA5DF8044B704700BF02
:101F90000080044000A0044000B0FA00704700BF79
:101FA00008B50148FEF78EFB7806011038B5054CE0
:101FB000054DAC4204D254F8043B9847AC42FAD3E6
:101FC00038BD00BFC00401100005011038B5054C34
:101FD000054DAC4204D254F8043B9847AC42FAD3C6
:101FE00038BD00BFEC0401100005011010B4074813
:101FF000074C084B084A094904601A608B6832EAAA
:102000000303FBD15DF8044B704700BF0020024082
:102010007F3BEFEF00300240F6FFF3030000024089
:10202000044BDB6CB3F5004F03D14FF48022024B1D
:10203000DA64704700001150002011504FF0E02288
:10204000044BD2F8881D0B43C2F8883D10EE3004D3
:10205000704700BF030330006FF06041044B054A36
:1020600019609368DB4333F06043FAD1704700BFD7
:10207000003002400000024010B545F25320FFF747
:1020800043FFBDE8104003460420184710B545F251
:102090005320FFF739FFBDE81040034601201847E1
:1020A000FEF7D4BB1449154B70B55C1AA610442E2C
:1020B000324628BF4422124D920028460EF02AF9DB
:1020C000B4F5867F13D80F4AC6F1440012D02B19FD
:1020D000410803EBC101C3E9002208338B42FAD166
:1020E000C30704D520F00100304445F82020064BFA
:1020F0009D6070BD4320F8E7000000101001001043
:10210000000000201101001000ED00E0002370B578
:102110002B4C82B0C4F88430FFF728FF0122294BF2
:10212000DA63636C012BFCD10321264A244B116333
:102130009C6B012CFCD10226052521460523224A51
:1021400022480096FFF728FE21462B46204A2148C8
:102150000095FFF721FE0022042031461E4BFFF7B9
:102160001DFC2146284600221C4BFFF717FC0022CD
:10217000082011461A4BFFF711FC002209201146D6
:10218000174BFFF70BFC002206201146134BFFF7FD
:1021900005FC0022114B07201146FFF7FFFB04202E
:1021A000FFF764FC00240F4BA3FB0035AD0CE0B23D
:1021B00029460134FFF782FE062CF8D102B070BD2B
:1021C0000000014000300140002F68590000054028
:1021D000008C864700800540001BB70080D1F008C6
:1021E000006CDC0283DE1B4386B003B451FC0804A0
:1021F000CDE9020151FC0904CDE9040151EC0A04C6
:10220000CDE9060103BCF047BDE800504EEC00C428
:10221000BDE800504EEC01C4BDE800504EEC02C4D5
:1022200000BD000000B5FFF7DFFF02E010FE30F454
:10223000F8D441EC100443EC112400EE010410EE3C
:10224000010480EE200451EC1004704700B5FFF744
:10225000CBFF02E010FE30F4F8D441EC100443EC64
:10226000112400EE010410EE210480EE200451EC54
:102270003004704700B5FFF7B7FF02E010FE30F4FE
:10228000F8D410B541EC100443EC112451EC0404D3
:1022900053EC0524A0FB024C5FF0000EE0FB03CEE4
:1022A000E1FB02CE4CEC20440024E1FB03E444ECCF
:1022B00030E480EE200451EC5004BDE8104070473B
:1022C00000B5FFF791FF02E010FE30F4F8D441ECC6
:1022D000100443EC112451EC2104A0FB01126FEA1D
:1022E000820252FB100052FB12F252FB1000A0EBD4
:1022F000D07C53EC04245CFB13F153EC1524A1FBBC
:10230000022001FB030053EC4424A2EB000050FB2D
:102310001CF24FEA111312EB017043EBE27140EA39
:10232000515020EA915020F0070053EC7524A0FB97
:10233000023C53EC752400FB03CC01FB02CC53ECB4
:102340000424ACEB824C40EA5C70A0F1010041EC4B
:10235000400480EE200451EC7004704700B5FFF794
:1023600043FF02E010FE30F4F8D440EC700400EEBD
:10237000010410EE210480EE200451EC300470477B
:1023800000B5FFF731FF02E010FE30F4F8D440EC66
:10239000600400EE010410EE210480EE200451ECF4
:1023A0003004704700B5FFF71FFF02E010FE30F465
:1023B000F8D441EC800400EE010410EE010480EE3C
:1023C000400410EE1304704700B5FFF70DFF02E064
:1023D00010FE30F4F8D441EC800400EE010410EE5D
:1023E000010480EE400410EE3304704700B5FFF79F
:1023F000FBFE02E010FE30F4F8D441EC100443EC94
:10240000112400EE010410EE3004C0F30070704798
:1024100000B5FFF7E9FE02E010FE30F4F8D443EC1B
:10242000102441EC110400EE010410EE30F48CBFD6
:1024300001200020704700BF00B5FFF7D5FE02E085
:1024400010FE30F4F8D443EC102441EC110400EEFB
:10245000010410EE30F42CBF01200020704700BFB3
:1024600000B5FFF7C1FE02E010FE30F4F8D441ECF5
:10247000100443EC112400EE010410EE30F42CBFE4
:1024800001200020704700BF00B5FFF7ADFE02E05D
:1024900010FE30F4F8D441EC100443EC112400EEAB
:1024A000010410EE30F48CBF01200020704700BF03
:1024B000704700BF2DE9F04F83B09946DDE90DABC1
:1024C0000F9B884611469A07074616D1DA453AD23D
:1024D0000C460D46ABEB0A060E4422464B464146DF
:1024E00020200134B847B442F7D12946BAF1000F91
:1024F00008D1204603B0BDE8F08F0C46BAF1000FBA
:1025000010D00E4655460C9B2E449A440191721BE6
:102510004B46013D41461AF8010D3446B847002D9F
:10252000F5D101990F9B9B07E3D5651AAB45E0D91F
:1025300022464B46414620200135B8475D4504F10F
:102540000104F5D3D5E70C46BAF1000FD9D1D0E795
:102550002DE9F04F0F9FDDF8248017F0020F0A9C41
:102560009DF82CA00E9DDDE90C9644D1F5BBB4423C
:1025700041D207F0010B04F1FF3C4FF0300EC44490
:1025800004E00134A6420CF801EF01D9202CF8D167
:10259000BBF1000F00F08880A5422CD904F1FF3C6C
:1025A0004FF0300EC44404E00134AC420CF801EFAB
:1025B00021D0202CF8D117F0100F0ED017F4806F17
:1025C00054D1A64263D0A54261D0B9F1100F50D0CA
:1025D000B9F1020F56D0202C29D12024CDE90B5778
:1025E000CDE90984BDE8F04FFFF764BF17F0010B98
:1025F00034D1B442BFD317F0100F1ED017F4806F40
:10260000E3D1002CDDD1B9F1100F63D0B9F1020F85
:1026100077D0302488F800400124BAF1000F11D19E
:102620007E0748D52B2608F804600134D6E72646F5
:1026300001344FF0300C08F806C0202CCDD0BAF190
:10264000000FEDD02D2608F804600134CDE90B57BA
:10265000CDE90984BDE8F04FFFF72CBFBAF1000FB8
:1026600030D0B44205F1FF3585D395E7B9F1100FAD
:10267000B3D1BE063BD5202CAFD0582608F8046055
:102680000134A8E7202CA8D02646013407E0661EB6
:10269000B9D0B9F1100F36D0B9F1020FC9D14FF04E
:1026A000620C08F806C096E717F0100FC5D017F4B3
:1026B000806F86D089E73E0790D5202608F8046011
:1026C00001348BE717F00C0F00D0013DB442FFF44A
:1026D00052AF61E7BC0612D4782488F80040302459
:1026E00088F801400224BAF1000F99D0AAE7202C03
:1026F0003FF473AF782608F8046001346BE7582480
:10270000EBE76224E9E717F0200FA4F1020C04D0F4
:102710004FF0580E08F80CE08BE74FF0780E08F8F1
:102720000CE086E700B9704701F074BB10B1D1E945
:1027300000311847704700BF2DE9F04F97B09DED6D
:10274000207BDDE9225B0746884651EC170B249C71
:1027500099460C920B4602468DED047B0794FFF7D9
:1027600049FE002840F0F481DDE904014FF0FF321A
:102770006FF48013FFF750FE002840F01B81DDE965
:1027800004014FF0FF32AC4BFFF782FE002840F00F
:10279000EE80DDE90401A4A3D3E90023FFF778FE6E
:1027A000002840F0D380DDE90401A1A3D3E9002390
:1027B000FFF732FE002840F0C980DDE90401002265
:1027C0000023FFF729FE002840F0E88023460D9003
:1027D00013F4806F08BF062530212B460EAAA5F101
:1027E000200605E0013BB34202F8011B00F0938193
:1027F000092BF7D81E46ED1ADDE90401FFF7D6FDD7
:102800008E4B044603EBC60393ED007B8DED087BF6
:10281000FFF7A8FD02460B46DDE90401FFF71AFDAC
:10282000DDE90823FFF72AFD02460B46CDE90A231E
:10283000FFF7CEFD8246FFF7A7FD02460B46DDE916
:102840000A01FFF707FD02460B46CDE90A230022E5
:102850007B4BFFF71DFE002800F0FE800AF1010A05
:102860005046FFF791FD02460B46DDE90801FFF7F0
:10287000E7FD10B14FF0000A0134002E00F0FD809A
:10288000681E0EABDFF8CCC118440FE0ACFB0A2188
:10289000C90801EB8102AAEB42023032BAF1090FFA
:1028A00000F8012F40F21C818A461D46202D05F1BB
:1028B000010306F1FF36E9D12025691E0EAB614800
:1028C000194410E080FB0462C3EBA20303EB830214
:1028D000A4EB420404F1300201351C4601F8012F3B
:1028E000002B00F0EB80202D4FEAE473EAD1079B28
:1028F00003F00303012B18D1BBF1000F15D00D9B82
:10290000002B00F00A810BF1FF3BBBF1200F0CD92B
:102910006B1E0EA930220B4405E001355D4503F81E
:10292000012F80F0D180202DF7D1079B0EACCDE98F
:1029300002B341464B4638460C9A01950094FFF786
:10294000B9FD8246504617B0BDE8F08F079B9DED5C
:10295000047BCDE923B341464B4638460C9A8DEDB6
:10296000207B229517B0BDE8F04F00F045B9610714
:1029700023464CBF042303234146219338464B464C
:10298000079A48BF304CCDE922B258BF2F4C0C9A61
:10299000209417B0BDE8F04FFFF78CBDDDE90423AC
:1029A00000200021FFF756FC0123CDE904010D931F
:1029B00023460DE723469C0740F0AA80BBF1040F95
:1029C00040F2A6800C9B1D461C1F04EB0B0A2A46F6
:1029D0004B46414620200135B847AA45F7D1554618
:1029E0001B4C261F14F8010D2A464B464146B8479A
:1029F000B44205F10105F5D1079B0AF1040A9807D5
:102A0000A0D50C9CAAEB04039B459BD952464B4690
:102A1000414620200AF1010AB847AAEB04035B45AE
:102A2000F4D38FE7AFF300800000000065CDCD4107
:102A30000000000065CDCDC1FFFFEF7FF008011061
:102A40000000E03F67666666D8060110E0060110E8
:102A5000EC060110CDCCCCCC0022DDE90A01634BA1
:102A6000FFF7DAFC00287FF408AFBAF1000F6AD153
:102A70000AF1010A002E7FF403AF2046FFF772FC33
:102A800002460B46DDE90401FFF7E4FB02460B4674
:102A9000CDE904230022554BFFF7BEFC00287FF44C
:102AA0000CAFDDE904010022504BFFF7F1FC0028D8
:102AB0007FF403AF013424F00104FEE6079B03F02A
:102AC0000303012B00F08280202D3FF42EAF0D9BDD
:102AD0007BB32D220DEB050383F83820013524E765
:102AE000202B3FF4E9AE0EAA15441E44302204E028
:102AF000202B05F8012F3FF4DFAE9E4203F10103C6
:102B0000F6D12E220DEB060383F83820751CD4E68F
:102B1000DDF830A063E720256EE6079B13F00C0F6D
:102B200050D00BF1FF3BAB453FF6F2AE202D3FF40A
:102B3000FCAE079B5A0701D52B22CBE71B077FF57D
:102B4000F4AE2022C6E71AF0010F3FF496AE8FE7ED
:102B5000A60734D1BBF1030F31D90C9B1D46DC1EF7
:102B600004EB0B0A2A464B46414620200135B84764
:102B70005545F7D155461E4CE61E14F8010D2A4660
:102B80004B464146B847A64205F10105F5D1079BE2
:102B90000AF1030A9D077FF5D5AE0C9CAAEB04034E
:102BA0009B457FF6CFAE52464B46414620200AF168
:102BB000010AB847AAEB04039B45F4D8C2E6DDF846
:102BC00030A0D7E7AB453FF6A3AEAEE6BBF1000FB2
:102BD0003FF47AAF0D9B002B9FD00BF1FF3B5D457F
:102BE000FFF496AE202D7FF474AF9EE60000E03F28
:102BF000E7060110000000002DE9F04F9FB02A9E6B
:102C0000DDE92845074693460891099322462B465D
:102C1000204629460E96DDE92BA6FFF7EBFB0028A0
:102C200040F0BE80204629464FF0FF32784BFFF738
:102C30002FFC002840F0B480204629464FF0FF3298
:102C40006FF48013FFF7E8FB002840F0A9802046CE
:102C5000294600220023FFF7DFFB002840F0D58142
:102C6000CDE90A45DDE90A239046994606F400625B
:102C700016F480630F92139340F0A18058EA090381
:102C800040F0CA80002A40F0E38106230E9316F03C
:102C90000202109240F0D4815346042B38BF042323
:102CA0000C920422043B12920F93204629460022E4
:102CB0000023FFF7B1FB002840F0F3819DED0A7B74
:102CC0000F9B5A4603930E9B8DED007B029326F4D7
:102CD000006304933846099B0899FFF72DFD0246CF
:102CE00016F0200F099B08990CBF6520452002F1C2
:102CF0000108B8470C9A129B16AC5D1E82EAE2737B
:102D0000A3EBE273D10F002622469946DFF804C1F7
:102D100001E0202E10D0CE46ACFB0930C00800EBFD
:102D20008003A9EB43033033BEF1090F814606F15E
:102D3000010602F8013BECD80523002006930A2384
:102D400005950094099D089C4246CDE90330CDE9E4
:102D500001612B4621463846FFF7FAFB109A804660
:102D6000D2B1A0EB0B06B24516D90BEB06022B46EF
:102D7000214620200136B847B245F6D80BF1FF3383
:102D80005344CBF10102A3EB08034244924538BF00
:102D9000002308F10108984440461FB0BDE8F08FB9
:102DA0005A463846CDE92845CDE92BA60E9C099B0D
:102DB00008992A941FB0BDE8F04FFFF7BDBC58EA50
:102DC00009032BD1002A3FF462AF00230C930E9B22
:102DD0000C9A934200F3B9814FF00008204629462F
:102DE00000220023FFF718FB002840F013819DED1F
:102DF0000A7B26F4006646F480668DED287B5A46F1
:102E00003846CDE92A8A099B08992C96D2E700BF5B
:102E1000FFFFEF7FCDCCCCCC06230E93C9F30A5035
:102E2000A0F2FF30FFF79EFAC1A3D3E90023FFF71A
:102E300025FAC1A3D3E90023FFF7F8F9C9F3130971
:102E4000CDE90C0149F07F5140460022B24B41F4DC
:102E50004011FFF7FFF9A4A3D3E90023FFF70EFA0F
:102E600002460B46DDE90C01FFF7E0F9FFF79EFA99
:102E70000C90FFF777FA9EA3D3E90023804689469A
:102E8000FFF7FCF90022A54BFFF7D0F9FFF78EFA08
:102E9000034649464046129397A3D3E90023FFF720
:102EA000EDF9804612988946FFF75CFA94A3D3E9BE
:102EB0000023FFF7E3F902460B4640464946FFF779
:102EC000C9F902460B4680468946FFF7D7F94246C4
:102ED0004B46CDE9100140464946FFF7A7F90022CD
:102EE000CDE91401DDE910018D4BFFF7EDF900226A
:102EF0008C4BFFF79BF902460B46DDE91001FFF70B
:102F0000E3F90022884BFFF791F902460B46DDE911
:102F10001001FFF7D9F942464B468046894600200A
:102F20004FF08041FFF796F902460B46404649466E
:102F3000FFF77CF902460B46DDE91401FFF7C4F9FF
:102F400000227A4BFFF772F9129B002203F2FF3C3A
:102F50004FEA0C53FFF792F980468946DDE90A01F2
:102F600042464B46FFF758FA50B10C9B4046013B96
:102F700049460C9300226B4BFFF7A6F98046894621
:102F80000C9A43466332C62A06F002021092494662
:102F90000F9A2CD8002A5ED0042212920B433FF4E1
:102FA00016AFDDE90A0158A3D3E90023FFF75CFA65
:102FB00048B1DDE90A0156A3D3E90023FFF72CFA53
:102FC00000287FF404AF0E9B002B50D0139A002AE8
:102FD0007DD0013B0E93129B9A4505D9109B002B87
:102FE00000F0AE800223109300230F9344E022BB35
:102FF000BAF1050F4FD906F00203002B49D1052382
:103000001293AAF105030F933AE005F100430A94E5
:103010000B9327E626F4006646F4806638462C9625
:10302000DDE90A67344607F100455A46CDE92A8AA8
:10303000CDE92845099B0899BCE605221292ADE727
:1030400000230222CDE90F3204220C9312922CE6C7
:103050004FF00508C2E6BAF1040F1FD9109B002BF0
:1030600078D104231293AAF104030F9304E0129B76
:103070009A4531D80E9B0F930C9B002B3FF415AE55
:10308000DDE90A0142464B46FFF71EF9CDE90A0188
:103090000BE60223109305231293F1E70423129306
:1030A000EAE7DDE90A45A0460F9B05F100490393D5
:1030B0000E9B5A46029326F4006304933846CDE9EA
:1030C0000089099B0899FFF737FB024608E6129B27
:1030D0009A4544D80F92CFE7109B8BB30E9B0F936A
:1030E00002231093C8E700BF61436F63A787D23FF5
:1030F00071A379094F930A401655B5BBB16B0240D5
:10310000EF39FAFE422EE63F2D431CEBE2361A3F22
:103110000000000080842E410000F83F0000E03FE6
:1031200000002C4000002440000018400000F03F48
:10313000FB799F501344D33FB3C8608B288AC63FA6
:10314000129BAAEB03030F9396E7A3EB020808F187
:10315000FF3843E604231293022310938CE7109B5D
:10316000002BEDD002230F92109385E72DE9F04F4D
:103170009BB0249C954D0A94954CB1F1000A18BF60
:10318000834625601878934C914608BFA34609935F
:10319000002800F093824FF000080AE042464B46B8
:1031A000514608F10108D847099B1878002800F01B
:1031B000CE80099B252803F101030993EED11C461B
:1031C0000023224612F8010BA0F1200110290AD891
:1031D000DFE801F04009093C090909090909093832
:1031E000093409093000A0F130010929099440F29D
:1031F0008A802A2800F0F08000252E2800F0968092
:103200000026A0F1680112292DD8DFE811F049014C
:103210002C0043012C0038012C002C002C002C0029
:103220002C002C002C0027002C002C002C002C0043
:103230002C002700144643F00103C2E7144643F074
:103240000203BEE7144643F00403BAE7144643F012
:103250001003B6E7144643F00803B2E7099948782B
:1032600043F480730132672809927ED8242840F203
:10327000C180A0F12502422A00F2BC80DFE812F0F2
:103280005001BA00BA00BA00BA00BA00BA00BA00D7
:10329000BA00BA00BA00BA00BA00BA00BA00BA005E
:1032A000BA00BA00BA00BA00BA00BA00BA00BA004E
:1032B000BA00BA00BA00BA00BA00BA00BA00BA003E
:1032C000190137011901BA00BA00BA00BA00BA00F0
:1032D000BA00BA00BA00BA00BA00BA00BA00BA001E
:1032E000BA00BA00BA00BC01BA00BA00BA00BA000B
:1032F000BA00BA00BA00BA00BA00BC015801BC0159
:10330000190137011901002500E0013205EB85059F
:1033100000EB45051078303DA0F130010929F4D9C2
:103320002E28099202F101027FF46AAF099943F451
:10333000806348781146A0F13006092E40F22181C1
:103340002A2800F02F8109920026013259E74446CD
:10335000C14501D809F1FF384B464246514600208D
:10336000D84720461BB0BDE8F08FA0F16902D2B269
:103370000F2A3FD8012149F241079140394040F0DE
:10338000F3800A2A3DD0072A34D10A9D55F8042B30
:10339000002A00F0138143F0210012AB1F460B936B
:1033A00003E0202900F014811A4602F00F0423469E
:1033B000092C94BF303337330F2A07F8013B01F152
:1033C00001014FEA1213ECD802E100BF6D31001089
:1033D0001C4E0020B12400100A99099851F8045B92
:1033E0004078002DCDE90921BCBF43F002036D42B6
:1033F000013202E742464B46514608F10108D847E0
:10340000D2E60A99002E51F8047B18BF324638786C
:1034100008BF4FF0FF32002800F07B83BC18A446A1
:103420003A4604E012F8014F002C00F03F81944529
:10343000F8D16446E41B5A0540F12281B44228BF0A
:10344000344613F0020300F088820223CDE90A51CA
:1034500042461D46464408E04B465146D84717F8B9
:10346000010F08F1010810B142464645F4D12B4640
:103470000B990A9D002B40F041810A9194E609992D
:1034800048786C287FF4ECAE0A46887843F44073A1
:103490000332E8E6099943F4007348780132E2E622
:1034A00009994878682800F0038143F080030132CD
:1034B000D9E6672800F0D980472800F0DC8045284D
:1034C00000F0DB80CDE903530A9B0296073323F01B
:1034D00007031C464246F4E802674B4651465846ED
:1034E000CDE900670A94FFF787FB80465CE6462833
:1034F00008BF43F02003CDE903530A9B029607332C
:1035000023F007031C464246F4E802674B46514647
:103510005846CDE900670A94FFF70EF9804643E666
:1035200042464B465146252008F10108D8473BE664
:103530000A9A990702F1040408F1010640F1C680D5
:1035400010784B4642465146D847012D88BFA844C3
:1035500040F2BD8132464B46514620200136D847C5
:103560004645F7D10A941FE66F2800F0818040F2AB
:103570004882782800F090810A2723F01003BC4687
:1035800041E0002606EB860600EB4600A0F130067F
:1035900011F8010FA0F13002092AF3D90A46099166
:1035A00001322EE6DDE9092151F8046B90780232F0
:1035B00009920A91013226EAE67622E623F010000B
:1035C00013F4806240F021003FF4E7AE12AB0B939E
:1035D0000B9B06900093082310200593002342467E
:1035E000CDE9023001914B46514658460496FEF70C
:1035F000AFFF0A958046D7E5582862D0622840F090
:103600008F800227BC4613F4806000F0DD8023F039
:103610000D0313F4007240F081810A990F1D13F419
:10362000807140F037825C060A9A40F13B81127843
:10363000002A40F04E8123F01003002800F0498159
:10364000114612AA0B92CDE90553CDE903C60191AB
:103650000B9B4246009300235146029358464B462B
:10366000FEF776FF0A9780469EE543F4006329E75C
:103670000827BC46C7E743F4006343F0200321E773
:1036800013F0020300F08E8102230A951E460D46B8
:1036900042464B465146D84717F8010F08F101083A
:1036A0000028F5D1294633460A9DE3E6D41BC2E63D
:1036B0000A46887843F0C0030332D4E504468046C6
:1036C00046E6102743F02003BC469CE7012D40F25C
:1036D000F880464608F1FF372F4432464B465146A4
:1036E00020200136D847BE42F7D10A9B32461878CF
:1036F00051464B46D847A8440A9455E54646A5424C
:103700007FF6BBAEA844A8EB04080C4632464B46F5
:10371000514620200136D8474645F7D12146ACE630
:1037200013F4806200F0BB804FF4806223F0110C30
:103730001CF400770A9B4AD11CF4807003F1040446
:1037400040F034811CF0400F40F0A3801CF0800F4B
:1037500000F0D381B3F9001081EAE177A7EBE177BC
:10376000BFB2CB0F002900F056813A4612A90F468E
:10377000DFF8D8E30B910A930C9501E020280FD0D5
:103780001546AEFB0213DB0803EB8301A2EB4101FC
:103790003031092D1A4600F1010007F8011BEDD860
:1037A0000A9B0C9DCDE9055CCDE9010304960B9BBA
:1037B000424600930A235146039358464B46FEF770
:1037C000C7FE0A948046EFE423F00C0321E7073399
:1037D00023F00703194608465B6850F8081BDF0F03
:1037E0000A9051EA030062D1002A40F09F811346FB
:1037F000114612AACDE90C7500201546CDE90E68D8
:10380000DFF848E30B9201E020282DD05A1842F14E
:103810000002AEFB027828F0030707EB9807D21BE3
:103820001E469B1A61F100070C464FF0CC3101FB9C
:1038300003F10EFB0711A3FB0E731944052307F0D8
:103840000108A8FB03389B180A2E03F130034FEA46
:10385000570774F1000405F8013B00F1010047EA45
:10386000C1734FEA5101CFD2DDE90C75DDE90E6875
:103870000B9B424600930A23CDE9055CCDE9010785
:10388000049603934B4651465846FEF761FE804628
:103890008AE419780F4664E71027BC46B3E623F0A4
:1038A000100C45E71C064CBF12881268C0E60A4699
:1038B000191E01DB13469CE75242134661EB41019E
:1038C00097E713465146187842464B46D847B046CC
:1038D00048E613F0200F14BF4120612012ACA64629
:1038E0000B940A93A0F10A040C9502E0202912D04F
:1038F0002A46B2FBFCF50CFB1520C3B2092803F1E4
:1039000030008ABF1B19C3B2DBB262450EF8013B1F
:1039100001F10101EAD20A9B0C9D94E60A9A073252
:1039200022F00702516852F8084B8E460A9254EA78
:10393000010276D123F01003002872D00022114634
:1039400012AA0B92CDE905530B9B4246009300232C
:10395000CDE903C60191029394E7A54298BF0134D3
:103960007FF674AD4FF48063CDE90A7505EB08026C
:103970001F460D46141B42464B465146202008F177
:103980000108D847A045F6D13B460A9F294638781A
:103990000B9D6C1C00283FF470AD002B3FF475AEFE
:1039A000002353E5A542DFD801346EE61968CB0F3A
:1039B000002900F0A88081EAE172A2EBE17212A96D
:1039C0000846DFF888E10B910A930C9501E0202F5F
:1039D0000FD01546AEFB0213DB0803EB8301A2EB0D
:1039E00041013031092D1A4607F1010700F8011B8A
:1039F000EDD80A9B0C9DCDE9055CCDE901730496D9
:103A0000D5E6692823F0100C40F08C8013F4806216
:103A10003FF48EAE88E6002A3FF4A8AE12AA0B92BD
:103A2000C0E613F0200F14BF41226122002012A92A
:103A30000A3ACDE90E68CDE90C35CDF844B006461A
:103A40008846754693460B91CDF840C003E0202E82
:103A500017D004460D4629463A46002320460CF06E
:103A60000FFDD2B2092A02F1300388BF02EB0B032B
:103A7000BC42DBB275F1000508F8013B06F1010616
:103A8000E5D23146DDE90C35DDE910CBDDF83C80CF
:103A90000E9E57E70A99096851B923F0100338B10F
:103AA00012A90B91CDE90553CDE903C60192CFE5EB
:103AB00013F0200F14BF4120612012ACA6460B94D6
:103AC0000A93A0F10A040C9502E0202A12D029469C
:103AD000B1FBFCF50CFB1510C3B2092803F1300053
:103AE0008ABF1B19C3B2DBB261450EF8013B02F17C
:103AF0000102EAD20A9B0C9DD4E7196881EAE177BA
:103B0000A7EBE1772DE6002A3FF459AF12AA0B92FA
:103B100071E713F480640DD013F0020412D0044650
:103B20004646ECE50A276346BC466CE512AB00202E
:103B30000B939DE613F002037FF4E0AD002D7FF4BC
:103B400013AF9AE4002D7FF40DAF96E4CDCCCCCC2E
:103B500070B594461E4605460C4684B04FF0FF32C1
:103B6000634602A900960348CDE90254FFF7FEFA26
:103B700004B070BD2D27001010B5094B84B01C682F
:103B80004CB1034600914FF0FF3203A90548A0470E
:103B9000012004B010BD00F07FF9204604B010BD34
:103BA0001C4E00202527001000BEFDE708B5FFF7DA
:103BB000FBFF00BF38B5064C064DFEF7F7F9AC42E7
:103BC00004D254F8043B9847AC42FAD338BD00BF46
:103BD0000005011008050110036808461146184742
:103BE0002DE9F0411546427D07468846002A46D019
:103BF000002D1DDD0B780A2B23D0012D4FF0000C7A
:103C000018D04646012416F8012F21460A2A04F14D
:103C1000010422D0A542F6D165450BDC08EB050373
:103C200013F8013CA3F10D03B3FA83F35B093B7571
:103C3000BDE8F0813B68A5EB0C0108EB0C00984750
:103C4000ECE7037D002BD8D1036802210F48984789
:103C5000012DE3D04FF0010CD3E716F8013C0D2BFA
:103C6000D8D08C4508EB0C00A1EB0C0101DA3B68C5
:103C70009847022105483B689847A446CAE7294669
:103C800040463B68BDE8F041184700BF40090110BD
:103C90000B682DE9F041802B0D46064605D05A1CD5
:103CA0002B442A601E71BDE8F0810F4B1C68A4B143
:103CB0000E4F01F1040801E0246974B12368002B60
:103CC000FAD03B680BB1A342F6D1204641462A68A0
:103CD000FFF786FF2469002CF0D1002301222B443A
:103CE0002A601E71BDE8F081E8490020F0490020FB
:103CF0002DE9F04782B00D4691461C460646FDF779
:103D000081FD4FF0FF3C6FF000472E4A821841F1D1
:103D10000003944577EB03013CBF62463B462A48CB
:103D20000CF0C2FB6B1C804640D00CB3274F284BD5
:103D30001C68B4B1B9F1000F1CD1DFF89C9001E010
:103D4000246974B12368002BFAD0D9F800300BB184
:103D50009C42F5D120462A463146B8472469002CBA
:103D6000F0D1B8F1000F26D1284602B0BDE8F087A7
:103D7000184FDCE74FF00A0ADFF85C9002E0246994
:103D8000002CEED02368002BF9D0D9F800300BB10D
:103D9000A342F4D12A4631462046B84701222046A4
:103DA0000DF107018DF807A0B847E8E730460CF0A1
:103DB00027FB0546B9E704480CF066FB284602B02D
:103DC000BDE8F08740420F00C4160020E13B001020
:103DD000E8490020D93B0010F0490020084A136848
:103DE00023B90AE003F110021B6933B18342F9D110
:103DF00029B9186910601961704701B110607047E6
:103E0000E849002008B500F0A5F900F0DBFB01202F
:103E100008BD00BFF0B583B006468DF80700FDF77A
:103E2000F1FC4FF0FF356FF00044174A821841F162
:103E30000003954274EB03013CBF23462A46134816
:103E40000CF032FB124B07461C689CB1114D01E08F
:103E500024697CB12368002BFAD02B680BB19C42FB
:103E6000F6D1204601220DF10701FFF7B9FE2469C2
:103E7000002CEFD117B9304603B0F0BD03480CF069
:103E800003FB304603B0F0BD40420F00C4160020D3
:103E9000E8490020F049002038B504460CF0B0FA9B
:103EA000012305461A4620462946FFF721FF084B05
:103EB0001C682CB163682BB198472469002CF9D198
:103EC000284638BD2469002CF4D1284638BD00BFEF
:103ED000E84900202DE9F041A2B004460D46FDF767
:103EE00091FC4FF0FF376FF00046264ADFF8A480C0
:103EF000821841F10003974276EB03013CBF3A463A
:103F0000334621480CF0D0FA00272B4622460646BD
:103F100001A91E480197FFF71BFE019B0546D8F833
:103F20000040C3B1002C2BD0194F01E0246974B1BB
:103F30002368002BFAD03B680BB1A342F6D1204690
:103F4000019A02A9FFF74CFE2469002CF0D100234E
:103F5000D8F8004001932CB1636843B198472469B5
:103F6000002CF9D12EB9284622B0BDE8F081246991
:103F7000F1E705480CF088FA284622B0BDE8F08148
:103F80000194EFE740420F00C4160020913C00105E
:103F9000F0490020E84900200FB400B583B004A91F
:103FA00051F8040B0191FFF795FF03B05DF804EBA6
:103FB00004B07047B1F1000C1DDD0F4A0F4B1268C1
:103FC00030B5D31AB3FA83F30D240D4D5B09411EAE
:103FD00035F913E08C4411F8010F864506D093693A
:103FE0009B06FCD461451060F5D130BD93699D06F8
:103FF000FCD41460F3E7704754C1002000800740F0
:1040000050C10020224BB1F1000C10B41C682EDD11
:10401000034600201F4A591E12689369DB0617D415
:1040200001309369DB06FCD41368844501F8013F35
:10403000F3D14CB150211346916353F8342F02F061
:10404000380203F580531A6060465DF8044B7047F0
:104050004CB150211346916353F8342F02F03802CB
:1040600003F580531A6078B15DF8044B70475CB17A
:10407000084B50211A681346916353F8342F02F00D
:10408000380203F580531A606FF00200DDE700BFCD
:104090005049002054C10020054B1B6833B100215A
:1040A000044A05481268006891631847704700BFCA
:1040B0005049002054C1002058490020024B1A6882
:1040C00093691B07FCD4704754C10020F8B51C4FFE
:1040D0001C4D3A681C4EAA4214BF212522250446D5
:1040E000D6F800C018B1BCF1000F10D0F8BDBCF17B
:1040F000000FFBD0014690632846FCF7D3FB28460F
:104100001249FCF735FD124B34601C60F8BD0B46BC
:104110000F4A0E49306028461360FCF705FC012168
:104120002846FCF7BFFB3A6850211346916353F8C9
:10413000342F02F0380203F580531A60F8BD00BF37
:1041400054C10020008007405049002099400010D1
:104150005849002010B50E490E4C0F480F4A104B1D
:10416000007821601020022112781B78FCF714FAE5
:1041700002211120FCF710FA4FF4E1312068FDF71D
:104180008BFBBDE8104001210648FFF727BE00BFAA
:104190000000074054C10020C00C0110BC0C0110ED
:1041A000B80C01105C160020704700BF0022014BC4
:1041B0001A70704787C100204B79FF2B0BD188798B
:1041C00048B9CB79012B07D1082A05D9034B8A7846
:1041D00009201A7070470020704700BF87C1002077
:1041E00001207047012901D00120704708B5104B0C
:1041F00091881B78994201D0002008BD5378012B8B
:1042000008D0022BF8D1002164220846FDF70AFEEF
:10421000012008BD5188CB0548BF480AC1F34022A0
:1042200058BF4FF0FF3001F07F01FDF779FE00BF6E
:1042300087C1002000487047280A0110012907D1D2
:104240005378012B02D19388072B03D000207047AD
:10425000012070471146A623014A01F041BA00BF70
:10426000800901100346012201481A70704700BFFF
:104270006009011008B50B68B3F5966F00D008BD52
:1042800000224FF0FF301146FDF74AFE024A034B71
:1042900010601960704700BF544900205C4900203D
:1042A000184B70B51A68002A28D0EFF3108172B647
:1042B000D2E8CF4F0120002CFAD1C2E8440F002CE5
:1042C000F6D1BFF35F8F00220F4C1868596022703F
:1042D000C0E88F2F81F31088002400250B4E307822
:1042E000FCF7F6FA20B9002400252046294670BDC7
:1042F0003078FCF7FDFA2046294670BD4FF47A74F9
:104300000025EBE718B900208DC1002088C10020EE
:10431000014B1878FCF7ECBA88C1002038B5044688
:1043200000200D4601F00CFBA8B3002001F01EFB9D
:1043300088B3FDF767FA4FF0FF3E6FF0004C174A65
:10434000821841F1000396457CEB03013CBF7246A5
:10435000634613480CF0A8F8E8B1002001F0F0FA29
:1043600058B900214FF0FF3000F012FD6FF0020449
:104370000B480CF089F8204638BD002001F0F6FA11
:104380000028EED021462A46002001F0F9FA044622
:104390000028EDD1EAE76FF00204ECE740420F009D
:1043A000F8C0002008B5FDF72DFA4FF0FF3E6FF082
:1043B000004C0F4A821841F1000396457CEB030143
:1043C0003CBF724663460B480CF06EF870B14FF07C
:1043D000FF30002100F0DCFC002001F019FB002878
:1043E000F5D1BDE8084003480CF04EB808BD00BF49
:1043F00040420F00F8C000202DE9F84380460F46E8
:10440000FDF700FA4FF0FF356FF00044334A821891
:1044100041F10003954274EB03013CBF2A46234659
:104420002F480CF041F808B9BDE8F883002001F0EE
:1044300087FA002847D0002F40DD0025DFF8A8903C
:10444000284E13E02246002001F028FB00210446FC
:104450004FF0FF3000F09CFC002001F0D9FAFDF78E
:10446000D1F9C9E900012544AF4227DD002001F060
:1044700035FB7C1B8442A8BF044608EB0501002CD9
:10448000E0D121464FF0FF3000F082FC204601F0E1
:10449000BFFA204601F054FA80B1204601F01EFB1D
:1044A0000028E1D1FDF7AEF9D9F80030D9F80420A1
:1044B0009B1942F1000283428A41D5D20848BDE8E7
:1044C000F8430BF0E1BF00200021074BC3E90001D6
:1044D000BDE8F84302480BF0D7BF00BF40420F00D1
:1044E000F8C0002020A107008042002030B5002144
:1044F00085B02E480BF0E0FFF0B92D4B1A68CAB119
:10450000EFF3108172B6D2E8CF5F0124002DFAD10B
:10451000C2E8454F002DF6D1BFF35F8F254C1D68D3
:1045200022785960D3B201222270C5E88F0F81F33F
:104530001088CBB105B030BD00214FF0FF3000F046
:1045400027FC002001F012FA044618480BF09CFFEB
:10455000002CEFD0184B1B68002BEBD0174A1068CB
:1045600005B0BDE830401847FCF7D6FE0446FDF71D
:1045700049F94FF0FF3C6FF0004510F57A7241F1B8
:104580000003944575EB030138BF2B464FF0000143
:104590004FF0010520460A4C38BF6246CDE90115AF
:1045A0000094FCF7BDFE05B030BD00BFF8C0002090
:1045B00018B900208DC10020544900205C4900201A
:1045C000A14200104FF0504330B585B01C68FCF795
:1045D000A3FEFCF7B7FFA04202D0002005B030BD1B
:1045E00000212A4B08461B7801F040FD284803684B
:1045F000002B47D00120FCF713FC0346254C26492D
:10460000C0B22370FCF790F920780121FCF74AF939
:104610000E20FCF779F940BB204B0125C3E90000CF
:10462000FCF77AFE0446FDF7EDF84FF0FF3E6FF021
:10463000004C10F57A7241F1000396457CEB0301C2
:104640004FF000012046164C3CBF72466346CDE950
:1046500001150094FCF764FE0028BEDB012111481F
:10466000FFF7BCFB012005B030BD0120FCF7D6F8F8
:1046700001460A48FCF730FC00220E200A49FCF7EC
:1046800083F9EBE7FCF70CFCB4E700BFC40C0110A6
:10469000F8C0002088C10020ED44001018B90020A7
:1046A000A14200107416002011430010004870470A
:1046B000C40A011000487047700A011038B5184B41
:1046C00004461A780AB344B940F209424FF44173E0
:1046D000144D6A8013482B8038BD052C1DD8124B11
:1046E000104D53F8241028460023013903E0132B02
:1046F00020F8022F0ED011F8012F0133DBB2002A6F
:10470000F5D15B0043F44073E4E71121184600F053
:104710002DF8D8E74FF44A73DCE7002038BD00BF1E
:104720005CC1002094490020580A011000B545F2F0
:1047300047308BB0FDF7E8FB01220346092101A8B1
:104740009847DDE90332044912BA1BBAC1E90023D4
:104750000BB05DF804FB00BFC0BF00200346024A57
:1047600003CA186059607047C0BF0020012901F1D9
:10477000FF3300F0B3805D490A784FEA121C9F2A8C
:104780008CBF0CF1370C0CF1300C012B80F800C001
:1047900000F0A78002F00F02092A8CBF37323032B6
:1047A000022B427000F09D804A784FEA121C9F2A2B
:1047B0008CBF0CF1370C0CF1300C032B80F802C0CD
:1047C00000F08F8002F00F02092A8CBF373230329E
:1047D000042BC27000F085808A784FEA121C9F2A51
:1047E0008CBF0CF1370C0CF1300C052B80F804C099
:1047F00077D002F00F02092A8CBF37323032062BF5
:1048000042716ED0CA784FEA121C9F2A8CBF0CF1FD
:10481000370C0CF1300C072B80F806C061D002F089
:104820000F02092A8CBF37323032082BC27158D0A0
:104830000A794FEA121C9F2A8CBF0CF1370C0CF13D
:10484000300C092B80F808C04BD002F00F02092A67
:104850008CBF373230320A2B427242D04A794FEA4B
:10486000121C9F2A8CBF0CF1370C0CF1300C0B2B57
:1048700080F80AC035D002F00F02092A8CBF373207
:1048800030320C2BC2722CD08A794FEA121C9F2A2C
:104890008CBF0CF1370C0CF1300C0D2B80F80CC0D8
:1048A0001FD002F00F02092A8CBF373230320E2B94
:1048B000427316D0CA7911099F2A8CBF3731303123
:1048C0000F2B81730DD002F00F02092A94BF3032F2
:1048D0003732102BC27318BF103002D00023037080
:1048E0007047184400230370704700BFC0BF00200A
:1048F00070B500F02DF90C234026194CFF22A36758
:104900000E201849FCF740F83246002116480BF0FB
:10491000B3FC0125002380211348144A41844570CB
:104920000683068782604360136042F8043C80F887
:10493000213080F83B3043620D4B4FF00056C3608E
:10494000C362803B83620BF097FD4FF480320949CC
:10495000094B25642846E664C4F89010DA6470BDFB
:10496000000011501D040020F44900208400105064
:104970000001105010D001000020115001210E2024
:10498000FBF790BF00220248114600F001B900BFBA
:10499000144A0020044B197021B14FF40032034B2C
:1049A000C3F89020704700BF81C100200020115043
:1049B0000B785B0602D14B78052B00D070474B88F3
:1049C000014ADBB21360704700001150CB782DE92B
:1049D000F04103F0030EBEF1010FC3F301005BD001
:1049E000002791F802C0344C0CF07F0256008988F1
:1049F00006EBDC1304EB43134FEADC15D876C1F366
:104A00000A0185F0010083F802C019835870DF7035
:104A1000D3008DBB2948043304EB821C03EB000850
:104A2000CCF808801F5082B3254BD2001344CCF839
:104A30000430244B3F311A6821F03F01BEF1020FD0
:104A400008BF4900114419601F4B771904EB471741
:104A50009942FA602BD82E4404EB4613D97E82F09B
:104A6000A04282F480125B6842EA816242F0004216
:104A70001A600120BDE8F081104804EB821C034459
:104A8000CCF8283040F832704AB900220F4904EBC4
:104A90004513D9605A60ECE70020BDE8F081D200F0
:104AA00002F1A04202F58012CCF82420C1E7FDF704
:104AB00077FAFA68CFE700BFF44900208000105071
:104AC00004001050F8B80020FF0F105000011050E3
:104AD0000BF0D2BC8C4608B5114607481A460CF0BC
:104AE0007F034FEADC1C0CEB430C00EB4C1000F096
:104AF0004FF8012008BD00BFF449002011F07F02EB
:104B000005D100290CBF02200120064B9866C90977
:104B1000054B01EB420003EB40104FF40062002113
:104B20000BF0BEBC00201150F449002011F07F03AF
:104B300000D17047002205485B0003EBD11300EB66
:104B400043106FF40061C2700BF0AABCF44900205E
:104B50004FF0805209480A4908B50A4B02600A60C2
:104B60009968C94311F08051FAD14FF48052064838
:104B70000BF082FB0922054B5A6708BD002002405A
:104B800000300240000002400000105000001150B0
:104B900000234FF0010C10B580F81AC08282C38246
:104BA000016104460BF084FC20B14FF40032074B46
:104BB000C3F8902020460BF06BFC10B10123237743
:104BC00010BD2046BDE810400BF04EBC0020115037
:104BD0002DE9F04100241D4E054623463278DFF8CA
:104BE00078801B4F0DE03B6813EB441324D0DB6847
:104BF0002846984732780134E4B2511CA14223463A
:104C000006DBA242A3EB0203EDD808EB4313EEE769
:104C1000542200210F480BF02FFB4FF0FF330D48BB
:104C20002022041D4360C4E90133E360FF21BDE895
:104C3000F04114300BF020BB4FF0E023D3F8F03DEF
:104C4000DB0700D500BEBDE8F08100BF80C10020B9
:104C50009042002060440020D80A0110704700BF35
:104C6000704700BF0020704700207047704700BFAA
:104C7000704700BF704700BF704700BF024B5878B5
:104C8000003818BF0120704760440020024B18789C
:104C9000C0F38000704700BF604400202DE9F0475A
:104CA000DFF8E4A09AF80030FF2B56D10E46002919
:104CB0003ED000215422074629480BF0DDFA00229D
:104CC000284C294B20461A70FCF7EAF8274B284855
:104CD0001C60284CFCF7F2F8204601F0ABFD264A98
:104CE000264B146023B12648FFF7BCFA254B186009
:104CF0000024234D23462A78DFF89090DFF8848043
:104D00000EE0D8F8003013EB441311D05B687BB190
:104D100098472A780134E4B2511CA142234611DBA2
:104D2000A242EED89B1A09EB43135B68002BEFD12C
:104D30004FF0E023D3F8F03DDB0700D500BE0020A4
:104D4000BDE8F087314638468AF80070FFF7D0FD9D
:104D50000028EDD03846FFF711FE0120BDE8F087AE
:104D6000604400205844002082C10020B444002048
:104D7000A01600208C160020B844002065420010C8
:104D800080C1002090420020A8160020D80A0110FF
:104D90002DE9F04FDFF8C8928BB099F80030FF2B67
:104DA00000F0F180A84CA94DDFF8B0A2DFF8B4B252
:104DB00026687369EFF3108272B6D3E8CF0F012132
:104DC0000028FAD1C3E8401F0028F6D1BFF35F8F57
:104DD000B261304607A901F077FB00237269C2E88F
:104DE0008F3FB36983F31088002800F0CC809DF8D2
:104DF0001D30013B072B00F27D83DFE803F0A7B1F4
:104E0000959D8E350A04089B002BD1D009989847B0
:104E1000CEE79DF8201001F07F0605EB460000EB81
:104E2000D11090F8343023F0010380F8343090F83A
:104E3000343023F0040380F83430002E00F0A680D4
:104E4000037D9AF80020934280F09380804A126894
:104E500012EB431300F090809E699DF82120099B7E
:104E60009DF81C00B047A3E79BF80030002B00F032
:104E700083809BF80030013BDBB28BF800309BF85D
:104E8000003003F0FF00002B92D1704F9DF81C8082
:104E90003B7843F001033B7097F8343060F3000334
:104EA00087F8343097F8343060F3820387F8343071
:104EB00097F8353060F3000387F8353097F83530D0
:104EC00060F3820387F8353000F06CFC9DF82030E9
:104ED00003F06002602A6CD0402A7CD003F01F03EC
:104EE000012B00F0C180022B00F08180002B60D1EB
:104EF000202A00F0E981002A5BD19DF82130092B9E
:104F000057D8DFE813F0B001A2015600C1015600E6
:104F100095016B0156006001F4002B78D9077FF5ED
:104F200047AFFFF7A9FE43E7EB78DA077FF540AF1D
:104F30000898FFF795FE3BE72B78D8077FF538AF49
:104F40002878C0F3C000FFF795FE31E79DF81C00FC
:104F5000FFF73EFE00F01CFC9DF82030AB7027E709
:104F60009DF81C00FFF734FE00F012FCFFF780FEF6
:104F70001EE7501C984211DA4FF0E023D3F8F03DC1
:104F8000DC0700D500BE0BB0BDE8F08F099B9DF893
:104F900021209DF81C0000F019FC09E79B1A2D4AFE
:104FA00002EB431358E7FFF785FB0246002840F069
:104FB00082814FF0E023D3F8F03DDE0700D500BE3C
:104FC0009DF81C000021FFF799FD80219DF81C0031
:104FD000FFF794FDECE6204800F0E4FB0121404699
:104FE00008AAFFF72BF900287FF4E2AEE8E79DF866
:104FF000241011F0700FDCD101F07F0607EB4600A2
:10500000164B00EBD1101B78007D7600019698427C
:105010004FEAD116009659D35E1C8642C0F26681D3
:10502000C01A0C4B03EB4016002A00F06381706934
:1050300000F0B8FB01214046736908AA9847002890
:105040007FF4B6AEBCE700BFB84400206044002047
:1050500090420020D80A01103D42001080C100207B
:10506000A816002082C100209DF824300F2BA7D85D
:10507000AE4A3B441B791278934232D3511C994279
:105080009EDBAB4E9B1A06EB4316706900F08AFB61
:1050900001214046736908AA984700287FF488AE2A
:1050A0009DF8203013F060068AD19DF821300A3B2C
:1050B000012B85D800F076FB9DF821300A2B00F0FB
:1050C000F281404608A900F0F1FA71E6994B1B689D
:1050D00003EB4016002A00F00D81002E3FF470AF64
:1050E000A5E7944A166816EB4316CED168E77B789D
:1050F0009DF822609E4200F04F817B78002B40F0AB
:10510000BE817E70002E00F04581701EC0B2FFF798
:10511000D1FA0346002800F05F814278022A40F06D
:105120005B81C17903F10906C1F340121201C1F399
:10513000801142EA41123146387820F030000243B3
:105140003A705A88CDF80C809A180192019B8B42D4
:1051500040F2A4814A780B2A00F0AF810123042A8F
:1051600040F03A810026019A0096521A92B20292B9
:105170006E4A049312781DE06E4B1B6813EB4618C1
:1051800000F02A81029AD8F81030039805919847C8
:1051900008280246059906F1010303D902989042B6
:1051A00080F0FF80DEB2614B00961A78531C9E425D
:1051B00000F31281009BB242A3EB0202DCD85C4BED
:1051C00003EB4218DEE77B7840468DF81A300DF18C
:1051D0001A02012308A900F083FAE9E5BDF82200CC
:1051E000030A013B020AC0B20E2B3FF6E9AE01A151
:1051F00051F823F009540010A55200104554001036
:10520000C14F0010C14F001027540010A5520010CC
:10521000C14F0010C14F0010C14F0010C14F00100E
:10522000C14F0010C14F0010C14F0010FB530010C0
:1052300008A800F0BDFA40469DF82210FFF7A2FB37
:105240003B7843F002033B70B2E5BDF82230012BFE
:105250007FF4B6AE3B78404623F0080308A93B70C4
:1052600000F024FAA4E540463B789A0802F00202D6
:10527000C3F340131343ADF81A300DF11A020223A1
:1052800008A900F02DFA93E5BDF82230012B7FF438
:1052900097AE3B78404643F0080308A93B7000F006
:1052A00005FA85E5022A3FF47EAEFFF7DDFC0246F3
:1052B00000283FF485AE4046538808A900F010FA54
:1052C00000287FF475AD7BE69DF824300F2B3FF668
:1052D00077AE164A3B441B79127893421DD2154A89
:1052E000166816EB43167FF4A2AE69E6002A7FF437
:1052F00067AE00269DF8212002F0FD03012B1BD094
:10530000002A7FF456AE019B009A3B44134493F865
:1053100034304046C3F34003ADE7511C9942FFF6D9
:105320004FAE034E9B1A06EB431680E680C1002069
:10533000D80A011090420020BDF82230B3B9012AEA
:1053400099F8000000F08680FFF7D8FB019B009AD7
:105350003B44134493F8342042F0020283F8342093
:1053600093F8342042F0010283F83420002E3FF4F9
:105370001FAD706900F016FA7369012108AA404652
:105380009847002000F00EFA97F83530DF073FF518
:105390000FAD96E6FFF76CFC404608A900F086F9D1
:1053A00006E5049B012B00F09E80002B00F08A8014
:1053B000002091F8028005E08CF804605FFA80FC20
:1053C00063457FD908EB000C57FA8CFC9CF804E08D
:1053D0000130BEF1FF0FEFD04FF0E023D3F8F03DE6
:1053E000DA0700D500BE4FF0E023D3F8F03DDB072D
:1053F00000D500BE00237B70E2E5FEF71BFF0246EE
:1054000000287FF458AFDBE5FFF750F9024600288B
:105410003FF4CFAD4046122308A900F061F90028FF
:105420007FF4C6ACCCE5FFF71DFC024600283FF434
:10543000C7AD4046137808A900F052F900287FF460
:10544000B7ACBDE5BDF82410FFF738F902460028D7
:10545000EFD1B5E50293FFF769FB019A009B3A444F
:105460001A4492F83410029B63F3410182F834101D
:1054700092F8341063F3000182F8341076E70021CB
:105480004046FFF787FA4046FFF722FBBB784046CD
:105490000093FFF79DFB009BBB7032E6DDF80C80AC
:1054A000FFF7E4FB78E74046012308A90DF11A0253
:1054B0008DF81A6000F014F97AE40A78CB78114478
:1054C0004A784CE6334610480492029100F076FE8A
:1054D0000E4B049A02991B781144009A01339342AF
:1054E000BFF634AE78E7D8F810C00948844508BF45
:1054F00002235DE74FF0E023D3F8F03DDB077FF5B3
:1055000057AC00BE54E400BF7444002080C10020AA
:10551000DD5B00102DE9F84F0A9F002A40D00C46B1
:105520001E4615464FF0000ADFF87C90DFF87C80BD
:1055300018E0204698F8021099F800B000F00EFE2E
:10554000E0B121465846FFF741FAF0B1A2780AF1DE
:10555000010AD10916BF0B9B3A701A702278AA452E
:1055600014441DD06278052A0FD1E17801F00301BF
:10557000B1420AD1A27812F0700FDAD04FF0E023D6
:10558000D3F8F03DDA0700D500BE4FF0E023D3F8A2
:10559000F03DDB0702D40020BDE8F88F00BEFAE73B
:1055A0000120BDE8F88F00BFA8160020604400204D
:1055B00038B58B7813F0700F08D04FF0E023D3F894
:1055C000F03DDB0700D500BE002038BD074A084B80
:1055D0000C46084691781D7800F0C0FD0028ECD0FC
:1055E00021462846BDE83840FFF7F0B96044002066
:1055F000A81600200B46064A06481168DA0934321C
:1056000003F07F0302EB4303184400F061BD00BFC9
:10561000B4440020604400200B46064A0648116846
:10562000DA09343203F07F0302EB4303184400F03D
:1056300079BD00BFB44400206044002010B5194873
:1056400001F07F0C00EB4C0000EBD11090F834C05F
:105650001CF0010F08D04FF0E023D3F8F03DDA073B
:1056600000D500BE002010BD00F1300494F804C045
:105670000D484CF0010C007884F804C0FFF72AFABA
:105680000028F0D14FF0E021227960F3000222716E
:10569000227960F382022271D1F8F03DDB07E1D577
:1056A00000BEDFE760440020A816002030B50B4C98
:1056B0008C46A6460546086849680023AEE8030004
:1056C0009CF800102846C943C4E90233BDE83040C5
:1056D0001A4601F08001FFF7B1BF00BF204400204F
:1056E0002DE9F041284F4FF00008BE468C46064693
:1056F00008684968BA60AEE80300A7F80E8015464E
:10570000BCF80620934228BF1346BB819AB11C46C1
:1057100033B3DDB197F90030402C28BF4024002B73
:1057200029DB414623463046184AFFF787FF68B118
:105730000120BDE8F0819CF800101346C9433046B3
:1057400001F08001FFF77AFF0028F1D14FF0E0234C
:10575000D3F8F03DDB0700D500BE0020BDE8F081A6
:105760001A46397801F0800123463046FFF766FF7C
:105770000028DDD1EAE72246294604480AF0CAFD9E
:105780008021024AF0E700BF20440020E0430020CF
:105790000022034BC3E90022C3E902221A617047C9
:1057A00020440020014B1861704700BF20440020B6
:1057B00030B40246044C0025234600685168C4E911
:1057C000025530BC03C370472044002070B53D4CE7
:1057D000C90922780646B1EBD21F1D4682B017D008
:1057E00053B14FF0E023D3F8F03DDB0702D40020A3
:1057F00002B070BD00BEFAE72146FFF7D9F8236971
:105800001BB12246032130469847012002B070BDEB
:1058100094F90030002B06DBA0680028E7D02A4668
:1058200029490AF077FDE089A168E388284480B21D
:1058300029448342E081A16016D03F2D14D9A2896A
:1058400094F90040131A9BB2402B28BF4023002C30
:1058500027DB90424FF0000131D01B4A3046FFF762
:10586000EDFE0028D1D1BCE7236923B102213046E7
:10587000144A984760B121780023C94330461A463C
:1058800001F08001FFF7DAFE0028AAD00120BDE771
:1058900001463046FFF732F980213046FFF72EF9F6
:1058A000B3E7904208D01A46074801930AF032FD48
:1058B0008021054A019BD1E780210022CEE70A46DC
:1058C000CCE700BF20440020E04300202DE9F04158
:1058D0000446FFF7D3F908B9BDE8F081FFF7D6F920
:1058E00005460028F8D1C82304FB03F3124EF7182D
:1058F000F9780029F0D010331E44304600F0D2FD74
:105900003F28E9D92846F978FFF774FE0028E3D04C
:10591000304600F0C7FD3F28F97808D9074A2846E5
:1059200002EBC4124023BDE8F041FFF787BE2846D2
:10593000BDE8F041FFF770BE1843002094420020FC
:1059400010B50446FFF79AF908B9002010BDFFF71B
:105950009DF90028F9D1C822034B02FB04331879C2
:1059600000F0010010BD00BF18430020C82208B598
:10597000024B02FB003000F07BFD08BD28430020F5
:105980002DE9F8434FF6FF73C8249A4228BF1A4600
:1059900000FB04F4DFF8748004F11005454406466A
:1059A00092B2284600F0DAFD0746FFF767F910B912
:1059B0003846BDE8F883FFF769F981460028F7D13A
:1059C000A04498F80330002BF2D0284600F06AFD7E
:1059D0003F28EDD9484698F80310FFF70BFE002842
:1059E000E6D0284600F05EFD3F2898F8031007D95E
:1059F000054A4846402302EBC612FFF71FFED7E7D1
:105A00004846FFF709FED3E79442002018430020E0
:105A10002DE9F0410446FFF731F910B90020BDE847
:105A2000F081FFF733F905460028F7D1C82604FBBB
:105A300006F6DFF8648006F124074744384600F094
:105A400017FD0028EAD0B044284698F80210FFF766
:105A5000D1FD0028E2D00F4E384606EBC416314681
:105A6000402200F07BFD98F80210044668B103461E
:105A700032462846FFF7E2FD50B94FF0E023D3F855
:105A8000F03DDB07CAD500BEC8E7FFF7C5FDC5E797
:105A90002046C4E7D44200201843002038B54FF612
:105AA000FF75C823AA4228BF2A460B4C92B203FBBB
:105AB00000440546204600F00FFE034620461C46E3
:105AC00000F0D6FC3F2801D8204638BD2846FFF715
:105AD0009FFF204638BD00BF3C430020C82208B5C8
:105AE000024B02FB003000F0DDFC08BD3C4300200F
:105AF000F0B5002483B0C822002117480AF0BCFB8F
:105B0000FF234FF4E1310822144804701248009436
:105B1000074643718160827300F1380101234022FE
:105B2000103000F075FC0123402207F1780100934A
:105B300007F1B80607F1240000F06AFC07F1C00580
:105B40003046FBF7ADF92846FBF7AAF9C7E9074647
:105B5000C7E90C5403B0F0BD1843002014430020E3
:105B60000A4A116B136A61B13BB10023C2E90C33DD
:105B7000D36100231362012070470120C2E90C3376
:105B80007047002BF7D0D161F3E700BF1843002026
:105B9000002210B50E4C0F48237802600271DA071C
:105BA00007D59B070BD5BDE8104001210A4800F03E
:105BB0005DBE103000F03EFE23789B07F3D406480C
:105BC00000F038FEBDE810400121034800F04EBE51
:105BD00014430020184300203C430020F0B54B79CB
:105BE00083B0022B02D18B79022B03D000252846EB
:105BF00003B0F0BD274FBB783BB14FF0E023D3F8A3
:105C0000F03DDB07F2D500BEF0E78B7806463B702F
:105C10000B78CC186178242908BF092507D036E015
:105C200023781C4461782B4424299DB207D1AA42D1
:105C3000F6D20020FFF74AFE284603B0F0BD0B461F
:105C4000052916D0042BF4D163790A2BF1D1124B1C
:105C50002778019301330093022330461A46E11955
:105C6000FFF758FC0028C8D00E3517FA85F5ADB2FD
:105C7000DFE721463046FFF79BFC0028BDD0A37824
:105C80007B7023785A191C44637895B2DAE70B4687
:105C90000925D5E7184300201A430020137803F0A4
:105CA0006003202B08D170B5264C938894F800C06F
:105CB0009C4503D0002070BD002070475378203BE6
:105CC000032BF7D8DFE803F027230D0201292ED09C
:105CD00003291ED11C4BE3B100205188AFF3008093
:105CE00017E0012923D0032913D15588174805F05F
:105CF000010686F00101257100F0B8FD144B43B197
:105D000031460020C5F34002AFF3008001E00129D5
:105D100011D0012070BD01290DD00329F9D10D4BFF
:105D2000002BF6D000200C49FEF7A4FAF1E711464B
:105D3000FFF7BCFCEDE711460723074AFFF7D0FC4D
:105D4000E7E700BF18430020000000003C430020AC
:105D50000000000075420010204300202DE9F843A8
:105D6000354E0C46F27807468A421D463DD0B37840
:105D70008B4212D04FF0E023D3F8F03DDB0732D452
:105D80000020BDE8F8832D4B23B12D4800F080FBA7
:105D900000284DD00020FFF799FDB378A34201D031
:105DA0000120EEE7274B13B10020AFF30080002065
:105DB000FFF72EFE0028F3D1234800F059FB0028FE
:105DC000EED1002DECD015F03F05E9D13846B17881
:105DD000FFF710FC0028E3D02B462A463846B1785E
:105DE000FFF72CFCDCE700BECAE79AB2174906F1C0
:105DF000100000F071FC164B002BC4D07379FF2B00
:105E0000C1D0002DBFD0DFF8448008EB050902E0C7
:105E1000C845B8D0737918F8012B9A42F8D10848D0
:105E200000F036FB0028F3D17179AFF30080EFE783
:105E3000AFF30080AEE700BF184300200000000071
:105E400028430020000000003C4300209442002032
:105E500000000000F0B54FF4137285B00021124825
:105E60000AF00AFA402600234FF480750E4F0F4CBB
:105E700007F5A6721946CDE90246009201951A4629
:105E800007F5947000F0C6F90023384607F12801A1
:105E90003444009101221946CDE9024601950430AF
:105EA00000F0B8F905B0F0BD084600208845002094
:105EB00008B5054800F0DAF9034BA3F5927000F03D
:105EC000D5F9012008BD00BF3047002038B50025B6
:105ED000064C04F59870257000F0ACFC04F10C0041
:105EE00000F0A8FC84F82951657138BD08460020EF
:105EF0002DE9F8434B79FF2B51D1354E96F82931D6
:105F0000002B4CD196F80580B8F1000F47D18B7863
:105F10000C7833700B790F460C44ABB38146A5184F
:105F200003E0A54230D923781C446378052BF8D1CF
:105F3000AC4229D221464846FFF73AFB40B3A3784A
:105F4000DB092FD1234800F075FCA37896F82821AF
:105F500086F82931A3884846C3F30A03A3F50073E2
:105F6000B3FA83F35B0963F341021B4986F82821E6
:105F700000F0EAF960B123783A7908F101081C448D
:105F80005FFA88F39A42D0D8E11B88B2BDE8F88363
:105F90004FF0E023D3F8F03DDB0700D500BE002032
:105FA000BDE8F8830D4800F045FCA37832797371A1
:105FB000A3880B49C3F30A03A3F50073B3FA83F371
:105FC0005B0963F341020020327100F085F9D2E7EA
:105FD00008460020384700203047002014460020A3
:105FE0000C46002070B51B4C064694F829C11D468E
:105FF0008C4511D063798B4201D0002070BD164BC7
:106000001BB10020A9B2AFF300803046134900F065
:1060100063F9C8B1012070BDB4F8343163B9104BD5
:1060200023B100200F49AAB2AFF3008030460E49D9
:1060300000F08AF90120EEE7D4F82C11AAB204F599
:10604000987000F049FBEAE72A463046034900F021
:106050000FF9DFE708460020000000000C46002092
:1060600000000000884500203047002010B582B0B5
:10607000C9B101280CD80B7853B1144C012B23540F
:1060800002D0012002B010BDFEF708FE0028F8D1B2
:106090004FF0E023D3F8F03DDB0702D4002002B03C
:1060A00010BD00BEFAE70124084601A9ADF804407E
:1060B000FEF7F4FD38B94FF0E023D3F8F03DDA07EE
:1060C000EDD500BEEBE7014B1C70E8E7544400201F
:1060D000F8B5037813F001041AD1037805465A077E
:1060E000C3F3800701D52046F8BD0E464FF0FF31BF
:1060F00030460AF0B5F92B7813F001040BD12B7858
:106100005B0709D42B78012443F004032B7003E0D0
:1061100000242046F8BD3C4630460AF0B5F920463A
:10612000F8BD00BF70B50C4605464FF0FF31204664
:106130000AF096F92B78C3F380065B0708D52B7815
:1061400013F0010311BF00262A7863F382022A703C
:1061500020460AF099F9304670BD00BFC3788288A6
:1061600003F003000228C2F30A0215D003280AD064
:1061700001281CD1022940F2FF3308BF4FF480638D
:1061800093420DD37047022914BF40234FF480631C
:10619000934205D30120704702290AD0402AF9D939
:1061A0004FF0E023D3F8F03DDB0700D500BE002020
:1061B0007047B2F5007FEDD0F2E700BF0A4491428C
:1061C00026D291F801C0BCF1050F05D091F800C0AE
:1061D00061448A42F5D8704700B591F802C00CF0CE
:1061E0007F0E00EB4E0E4FEADC1C0EF80C3091F8DF
:1061F00000C061448A4209D991F801C0BCF1050F81
:10620000EBD091F800C061448A42F5D85DF804FBF8
:10621000704700BF2DE9F0418E4682B0009390F8A0
:1062200000C0089EBDF824706EF3000C04461546AD
:10623000012331463A4600F808CBBDF82C8000F027
:10624000E7F806B13FB901200A9BA4F80280636019
:1062500002B0BDE8F08104F11C063046FAF720FEDA
:106260000DB135460026C4E90556ECE7012070471C
:10627000F8B50746084640F2FF13154610F8082BFC
:106280000C4612F0020F0CBF3F261E4600F0F0F83D
:1062900028B925B12E4202D12378DA0701D5002092
:1062A000F8BD38466178FFF7A5F90028F7D02378C4
:1062B00013F0010307D04FF0E023D3F8F03DDB07E4
:1062C000EDD500BEEBE71A4638466178FFF7B6F920
:1062D0000028F0D0F8BD00BF70B501F108050646F2
:1062E00028460C4600F0C4F810B12378DA0701D52F
:1062F000002070BD30466178FFF77CF90028F7D0A8
:1063000028466288616800F029F92378054603F081
:10631000010340B173B14FF0E023D3F8F03DDB0748
:10632000E6D500BEE4E7002BE2D130466178FFF706
:1063300073F9DDE70346626830466178FFF77EF95E
:106340000028E8D0284670BD8A892DE9F0410B78F5
:106350000C46064622B9DD0734D50020BDE8F081A1
:1063600004F108079907384647BF4FF47E484FF4B9
:1063700000754FF6C078402500F094F88542ECD8BF
:106380002378DA07E9D430466178FFF733F900283B
:10639000E3D0384600F086F82378854203F0010305
:1063A0002DD8BBB9658808EA0008454528BF454691
:1063B00061785DB362682B463046FFF73FF948B11C
:1063C0002846CBE74978FFF715F90028C5D0237890
:1063D000D80707D54FF0E023D3F8F03DDB07BCD555
:1063E00000BEBAE7638861783BB162683046FFF768
:1063F00025F90028EED06088B0E71A46F6E7002BB2
:10640000ABD130466178FFF707F9A6E72A46D2E715
:106410002DE9F041B2F5004F9DF8188024D80446CC
:10642000C06817460E461D4618B14FF0FF310AF0FE
:1064300017F8206918B14FF0FF310AF011F8002267
:10644000C5F30E03E06843EAC83362812660A78083
:10645000E380228108B10AF017F8206908B10AF038
:1064600013F80120BDE8F0810020BDE8F08100BFF5
:10647000038942899BB292B28088934236BFC2EBB5
:1064800040029B1A9B189BB2984228BF184670473F
:106490000289438990B29BB2C01AB0FA80F04009D9
:1064A000704700BF038942899BB2808892B29342B1
:1064B00036BFC2EB40029B1A9B189BB2984286BF24
:1064C000C01A80B20020704738B5044600690D46F6
:1064D00018B14FF0FF3109F0C3FF2189638989B2F8
:1064E0009BB2A288994236BFC3EB4200C81A40183B
:1064F00080B250B3824209D291422CBF891A8918C6
:106500008BB29A42638103D89B1A9BB29A42FBD901
:10651000E2882168C2F30E0202FB0311284609F04B
:10652000F9FE6189012589B24B1C9BB29942A28870
:106530000ED9002302FA05F15B1A9BB22069638130
:1065400008B109F0A1FF284638BD054663899BB212
:10655000B3EB420F4FEA4201F0DBEDE72DE9F047E4
:10656000064600698846914618B14FF0FF3109F0A0
:1065700077FF338974899BB2A4B2B588A34236BF32
:10658000C4EB45071F1BFF18BFB2002F4AD0BD4206
:1065900040D3B94528BFB946A5421FFA89F703D8A9
:1065A000641BA4B2A542FBD9B6F806A02B1B316828
:1065B0009BB2CAF30E029F42924602FB041123D9FA
:1065C00013FB02F31FFA83F94A4640467D1B09F08C
:1065D000A1FE621912FB0AF2316808EB090092B2BF
:1065E00009F098FE7289B58892B2D3199BB29A428B
:1065F0001AD96A009B1A9BB23069738108B109F0FD
:1066000043FF3846BDE8F087404607FB02F209F039
:1066100081FEE7E7AB422CBF5B1B5B199CB22F46A8
:106620007481B6E773899BB2B3EB450F4FEA45021D
:10663000E2DBDFE7F8B50446C0680E4618B14FF05C
:10664000FF3109F00DFF2589238961899BB289B249
:10665000A2888B4236BFC1EB42015B1A5B189BB22A
:106660009A42ADB208D8E779FF0905D1E06808B1D0
:1066700009F00AFF3846F8BD954228BF2B4618D3CB
:106680009B1A9BB29342FBD2E2882068C2F30E02AF
:1066900002FB0300314609F03DFE6B1C9BB29D429C
:1066A000A28812D9002351005B1A9BB201272381D3
:1066B000DCE7E2882068C2F30E0205FB02003146E7
:1066C00009F028FE0135A288ABB2B3EB420F4FEAC6
:1066D0004201EBDBE8E700BF2DE9F04F174683B03E
:1066E000002A75D00646C068894618B14FF0FF31C0
:1066F00009F0B6FEF379B6F808807289DB09B5882F
:106700001FFA88F892B23CD1904536BFC2EB4502E1
:10671000A8EB0202424492B2AA425ED2AA1A92B2F4
:10672000BA4228BF3A46B6F806B097B27B1B08EBD0
:10673000070ACBF30E0B9BB21FFA8AFAA845444610
:1067400003D3641BA4B2AC42FBD22D1B3068ADB2A4
:10675000BD420BFB040057D349460BFB07F209F07F
:10676000D9FDB288D0454FEA420302D8BAEB420FB6
:1067700003DBAAEB03031FFA83FA3D46A6F808A041
:106780002CE0B6F806B0AF42CBF30E0B2FD29045FB
:1067900036BFC2EB4501A8EB0201414489B2680053
:1067A00039447B1B81429BB20DDB02EB050A1FFAC9
:1067B0008AFAAAEB07081FFA88F8424537D9A8EBEE
:1067C00000001FFA80F807EB080A1FFA8AFAB5E7FB
:1067D0001546284603B0BDE8F08F0025F068002874
:1067E000F7D009F051FE284603B0BDE8F08F002D28
:1067F000F4D07F1B02EB050A0BFB079990462F464E
:1068000000231FFA8AFA99E715FB0BF5ADB22A4669
:106810004946019309F07EFD019B3068E21812FBA6
:106820000BF209EB050192B209F074FD99E74045BE
:1068300084DCC4E710B50446C06818B14FF0FF31DE
:1068400009F00EFE206918B14FF0FF3109F008FE83
:106850000023E0686381238108B109F015FE2069F7
:1068600008B109F011FE012010BD00BF38B5044683
:10687000C0680D4618B14FF0FF3109F0F1FD2069F5
:1068800018B14FF0FF3109F0EBFDE379E06865F3F3
:10689000C713E37108B109F0F7FD206908B109F0E9
:1068A000F3FD012038BD00BF03BD00BF10B5044695
:1068B000FBF78CFB2346BDE810401847F0B50546B2
:1068C00087B0192017460E46FAF702F80021044651
:1068D0001920F9F7E7FF0021CDE9046503970026A9
:1068E000002701224FF050438C46CDE90067029209
:1068F000A9B11A6D9507FCD5596540BF1A6DD0072F
:1069000003D420BF1A6DD207FBD59A6D8A420BD0F3
:106910004FF0000C0DEB8C021168E9E79A6D1A6DCF
:10692000D607FBD440BFE4E70CF1010CBCF1060F25
:10693000F0D12146192007B0BDE8F040F9F7B2BF09
:106940000C4B0D4A93420ED39C4603F2F4710B4A52
:106950009268CCF8F4070A48CCF8F837CCF8FC0772
:106960000848FFF7ABBF4FF0FF3340F2F3719C468E
:10697000EDE700BF000808200000082000ED00E05F
:10698000AD680010A968001070B443490B78082B5B
:1069900013D8DFE803F01F283A4658657305140042
:1069A000082010223D4D3E4C3E4B2D6808701D6066
:1069B00025783D4B3D4C1A60257070BC7047002215
:1069C00001233A4D374C38482B700A70226003601F
:1069D00070BC70470123354A324833491370036055
:1069E0000B6070BC704702244FF0FF35012220205D
:1069F0002C4B0C702D4C1D602B4B22701860042109
:106A000070BC1A202A4BF9F7E5BD022501230324A7
:106A1000254A24481560254A0C701370036070BC29
:106A2000704702261E4B04241B780122002B0CBF4A
:106A3000304601201B4B1C4D0C702E6018601B4B08
:106A40001A7070BC7047052301201A4C154A24683F
:106A50000B701460154A144C1070236070BC7047A2
:106A6000012506200522144C0E4B246808701C607A
:106A70000E4C0D4B25701A6070BC70470025072422
:106A80000220084B064A1D60074B12780C701860F4
:106A9000064B1A7070BC70478BC10020204F00203D
:106AA0008AC10020084F0020044F002089C1002027
:106AB000BD6A0010104F0020184F002038B52B4A37
:106AC0002B4C2C4B2168107801391A781B23F0B914
:106AD00040EC4430082A1FD00123274D8B402D68FD
:106AE0004FF01B0C2B40003B18BF012343EC40C070
:106AF000216059B9082A2AD022B904211A201F4B33
:106B0000F9F768FDBDE83840FFF73EBF38BD4FF0EC
:106B1000010545EC4430DFE74FF05043184A5B680D
:106B20001088C3F3C06343EA40039BB22160138023
:106B30000029EBD1134A14491068144A0860136005
:106B40000022134B1A60BDE83840FFF71DBF48B163
:106B50000D4A0C4B11681A68914204BF4FF0FF3286
:106B60001A60EDE7064B1B88E4E700BF89C10020EF
:106B7000044F00208BC10020084F0020BD6A001088
:106B800074C10020184F00200C4F0020144F00202B
:106B90001C4F00202DE9F04FA74FA84A3B680D89F4
:106BA0009B0103F1A0431B68D2F800900635422DEB
:106BB000C3F30B03C9F30B02B8BF42259A420C463C
:106BC00085B000F0DF80A3EB0903C3F30B03C3F52B
:106BD00080539D421BD9C9F580580A200021FAF73D
:106BE000B3FC3B68C9F30B019B0103F1A0431B6895
:106BF000C3F30B03A3EB0902C2F30B029942C2F5E4
:106C0000805208EB030000F0B9809542E5D84FF0C0
:106C1000A0418A4BDFF83C92D3F80080D9F80030CD
:106C20009B0103F1A0431A6912F08062FBD14FF07F
:106C3000FF3308F1020BC1F85834814DD9F8003008
:106C4000DFF814A2CBF30B00CDF804809B0103F115
:106C5000A04319694901FCD4D9F8003061896668FC
:106C60004FEA831E0EF1A04C05EB00082468CCF817
:106C700000600844CCF804800A44CCF80810DAF824
:106C80000010C0F30B00CCF80C10002CDED13B2A16
:106C9000DDF8048040F28C80111D8B00013B02F175
:106CA0000609DAB21646C3F307234FF0A0440EF1EB
:106CB000A04EDEF810205201FBD4D4F8582400F185
:106CC000010CD243CCF30B0C0CF10104C4F30B0404
:106CD0005FFA82FA05F800A004F1010EC2F3072062
:106CE00005F80C00CEF30B0EC2F3074002294FEA61
:106CF0001262285505F80E2011D958464144C0F3B8
:106D00000B0C15F80C2001305400520802F055020B
:106D100004F0AA042243814205F80C20EFD108F1C7
:106D20000102C2F30B0205F80860AB54434A454D1B
:106D30001368454E4B44C3F30B03136000232C68C8
:106D4000013404F03F0446F82430EFF3108872B6A3
:106D50003B689B0103F1A0431A69296846F821901A
:106D60001B69510103F0806310D5002B41D088F3DB
:106D7000108800202C6005B0BDE8F08F85423FF6FA
:106D80002CAF44E7C9F58052134422E788F31088FA
:106D9000002BEED100202D4B2A681B6806EB8206E3
:106DA0009B0103F1A043DE632C6005B0BDE8F08FCA
:106DB0000394C2F13C02DCF8103013F08063FAD186
:106DC000D9F80010224C4FEA811EFF21D4F800C0F0
:106DD00010440EF1A0440DF10C0AC4F800A00E46B8
:106DE000A2604FF042094021C0F30B00C4F80CC070
:106DF0005BE701200021FAF7A7FB3B689B0103F149
:106E0000A0431B6988F310885A01B2D401200021E5
:106E1000FAF79AFB3B689B0103F1A0431B695B01F6
:106E2000A7D40A4B2A681B6806EB82029B0103F178
:106E3000A043DA639DE700BF44C1002034C10020B5
:106E40000030002040C100200040002038C1002058
:106E50002CB9002020B9002028B900200000000033
:106E60002DE9F04F2DED048B064640F2DC527A23DB
:106E7000CB4DCC4C91B0CC49C6E9054506A832862D
:106E800086F839300E600596FDF768FCEB2200238A
:106E900042F2B871062086F834201A46BDF81D501B
:106EA00071869DF81F10C14CA6F8355086F8380041
:106EB00086F8371044F823200133402BFAD1BC491F
:106EC000BC4800F02BFD0346BB4ABC49B9481360DF
:106ED00000F024FD0346BA4A0120136000F068FE6A
:106EE000B84DDFF848A32860012000F061FECAF821
:106EF0000000012000F05CFEB34E4FF0A047306070
:106F0000012000F055FE0123D5F800C0AF4A03FA76
:106F10000CF34FEA8C1E1060C7F864340EEB0702C6
:106F2000D3685B01FCD401224FF0A048DAF80010CE
:106F30008D018A4005EB0803C7F86424DA6857011D
:106F4000FCD401224FF0A047D6F800904FEA8916F2
:106F500002FA09F2F319C8F86424DA685201FCD481
:106F600001238201834002F1A042C7F86434D36850
:106F700013F08063FBD1DFF8B88205F1A04508EA81
:106F80004C3C08EA493848EA403848F4416BDFF89D
:106F9000A4824CEA413C4CEA0808DFF89CC2012775
:106FA000CCF800800EF1A04C06F1A04ECCF81030C9
:106FB0002B61CEF810301361854B0CF10C09CCF825
:106FC0000030844B7646CCF804304FF48033CCF854
:106FD0000830CCF81080DCF810304BEA070B43EA9D
:106FE000070C7D4B1C3603EA413103EA40337B48F2
:106FF00041F4FC0118437A4B41F00901C3F800C089
:107000002B60784BC5F80490AF602961CEF8003052
:10701000754BCEF8043040F2EE53CEF80830734B87
:10702000CEF810B01960724B1460C3F800B0714B09
:107030005660186097601061384600F0B9FD4FF057
:10704000A0426D4B874085011860C2F86474AB188C
:10705000D96811F08061FBD14FF000774FF4806662
:1070600019610C465C49DFF8D4C101EA40314300A4
:1070700062484CF80570624D08432860D2F85424E9
:1070800003F01E0343F0210353405E4AC3F3080399
:10709000C2F854345C4B5D4AC3F854645C4B0A43F9
:1070A0000B435C4905200A605B4A9FED5C9A1360C4
:1070B000FAF7DCFC07EE900AF8EE677A0520C7EED7
:1070C000898AFAF7D3FC07EE900AF8EE677A012670
:1070D0003B4B0621172087EE898A1F68F9F75CFA77
:1070E00006211620F9F758FA06211820F9F754FA64
:1070F0001622214603232F48009600F0BFFC4FF4D0
:1071000080330C934FF4402307F112050E9313378D
:10711000EB0143EA073323F0C0430D93404B0621B4
:1071200015200F93F9F738FA21460F9C334624F4C3
:10713000F84415221F48009644F4A8440F9400F028
:107140009DFCDFED387A78EEA77ABCEEE77A0E9BED
:10715000C3F30D0343F0A04343F460230E9317EEF3
:10716000103A9BB2002B00F0EC8107EE103AB8EE1B
:10717000477ADFED2D6A77EEC77A67EEA67AFCEEE6
:10718000E77ACDED047A9DF81020120242EA03431B
:107190002A46084D0CAC002128464FF01F084FE04E
:1071A000956B001029E90010C8BF002000400020A6
:1071B000480B011000002050ECC00020180B0110FB
:1071C0004CC10020E0BF002044C1002038C1002095
:1071D0002700205000200020FDFF7FFC19087E00C2
:1071E000D8BF00200030002013002050D4BF002062
:1071F00048C100203CC1002020B90020510C7E0273
:1072000024B900200010005000200050511C7E02C4
:10721000411C7E0228B900202CB9002020BCBE4CA5
:10722000D602202C0000003B00008043D0BF00208D
:10723000F11F00FC411C0A00E4BF00201020005098
:107240000C93234600F060FC0121C14B2846C3F893
:10725000CC80A3F58053C3F8CC102B6800220B43DD
:107260002B60BC4B08AD1E684FF0005300F0D0FB04
:1072700000234FF480310F934FF4F833CDE90C1312
:107280004FF440234FF4782E0E93F701331D47EA55
:10729000033794E80F0085E80F0027F0F85C0997A2
:1072A00095E80F004CF0E85C84E80F0040460621AA
:1072B000CDF834C0CDF83CE0F9F76EF90621202076
:1072C000F9F76AF906211D20F9F766F9DFEDA27AD0
:1072D00078EE277ABCEEE77A0E9AA04B134043F083
:1072E000004343F405030E9317EE103A9BB2002BB4
:1072F00000F0258107EE103AB8EE477ADFED986A84
:1073000077EEC77A67EEA67AFCEEE77ACDED047ADF
:107310009DF81010090241EA03412346914C324680
:107320000C912046012100F0EFFB2368192043F067
:1073300002032360FAF774F90025192345EC443061
:107340004FF480740F208849F9F7EEFA874B4FF01D
:107350000108C3F870414FF0A04401210F20F9F754
:10736000A1FADAF80030042108FA03F3C4F8503423
:107370001A20F9F711F90520FAF778FB07EE100A41
:10738000DFED7B5AB8EE477A9FED7A6AC7EE257A31
:10739000F3EE006A77EE867A67EEA67AC724FCEEF3
:1073A000E77A754B75495D66DD661D675C67C3ED01
:1073B0001A7AC3F864801B6F1B2083F064039BB2AE
:1073C0000B67F9F75BF96420FAF72AF92C46DFF826
:1073D000DCB1DFF8DC916A4F6A4EDFF8D8A1DBF848
:1073E00000300494DBF80030012BFBD04FF0FF326B
:1073F000654BCBF800801D60644BC9F800401D60F0
:10740000634B3D7086F800801A60FFF7BDFADBF829
:107410000030012BFBD04FF6FF73DAF8002092B258
:107420009A4243D10134202CD9D1DFF88C81D8F88D
:10743000003093423FD15748FCF72EFD059956483E
:1074400091F8372091F83630CDE9013291F83520A6
:1074500091F83430009291F8332091F83210FCF713
:107460009BFD0520FAF702FB07EE900AF8EE677A1B
:1074700017EE900A08F0FCFF33A3D3E90023FAF7D4
:1074800023FF02460B464548FCF786FDD8F800105E
:107490004348FCF781FD15214248FCF77DFD192189
:1074A0004148FCF779FD6FF00B0043E0DFF80881FD
:1074B000049BC8F80040DBF80020DBF80020012A1C
:1074C000FBD001220421CBF800203A70327040F248
:1074D0008112C9F800302C4B19602C4B1A604FF008
:1074E000FF322B4B1A60FFF74FFADBF80030012B0D
:1074F000FBD0D8F80010DBF80020DBF80030012BBF
:10750000FBD00122CBF800203A7032704FF4805249
:107510001E4BC9F8001000211A604FF0FF321A4BC1
:1075200019601B4B1A60FFF72FFADBF80030012BB4
:10753000FBD0002011B0BDEC048BBDE8F08F1946E4
:10754000E9E61A4622E600BF0000000080842E41D2
:1075500000302050ECC000200000003BFF3F0A3EFE
:107560000000804300002050510E002000202050D9
:107570008096184B0000003D00800A4000900A40B1
:107580008AC100208BC10020184F0020204F00200E
:107590000C4F0020B8070110D8070110FC0701109C
:1075A0001408011024080110500801101C4F00207D
:1075B000104F0020144F0020AC16002008B51920F1
:1075C000F9F75CF819224FF0000343EC4020012347
:1075D00043EC4420064A0A201360FAF721F8FCF72E
:1075E00011FCBDE808404FF4FA60FAF719B800BF83
:1075F0000080034000000000014610B591F83720DC
:1076000091F8363084B091F83540CDE901321A480E
:1076100091F8343091F8332091F832100094FCF74F
:10762000BBFC0520FAF722FA07EE900AF8EE677A1B
:1076300017EE900A08F01CFF0DA3D3E90023FAF718
:1076400043FE02460B460D48FCF7A6FC0C4B0D48CA
:107650001968FCF7A1FC15210B48FCF79DFC1921CA
:107660000A4804B0BDE81040FCF796BCAFF30080B8
:107670000000000080842E41D8070110FC07011093
:10768000AC16002014080110240801105008011045
:1076900030B500240A4A85B00A4B02920A4A1946BC
:1076A000019200941A46054600F0F4FD28B143F219
:1076B000650320466B8705B030BD6FF00B00FAE71D
:1076C00081820010800C0110616E00102DE9F04FD6
:1076D00083B0FAF797F87C4CD4E90023824263EB3D
:1076E0000103002BC0F29780784BDFF820B2D3F86B
:1076F0000090DBF800304B4588BF09F14009A9EB49
:107700000309B9F1000F00F08180DFF804A2704C8A
:10771000704D7149002001EB8302B2F8028031F80C
:1077200023105A1C1FFA88F802F03F038FB24FF45F
:10773000C1724146CBF8003000F052FF4FF0A04E2E
:107740003946C4460746236809F1FF399B0103EB1C
:107750000E0213695E01FCD44FF0FF33CEF85834AB
:1077600023689B01B8F1000F27D0CDE90089B94605
:107770007A89D7F804E0624528BF624603F1A04346
:1077800018694001FCD4554E236806EB01089B01A3
:107790002E6803F1A0401144BCEB020C3F68C1F31A
:1077A0000B01C0F80080C0F804E08260C660DFD141
:1077B0004F46DDF80080DDF804904FF0A0410B4407
:1077C0001A695201FCD44648D1F85824DAF800105E
:1077D00082420B69384610D0984710B1384601F004
:1077E00061F82A20FCF716FB384601F05BF8B9F186
:1077F000000F0BD0DBF800308BE7984700285CD1F6
:10780000B8F1000FEDD0B9F1000FF3D103B0BDE82E
:10781000F04F04F0D5BDF9F7F5FF4FF0FF366FF0EC
:107820000045304BC31841F100029E4275EB020146
:107830003CBF33462A462C48236003686260012B14
:1078400031D02A4B1A68012A3FF44EAF4FF0FF3473
:107850001A68012AFCD001221A604FF0FF33002180
:10786000234D03602D68234B23481D60234B02608A
:1078700019602348234B01701A70FFF785F8671CC5
:107880003FF432AFDFF888A0C4F38004DAF80000D8
:1078900090F83930C3F380039C423FF425AF4CB1DC
:1078A00000F00AFE20E7184A104B14681A68012AF3
:1078B000CED1E4E700F016FE16E7384600F0F2FFFE
:1078C000B8F1000F9FD18CE788420020DCBF002078
:1078D00020B9002024B90020E8BF002000200020AB
:1078E000E320BBDE20A107000C4F00201C4F00202E
:1078F000AC160020104F0020184F0020204F002011
:107900008AC100208BC10020144F0020E8C0002055
:10791000C8BF002008B5FFF7D9FEFCE72DE9F04706
:107920000F460546F8F7E6FE012297F804A097F9FE
:1079300005C005F12F4EDFF8D4800EF5600E02FA77
:107940000AF24FEA1E5EBCF1000F58F82E6002F1F9
:10795000FF32CAF1200435DBA44503DC02FA0CF344
:10796000334206D04FF0FF34F8F7D6FE2046BDE88C
:10797000F087D5F86831F979002B41D14B0731D424
:10798000644602FA0CF2164233D13968BAF1000F9C
:1079900010D0674601EB4A0A31F8023B07F11209A1
:1079A000B3F5005F38BF6344514507F1010745F85F
:1079B0002930F1D1324348F82E20F8F7ADFE2046A9
:1079C000BDE8F087002C02DA13E0013C11D302FA83
:1079D00004F33342A446F8D1D5F86811FB7991B984
:1079E0005B07CED56FF00A04F8F796FE2046BDE897
:1079F000F0876FF00804F8F78FFE2046BDE8F087A7
:107A0000C907BDD5EEE7D907BBD5EBE77C4500201C
:107A10002DE9F0474FF4003501EB410600EBC604B9
:107A200004F5435400EBC606D6F8DCA04FEA410843
:107A3000D6F8CC90E560BBB14EF2800793FAA3FC78
:107A4000BCFA8CFC22FA0CF503F1FF3E4FEA4C1C09
:107A500005F001054CF080643D4313EA0E03C6F8BF
:107A6000DC40C6F8D850E9D1884400EBC800C0F823
:107A7000DCA0C0F8CC90BDE8F08700BF2DE9F04154
:107A8000D0F868419DF81860121B1F2A38D84EF2B2
:107A90009F044EF280054FF4003801EB410C002E9C
:107AA00018BF254600EBCC0404F5435400EBCC0C86
:107AB000052BDCF8DC704FEA410EDCF8CC60C4F832
:107AC0000C800CD95401053B44F0A0540532052B21
:107AD000CCF8DC4002F01F02CCF8D850F2D8714448
:107AE00000EBC1010020520142EA8363C1F8DC309F
:107AF000C1F8D850C1F8DC70C1F8CC60BDE8F081A5
:107B00006FF00400FAE700BFF0B5012504688D406E
:107B100024EA05040460B3B3D3E901561F68DC68A6
:107B200001EB410300EBC303C3F8C8704FEA410CFB
:107B3000C3F8D060C3F8CC50C3F8DC400CEB0103B1
:107B40004FF0013500EBC30C4FF0004600EBC30EC5
:107B500001230EF5865E0C1D01F108078D40CEF85D
:107B6000106003FA04F4CEF8106002F01F02856082
:107B7000BB4000F5005004600EF1100E03600020C1
:107B8000CCF8D820F0BD4FF480374FF440264FF4A6
:107B9000F83501EB410400EBC404C4F8C8704FEAA7
:107BA000410CC4F8D060C4F8CC50C4F8DC30C5E750
:107BB00010B5054C82B001460F2300220094034803
:107BC000F8F7E0FD02B010BD7C0801106EC1002086
:107BD00040BA80B2704700BF00BA704770B510F06D
:107BE00001044FF0000E06D0714528DD10F8013B6E
:107BF000013963F31F2E012927DD034600228E1E63
:107C000049084D1E00EB410133F802CB8B42624420
:107C1000FAD1C5EBC573023006EB4301A0EB43007C
:107C2000012904BF037863F3070E724493B203EB98
:107C3000124398B200EB134014B980B270BD704685
:107C400000BAC0F30F4080B270BD0022E8E700BF69
:107C50002DE9F843089C1B6824688846250C15FA12
:107C600084F414FA83F404EB1344A3B203EB144337
:107C70009CB2174604EB1344D8B105464FF00009F7
:107C80006E8968683146FFF7A9FF204484B2F30784
:107C900004EB104404D524BA89F00109C4F30F445D
:107CA0002D68002DECD1B9F1000F02D024BAC4F335
:107CB0000F444046FFF78CFF05463846FFF788FF24
:107CC0002844204483B203EB104398B200EB1340E6
:107CD000C04380B2BDE8F883FFF7BABF70B510F0BB
:107CE00001044FF0000E05D029B310F8013B013913
:107CF00063F31F2E012932DD02464FF0000C8E1E69
:107D000049084D1E00EB410332F8021B9A428C4495
:107D1000FAD1C5EBC573023006EB4301A0EB43007B
:107D200001290ED0F4441FFA8CF303EB1C4399B2E3
:107D300001EB134114B109BAC1F30F41C94388B231
:107D400070BD037863F3070EE6441FFA8EF303EB6E
:107D50001E4399B201EB1341002CEFD0EBE74FF03B
:107D6000000CDDE7F8B1F8B5002705463C466E8902
:107D700068683146FFF732FF0444A3B203EB1444B2
:107D8000F30704D524BA87F00107C4F30F442D6824
:107D9000002DECD127B120BA6FEA104080B2F8BDB7
:107DA000E04380B2F8BD4FF6FF70704708B500F0B1
:107DB00047FF00F00DF800F0E3F900F05FFA04F07F
:107DC0002DFB00F097FFBDE8084004F0C5BA00BFE6
:107DD000012110B400244FF4C8620B4B0B4823F070
:107DE000030383F844160A491C710A4C0360C3F864
:107DF0004016094809491A60236013445DF8044B92
:107E00000360A1F8AA2070475BB9002050B9002098
:107E100040064006204E002054B90020284E002085
:107E200000287DD083072DE9F0476DD13D4AA0F1B0
:107E300008031168994267D83B4C00F10C02246892
:107E4000944261D310F8042C002A5DD030F808CC9D
:107E5000BCF5C86F58D830F8065CB5F5C86F53D874
:107E6000A3EB010E1FFA8EFEAE4501EB050902D011
:107E70004A5B724548D101EB0C06B44202D07288CD
:107E8000724541D10022DFF8A8A0DFF8A08000F8F9
:107E9000042CDAF80070B8F8AC209F42A2EB0C0278
:107EA00084BF1F46CAF800307244B342A8F8AC2021
:107EB00017D03279AAB9B44213D0B6F800C0B7428D
:107EC00004BF1F46CAF80030BCF5C86F20F808CCC4
:107ED00007D001EB0C02A2F802E030F8065C01EBDF
:107EE00005094B450ED099F804205AB99F4208BFA6
:107EF000CAF80090BCF5C86F18BF6144A9F800C06B
:107F000018BF4D80BDE8F08707F098FFBDE8F04747
:107F1000064AB2F8B0300133A2F8B03007F096BF8D
:107F2000704700BF50B9002054B90020284E0020EF
:107F3000204E0020CB1C23F003039BB20B2B2DE91A
:107F4000F04104464CD9B3F5C86F4CD899424AD891
:107F5000424A1168A14249D8414A1268A24245D911
:107F600034F808ECA4F10802521AAEF1080092B2FB
:107F700080B2A0EB020C1FFA8CFC9C4533D32CD0B2
:107F800001EB0E052E79002E3BD003F11405ADB2A6
:107F9000654522D8334E02F108051D441FFA85FCC1
:107FA000356801EB0C07BD4288BF376000263E7183
:107FB00021F80CE07A8024F808CC31F80C60121A11
:107FC000B6F5C86F1CBF8919A1F802C02649B1F8DF
:107FD000AC0002441344A1F8AC302046BDE8F08167
:107FE0000C239942B4D90020BDE8F08107F026FFA8
:107FF0001D4AB2F8B0300133A2F8B03007F026FFC6
:10800000EBE7184E02F1080C37689C44AF424FF082
:10801000000531F80E801FFA8CFC01EB0C0E8EF877
:10802000045021F80C80AEF8022024F808CC31F876
:108030000C5008BFC6F800E0B5F5C86F18BF6D1842
:108040000949A2EB0000B1F8AC2018BFA5F802C0A6
:1080500010441844A1F8AC00BFE700BF50B900209D
:1080600054B90020204E0020284E0020B8B300F163
:10807000030C2CF0030C1FFA8CFCBCF10B0F2AD95B
:10808000BCF5C86F2BD8604529D82DE9F04F384B87
:10809000384F1C683E68CCF5C86E331B9AB29645C3
:1080A00013460FD96FF00709A01898460579A35A0F
:1080B00011461A4625B9A9EB01011944614510D2B0
:1080C0009E45F1D82C4A0020B2F8A8300133A2F81E
:1080D000A830BDE8F08F4FF00C0C6045D5D90020DA
:1080E0007047254A0CF1140A5145B2F8AC90B2F829
:1080F000AEE010D20121A9EB08094B449BB27345B5
:108100000171A2F8AC3001D9A2F8AE30864222D07B
:108110000830BDE8F08F4FF0010A0CF1080141442E
:1081200089B204EB010B8BF804506352ABF8028068
:10813000018080F804A0635A09F10809B3F5C86FFB
:108140001CBF1B1959800CEB09039BB27345A2F8A5
:10815000AC30DBD9D8E7337943B1084B1A6803E078
:108160003688264433790BB1B242F9D13E60CFE76D
:1081700050B90020204E0020284E002054B9002085
:108180002DE9F04304244FF00009154DDFF860E0BD
:10819000144E154B154F05F12808033355F8042BE1
:1081A00023F00303C7F800906CB10021B2F804C0BB
:1081B0000A4600E003460132A242196003EB0C00BC
:1081C0001946F7D13B60A84574804EF8046F05D07E
:1081D0002A681668D488D2E90237DEE7BDE8F08362
:1081E0005C0B011074B8002058B10020D4B80020F6
:1081F000D84E0020092838B51DD8104B53F8205010
:1082000007F01CFEEB6801461C682A6874B1206800
:1082100018609388D08801339BB2984293800846B7
:1082200038BFD38007F012FE204638BD13880133D3
:10823000138007F00BFE0024204638BD5C0B0110B4
:10824000092814D838B50C4681B1094B53F8205091
:1082500007F0F4FD2968EA688B88013B8B8013687E
:1082600023601460BDE8384007F0F0BD38BD7047AA
:108270005C0B01106FF00B00704700BF704700BF30
:1082800091F8393013F0180F01D007F047BD06F010
:1082900091BE00BFF0B583B0099F00287ED0002FAB
:1082A0007CD00E460899044641620A99424D01610C
:1082B00000204249C4E90100002E08BF0E46002AF2
:1082C00008BF0A46002B08BF0B463D49E0606161CC
:1082D000297884F8390084F83C10A062E0623168A3
:1082E0001268C4E9070020862064002959D022B30F
:1082F000A2601B6803B1E36033680BBB2046B8473C
:10830000034600284AD12F4E94F83C103068FF29CC
:1083100004BF194684F83C3000282ED0034601E003
:108320001B6853B393F83C208A42F9D10131C9B29A
:10833000FF292ED084F83C10F0E71B68002BDAD11F
:10834000336868460193002301A9009301F026FDDC
:10835000684601A904F02CFB684601A900F052FC14
:1083600001AA6946204607F023FF3268E36962608C
:10837000002BC3D020469847C0E7FE29206008BFE5
:10838000002320461CBF4B1CDBB22B70346003B0B3
:10839000F0BD0023194684F83C30BFE7002003B04D
:1083A000F0BD22B91B68002BA8D0E360A6E7A2604D
:1083B0001B68002BF9D1A1E78CC10020800C0110B3
:1083C00075820010F4B80020F0B52E4D0446002947
:1083D00014BF0E462E46002A14BF17462F46002B08
:1083E00018BF1D46336883B06BB100213B68A2689B
:1083F000934218BFA3602B68E268934218BFE36002
:1084000029B103B0F0BD426802BB0121EEE7636809
:1084100032689A42F5D0684601A9CDE9003201F0F0
:10842000BDFC684601A904F0C3FA684601A900F042
:10843000E9FB01AA6946204607F0BAFE3268E36903
:108440006260002BDDD020469847DAE7684601A934
:10845000CDE9002301F0A2FC684601A904F0A8FAC6
:10846000684601A900F0CEFB6946204601AA07F044
:108470009FFE33686360E369002BC6D020469847AF
:10848000C3E700BF800C0110014B1860704700BFAC
:10849000F0B8002050B190F83920D10706D4C16956
:1084A00042F0010280F8392001B10847704700BF4F
:1084B00000B1C161704700BF98B110B590F8393074
:1084C00004465A0700D510BD43F0040380F8393044
:1084D00005F096FB236A002BF5D02046BDE810403E
:1084E0001847704798B110B590F8393004465A07CC
:1084F00000D410BD23F0040380F8393007F00CFDE0
:10850000236A002BF5D02046BDE81040184770477D
:1085100000B10162704700BF024658B1064B1868AF
:1085200010B907E0006830B190F83C300133DBB29D
:108530009342F7D170477047F4B8002070B50546F4
:1085400088B3002606E028462B6998470136F6B224
:10855000ECB1254607F072FCAC7B013CE4B2AC7395
:1085600007F074FC9CB96B7B2C689B07EBD42B7BCE
:1085700003F00F03022B0CD0012B0FD0002BE5D101
:1085800028460136FFF74CFCF6B2002CE1D130460C
:1085900070BD29460920FFF753FED7E7294608207A
:1085A000FFF74EFED2E70646F1E700BF08B507F039
:1085B00045FC0022084B1A7007F048FC074B18686E
:1085C00010B908E0C06830B1436F002BFAD0BDE8A5
:1085D000084001F02DBC08BD8EC1002010C1002054
:1085E0002DE9F8430026B2F5C17F61F30F068846F6
:1085F00061F31F4631D0154609D822F04003012B04
:108600009CB25ED04FF000094846BDE8F883B2F551
:10861000207FF7D1C31C01F1030828F0030823F0E1
:10862000030343449BB20446434503F1100080B268
:10863000E8D38045E6D8FFF719FD81460028E3D04E
:10864000002203192E49133323F00303C160C0E94C
:10865000013602604846BDE8F8830026074640F22E
:10866000EC54B146274D07E01FFA81F83060B8F1AD
:10867000000FC9D0002706460920FFF7BBFDFB1CF1
:1086800023F00303E31A9BB258B3434528BF434684
:1086900000220744133727F00307C0E90027A8EB9F
:1086A0000301A0F808804381C560B9F1000FDBD158
:1086B000A8EB03031FFA83F88146B8F1000FD9D164
:1086C000A2E70820FFF796FD814600289CD00023F2
:1086D0000573C4814373C0E9003386604846BDE832
:1086E000F88307F0ABFB0122074B1A7007F0AEFBD3
:1086F000B9F1000F86D04846FFF720FF82E700BFA0
:1087000080000100820001008EC1002070B40024AE
:10871000033061F30F04BDF810C020F0030061F3D3
:108720001F4401446145039D0DD805B10544002651
:1087300002211A73012218465D609C601E60597305
:10874000DA8170BC7047002070BC704738B50446B1
:108750000089884228D96289914211D921812468EF
:108760008B1A6289081A99B28A4280B208D2238988
:10877000891A03442381246889B262898A42F6D324
:108780000025237B61F30F05180761F31F4504D112
:108790008A4202D0637B9B0707D52068A56008B199
:1087A000FFF7CCFE0023236038BD636820461B1B07
:1087B000194489B2FFF7BEFBEFE700BF70B1B1F516
:1087C000803F0BD2E9B103898AB213449BB29A422B
:1087D00004D890F90CC0BCF1000F01DB01207047F8
:1087E00010B4446800F1100C611A61450BD3B0F865
:1087F0000AC0416062444281038100205DF8044B5D
:108800007047002070470120F8E700BFA0B1B1F524
:10881000803F11D291B143898AB29A420CD810B4E8
:1088200044689B1A0C44018944608A1A438102817E
:108830005DF8044B0020704701207047002070470E
:10884000002910B41BDBB0B141B303898AB21344D1
:108850009BB29A420FD84468611A90F90C40002CE0
:1088600005DB4489416022444281038116E000F126
:108870001004A142F5D201205DF8044B7047494233
:108880000028F8D043898AB29A42F4D844689B1AE7
:108890000C44018944608A1A4381028100205DF8FA
:1088A000044B704708B1FFF749BE7047034630B12B
:1088B00000201B68013080B2002BFAD1704770474E
:1088C00050B110B5044607F0B9FAA37B0133A37386
:1088D000BDE8104007F0BABA704700BF80B179B167
:1088E000036843B10289B1F808C0624402811846A6
:1088F0001B68002BF6D10A890389016013440381A8
:10890000704700BF10B50C46C0B1C9B103683BB198
:10891000028921890A44028118461B68002BF7D17D
:108920002289038904601344038107F087FAA37B3B
:108930000133A373BDE8104007F088BA0029F4D1D1
:1089400010BD00BF002900F082802DE9F843984651
:108950000B890F469342154676D30646002873D0FE
:10896000028908EB05039A426EDB4FF00009748917
:108970007B89A4EB0804A3EB09039C4228BF1C4697
:10898000AC4228BF2C46706879682246404449446E
:1089900007F0C0FC7A89A1442D1B4A457389A04485
:1089A000ADB216D83F684FB398451BD079893A8944
:1089B0004FF00009914211D032899A4202D0002D25
:1089C000D5D12EE03368002BF9D06FF00500BDE85B
:1089D000F883984508D039899142EDD13A68002A48
:1089E000EAD0F2E74FF000093668AEB17A893B89E8
:1089F0009A4219D04FF000087389DDE725BB9845EE
:108A000016D032899A420CD13368002B14BF6FF014
:108A100005000020BDE8F883B5B93A897B899A4200
:108A20000BD00020BDE8F8833B68002BE2D0CCE7F8
:108A30003668002EF5D07389E3E73B68002B14BF3E
:108A40006FF005000020E5E76FF00F00E2E76FF040
:108A50000F00704719B100230A89FFF773BF6FF049
:108A60000F0070472DE9F041054670B10F4681B304
:108A7000164692B3B5F80AC05BB16345A3EB0C028E
:108A800007D32D6893B2002DF4D1A8464046BDE827
:108A9000F0814FF0000804E0002DF7D00023B5F876
:108AA0000AC0ACEB0304A4B2B44228BF34466968E0
:108AB000361B224607EB080019444444B6B207F0BF
:108AC00029FC1FFA84F82D68002EE5D14046BDE848
:108AD000F08188464046BDE8F0819046D6E700BF69
:108AE00038B514460A462189FFF77AFD054620B1BC
:108AF000002321462289FFF725FF284638BD00BF05
:108B00002DE9F04781463C4FDFF8F48039687869F9
:108B100006F0CCFCD9F80430D8F800405D7A002C7F
:108B20005DD0002830D1064603E0E36826464BB30B
:108B30001C46237CAB42F8D1227A32B17B6893F891
:108B40003C300133DBB29A42EFD1226812B17B692B
:108B50009A42EAD1637CDA0703D562683B699A429C
:108B6000E3D1D4F814A0BAF1000FDED04A46214672
:108B7000224BA069D047002833D1E3680220264663
:108B8000002BD5D1BDE8F0870020064604E0E3685D
:108B90002646002BF6D01C46237CAB42F7D1227A26
:108BA00032B17B6893F83C300133DBB29A42EED1AC
:108BB0002368002BEBD1637CDB0703D562683B693C
:108BC0009A42E4D1D4F814A0BAF1000FDFD04A469B
:108BD00021460A4BA069D04718B90220D7E72046A2
:108BE000D0E736B1E268D8F80030F260C8F800404B
:108BF000E3600120C6E700BF044E0020144E0020B1
:108C0000B4BF002088B102687AB171B10B6863B15A
:108C10000A4B1B684BB110B41C68944206D0DB6849
:108C2000002BF9D15DF8044B704770470A681A6051
:108C3000DB68002BF6D00268EEE700BFB4BF00206F
:108C4000704700BF70B50646806F18B1FFF72AFE67
:108C50000023B367746FB4B1D4E9005058B1FFF783
:108C600021FE21460420FFF7EBFA55B12C46D4E94A
:108C700000500028F3D121460420FFF7E1FA002D2F
:108C8000F4D1002373674FF6FF73F46E3386A4B1FB
:108C9000D4E9005058B1FFF705FE21460420FFF744
:108CA000CFFA55B12C46D4E900500028F3D1214623
:108CB0000420FFF7C5FA002DF4D1346FA4B1D4E934
:108CC000005058B1FFF7EEFD21460420FFF7B8FA37
:108CD00055B12C46D4E900500028F3D12146042098
:108CE000FFF7AEFA002DF4D10023C6E91B33A6F836
:108CF000683070BD704700BF01460220FFF7A0BA80
:108D0000F8B52E4B002914BF8C469C46002852D043
:108D1000037D002B4CD12AB3294D05F1100E2B6891
:108D20001B6813B90EE0DB6863B1D98A9142FAD1AE
:108D3000196821B1DCF800400CB1A142F3D16FF009
:108D40000700F8BD0435AE45E9D1DCF8003003B1C9
:108D500003601C4BC2821A681860C26003F0C6FA36
:108D60000020F8BD4FF480454FF6FF7E164E174F9A
:108D70003288013292B2724508BF4FF44042104C23
:108D800023681B6813B90CE0DB6853B1D98A9142A0
:108D9000FAD1013DADB2002DEBD132806FF0010070
:108DA000F8BD0434BC42EBD13280002ACDD1F5E7C6
:108DB0006FF00500F8BD6FF00F00F8BD800C0110DA
:108DC000240C011014C10020B4160020340C011032
:108DD00038B5002831D0037D0446002B2DD1032067
:108DE000FFF708FA054640B301222169E38A0275BC
:108DF0000161C382627D4275A2688260226802605E
:108E00006BB921460220FFF71BFA114B11491A6872
:108E1000A961EA601D6003F069FA284638BD0E4A70
:108E200013689C420CD02BB1DA6894420BD01346E5
:108E3000002BF9D10023E360E3E70025284638BD85
:108E4000E3681360F6E7E268DA600023E360D8E7DE
:108E50001CC10020D195001014C1002030B540F68F
:108E6000683E028DC16A458E446A0346501A7545B4
:108E7000204494BFA0EB050CA0EB0E0CBCF1000F3E
:108E800005DA091B4BBF0022002010468AB25A8522
:108E900030BD00BF002833D041F2D063028D30B521
:108EA000114489B2994219D9194640F6683EC26AFE
:108EB000458E446A754594BF02EB050C02EB0E0C1F
:108EC0002344A3EB0C0CBCF1000F01850ADB40F23C
:108ED000B3549B1AA34241850AD830BD8A42E3D8D5
:108EE0000B46E2E7121B4ABF00234285438530BD93
:108EF000438BBDE8304043F00203438302F0BEBE23
:108F0000704700BF2DE9F04FA74EA84F32683B785D
:108F100001320133DFF8A8A287B032603B70A44B66
:108F20001C68002C53D04FF000083A78A37F93427E
:108F300000F0F480237DA277022B94F8422000F009
:108F4000CA800B2A40F2F0804FF00109062B00F096
:108F5000B180627A120740F18380042B40F0658172
:108F60003268D4F89400216A924D511A00F52422F7
:108F700002F6B842A5FB0252B1EB521F40F23D810E
:108F8000656F09F101094FF0010B5FFA89F9002DB6
:108F900000F02881B4F9402002EB4202B1EB420F0D
:108FA0006ED2237D032B50D0092B21D0B9F1000FB5
:108FB00040F01881237F627F0133DBB29A42E5687B
:108FC000237740F29580A0462C46002CADD17A4FF5
:108FD0000024396849B133680A6A9B1AF02B00F201
:108FE00035810C46C9680029F5D107B0BDE8F08F7E
:108FF0003368226A9B1AF02B2CD9D4F89050204663
:10900000FFF720FEE368B8F1000F00F03581C8F8E3
:109010000C30BBF1000F40F00C81D4E903B92146BC
:109020000220FFF70DF900238AF8003045B16FF0F8
:109030000C014846A8479AF80030002B7FF46FAF28
:109040005C46002C7FF471AFC1E73368226A9B1A3B
:10905000282BD2D8B9F1000FACD0CEE74FF00109E0
:10906000656F002D00F0C7803268236A4FF0000B57
:10907000D11AB4F9402002EB4202B1EB420F90D377
:109080000594D5E9004058B1FFF70CFC29460420AF
:10909000FFF7D6F854B12546D5E900400028F3D1B2
:1090A00029460420FFF7CCF8002CF4D10023059CBE
:1090B000636776E7628BD00600F18480627A1107DD
:1090C000CED4656F002D00F0DA803368226A4FF04D
:1090D000000B991A5EE7052AC0D894F89920002A57
:1090E00051D094F89A100B2926D94FF0010930E796
:1090F0000023D4F88C2023778AF8003052B121461F
:10910000206990479AF80030002B7FF408AF0028C0
:109110007FF459AF204602F0B1FD54E7A046E46861
:10912000002C7FF402AF52E794F899205AB394F8D8
:109130009A100B293FF608AF20490A4412F8011C87
:1091400094F898208A42C0F0DB80B4F8605035B9BA
:10915000204602F0BFFF48B1A946237DF6E6294626
:10916000204602F08DFA002800F0D4804FF000096C
:1091700094F8993084F89890062B9CBF013384F8BA
:109180009930237DE2E647F6FE70B4F9302091B2C3
:10919000814202D801310AB22286B4F940109142CC
:1091A0006FDD4FF00009D1E620C1002092C1002000
:1091B00010C10020D34D621024C10020340C0110D6
:1091C00090C100203168226A891A28297FF679AF78
:1091D000656F09F101094FF0000B5FFA89F9002D65
:1091E0007FF4D8AE012BD4F890507FF60BAF0A2B4A
:1091F0007FF405AF06E7AB46D3E694F89B204B4DD2
:1092000005FB02004A4AA2FB0020B1EB501F7FF68B
:1092100058AF204602F01AFF00287FF421AF94F8DF
:109220009B30013384F89B301AE7072B3FF498AE4C
:1092300016E7238B626A216D0293E38A204601932D
:10924000231D0093234602F019FCE6E60B7D012B5B
:1092500006D90A2B04D008460591FFF7F3FC0599BF
:10926000CD68002C54D0E5600220FEF7E9FF2946C6
:1092700000297FF4B0AEB8E62E4A1360C9E6AB46CB
:1092800094E6204602F064FB237D28B1226F002A79
:1092900087D1E26E002A46D0022B14D094F84230D7
:1092A00047F6FF720C2B28BF0C232349B4F93C006E
:1092B000C95CB4F93E3003EBE0038B409342A8BF96
:1092C0001346A4F84030B4F84820B4F860304FF0AA
:1092D0000009934228BF1346628E5B08A4F8482019
:1092E000520092B2934238BF13462046A4F84A3047
:1092F000A4F83090A4F86A9002F060FE237D25E681
:109300000132D2B28A4284F89820FFF44AAF1CE7B7
:109310003D60A9E7204602F0B1FC00287FF426AFAB
:109320008146237D12E6914610E600BFF824010035
:10933000D34D621010C100203C0C0110B8B138B5FB
:109340000446D4E9005058B1FFF7ACFA2146042096
:10935000FEF776FF55B12C46D4E900500028F3D132
:1093600021460420FEF76CFF002DF4D138BD704774
:1093700058B110B50446406808B1FFF793FA21468A
:10938000BDE810400420FEF75BBF704738B50546C6
:109390000420FEF72FFF044650B168682968AA68C8
:1093A000EB68606060682160A260E360FFF788FAA4
:1093B000204638BD00B10161704700BF08B1C0F858
:1093C0008410704708B1C0F88010704718B1037D51
:1093D000012B08BF8161704730B1037D012B03D998
:1093E0000A2B01D0FFF72EBC704700BF036810B5F1
:1093F0008B420C461DD02BB1DA68A24221D0134615
:10940000002BF9D10022237DE2605BB10A2B0CD046
:10941000012B0AD02046FFF715FC237D0A2B04D030
:10942000012B02D0638BDA0713D400232375E38268
:1094300010BD0022CB680360237DE260002BE5D1E4
:10944000F0E7E268DA600022237DE260002BDDD1E4
:10945000E8E743F002036383204602F00FFC002399
:109460002375E38210BD00BF002800F0A4802DE921
:10947000F04F037D05460A2B87B000F09180D0F8AD
:109480009020D0F850A0D0F824B0D0F81090B0F8C8
:1094900016800592002B58D1B8F1000F61D14FF022
:1094A000000846462C6FA4B1D4E9007058B1FFF70C
:1094B000F9F921460420FEF7C3FE57B13C46D4E932
:1094C00000700028F3D121460420FEF7B9FE002FDA
:1094D000F4D1EC6EA4B1D4E9007058B1FFF7E2F911
:1094E00021460420FEF7ACFE57B13C46D4E900709B
:1094F0000028F3D121460420FEF7A2FE002FF4D16C
:109500006C6FA4B1D4E9007058B1FFF7CBF92146D4
:109510000420FEF795FE57B13C46D4E900700028C0
:10952000F3D121460420FEF78BFE002FF4D13EBB81
:1095300029460220FEF784FE059B7BB16FF00C01EB
:10954000484607B0BDE8F04F18470E4601461A4896
:10955000FFF74CFF0122194B1A70A3E707B0BDE8D3
:10956000F08F174A1368834217D033B1DA68AA42E2
:1095700001D01346F9E7EA68DA600023EB608EE772
:10958000CDF804802B8B5A4602932B1D0093514635
:109590002B46284602F072FACAE7C3681360ECE76C
:1095A00001460848FFF722FF2946022007B0BDE820
:1095B000F04FFEF745BE704710C1002090C100205B
:1095C00014C1002024C100200121FFF74DBF00BFBE
:1095D00008B508460121FFF747FF6FF00C0008BDF2
:1095E0002DE9F04107460220FEF704FE044620B3B1
:1095F0009C220021204606F03FFE40F66830FF2105
:109600004FF00612724BA4F86400A362714B7248CB
:109610001B68724D0078E172C4F83E207049714AAF
:109620002362714B67752563A077A164C4F8842019
:10963000C4F894302046BDE8F081DFF8B881D8F84E
:109640000050CDB12E46738BED681A07F9D523F083
:1096500008037383337D042B03D0072B2DD0032BFA
:10966000EFD1304602F0BCF858BB052330463375C5
:1096700002F004FB002DE5D15C4B1B688BB100218F
:10968000544A10681A6A821A914298BF1C46DB68D5
:1096900098BF1146002BF5D11CB101212046FFF7E0
:1096A000E3FE0220FEF7A6FD0446B8B1504BD3F806
:1096B000BC201388013B13809AE7304602F090F8F3
:1096C00030B10130BDD1738B43F008037383B8E729
:1096D00009233046337502F0D1FACBE7D8F80010F1
:1096E00091B122463B4B18680B7D092B05D10B6AC3
:1096F000C31A9A429CBF0C461A46C9680029F3D186
:1097000014B12046FFF7B0FE0220FEF773FD0446B9
:1097100038B1374BD3F8BC201388013B9BB2138080
:10972000C8E7D8F8001091B122462A4B18680B7D83
:10973000082B05D10B6AC31A9A429CBF0C461A46E5
:10974000C9680029F3D114B12046FFF78DFE02202D
:10975000FEF750FD044638B1254BD3F8BC201388E2
:10976000013B9BB21380D8E73B062ED4F7B13A46B3
:10977000D8F80030013AD2B2C3B1164900250E68BC
:1097800005E0186A0A461C46351ADB684BB1597D5C
:109790009142F6D3F9D1186AA6EB000CAC45F4D38C
:1097A000F0E71CB101212046FFF75EFE0220FEF724
:1097B00021FD044600283FF43DAF0D4BD3F8BC20FB
:1097C0001388013B9BB21380CAE77F22D0E700BF1A
:1097D000D016D01620C1002092C10020FFFF180231
:1097E0000100680B8D99001000DD6D0024C1002080
:1097F000284E002010C100204020FFF7F1BE00BF1E
:1098000010B50446037D84B0002938D0042B58D00D
:10981000072B68D0012B12D0022B46D0002B36D15B
:10982000E38A002B3CD0534A1368A34200F09E8089
:10983000002B33D0DA68A2422ED01346F8E700207E
:109840004D4901F10C0C51F8043F1A682AB1D36F4D
:109850009C420FD0D268002AF9D18C45F3D1214621
:109860004648FFF7C3FD21460320FEF7E9FC002030
:1098700004B010BDD067D268002AE8D1EDE7012B13
:10988000DDD0022B11D0002BCAD0042B20D0072B07
:109890005CD0032BEBD11BE0E268DA600023E360CD
:1098A00021460220FEF7CCFCE1E721463448FFF7D1
:1098B0009DFD0122334B022021461A70FEF7C0FCA9
:1098C000D5E7836FB3B941F2D063028D9A4211D1CB
:1098D000204601F085FF00283ED105232046237550
:1098E00002F0CCF9C3E7836F23B941F2D063028D54
:1098F0009A422BD0208BE28A211DCDE90120626A99
:10990000009123462046216D02F0B8F8237D012BFB
:1099100004D90A2B02D02046FFF794F9184A13689D
:10992000A34205D033B1DA68A2421CD01346F9E74E
:10993000E368136000200121134B124A1B68E060AA
:10994000A3421170ACD101F0EBFD90E7204601F08D
:1099500047FF08B90923C1E7431C89D1638B43F052
:109960000803638383E7E268DA60E3E7E368136090
:1099700094E700BF14C10020240C01101CC100207A
:1099800010C1002090C1002018C1002000294FD034
:10999000084662B341F2D06170B51389048D82B07C
:1099A00023449BB28B421ED90B4640F6683EC46AE4
:1099B000468E456A764594BF04EB060C04EB0E0C0C
:1099C0002944A1EB0C0CBCF1000F03851BDB091B28
:1099D00040F2B354A14243850CD81046FEF762FF13
:1099E000002002B070BD9C42DED81946DDE7ABB165
:1099F00000207047438B019243F00203438302F03F
:109A00003DF9019AE9E7641B4ABF00234485438579
:109A10001046FEF747FF002002B070BD0B7D012B02
:109A200003D04B8B43F010034B830121FFF7E8BEBB
:109A30006FF00F00704700BF00285FD0F8B500231B
:109A4000856FD0F884606F7B0446836756B101460A
:109A50002A460069B04738B30D303AD06FF00400A1
:109A6000A567F8BD41F2D062018D2B890B449BB2F2
:109A7000934231D9134640F66836E16AB4F832C0F1
:109A80002385B44594BF01EB0C008819666A324403
:109A9000101A002824DB638540F2B353521A9A420D
:109AA00024D82846FEF7FEFEBB0610D541F2D06250
:109AB000238DD4F8845093421CBF0133238535B1E4
:109AC000002321461A462069A8470D3001D0002006
:109AD000F8BD6FF00C00F8BD9942CBD81A46CAE722
:109AE000891B4ABF002361856385DAE7638B2046C3
:109AF00043F00203638302F0C1F8D2E76FF00F0076
:109B0000704700BF2DE9F84300272B4DDFF8B080E8
:109B10002B782A4E01332B70D8F80040BCB12A783C
:109B2000A37F934215D0638BA277D90727D41A0756
:109B300011D4A36FD4F80C9033B120463770FFF7DF
:109B40007BFF3378002BE7D14C46002CE7D1BDE8F2
:109B5000F883E468E2E7227D23F00803042A6383A4
:109B600003D0072A17D0032AE3D1204601F038FE9C
:109B7000A8B905232046237502F080F8D9E743F001
:109B800002036383204602F079F8638B23F003031A
:109B90009BB26383CBE7204601F022FE30B1013057
:109BA000C7D1638B43F008036383C2E709232046D0
:109BB000237502F063F8BCE792C1002090C1002039
:109BC00010C1002008B5FFF79DFF064A1378013346
:109BD000DBB21370DB0700D408BDBDE80840FFF717
:109BE00091B900BF91C10020002800F0AF8030B5CE
:109BF000057D0446012D85B07CD0438B042D43F0B8
:109C00001003438335D1836F23B941F2D063028DB2
:109C10009A425FD0208BE28A211DCDE90120626A41
:109C2000009123462046216D01F028FF237D012B62
:109C300004D90A2B02D02046FFF704F8454A1368DE
:109C40009C4242D02BB1DA68944271D01346002B6B
:109C5000F9D100200121404B404A1B68E0609C4242
:109C6000117068D021460220FEF7EAFA002005B004
:109C700030BD072D0CD1836F002BCBD141F2D063C7
:109C8000028D9A42C6D101F0ABFD60BB092325E0ED
:109C9000022D0ED01CD8C38A002BE3D0304A1368A3
:109CA000984250D0002B4BD0DA68944246D01346ED
:109CB000F8E701462748FFF799FB0122274B214689
:109CC00028461A70FEF7BCFAD0E7E3681360C0E7D5
:109CD000032DCBD101F084FD28B90523204623753F
:109CE00001F0CCFFC2E7431CC1D1638B43F00803F2
:109CF0006383BBE700201B4901F10C0551F8043FC9
:109D00001B682BB1DA6F94420DD0DB68002BF9D1C0
:109D10008D42F3D121461448FFF768FB214603200A
:109D2000FEF78EFAA2E7D867DB68002BEAD1EFE7EF
:109D3000E268DA608DE701F0F3FB97E7E268DA604A
:109D40000023E3608EE7C3681360F9E76FF00F004C
:109D5000704700BF10C1002018C1002090C1002032
:109D600014C10020240C01101CC10020034B044A24
:109D70001868126810441860704700BFB0160020C1
:109D800020C1002049B10B8E3BB1282B38BF2823BE
:109D9000283B9BB2984228BF1846704700283FD006
:109DA000036870B5054603B970BD1E4A0E461068BB
:109DB00078B10268C4689A4206D054B120462B6834
:109DC0000268C4689A42F8D10121FFF74DFB002CCC
:109DD000F4D1154B1C6854B122682B6820469A4276
:109DE000E468F8D10121FFF73FFB002CF4D1002EED
:109DF000DAD03368002BD7D00C4B1A68002AD3D0A6
:109E00002B681168994205D0D268002ACCD011681D
:109E10009942F9D133681360D268002AF0D170BD3D
:109E2000704700BF10C1002014C100201CC10020D9
:109E300070B5446FBCB10646D4E9005058B1FEF786
:109E400031FD21460420FEF7FBF955B12C46D4E93B
:109E500000500028F3D121460420FEF7F1F9002D2F
:109E6000F4D10023736770BD644B2DE9F0431E8865
:109E700076B30024624B634D1F682C80002F79D08D
:109E80002246614BDFF88481B3F800C09646531C2C
:109E90009BB2A3EB0C01013996421FFA8EF9C9B2AD
:109EA00040F2A480CC4515D8795C012918D002294C
:109EB0001AD061B19C4558D9544909680B441B7D9F
:109EC000012B40F2988013449AB20124DEE72B80E4
:109ED000BDE8F083D8F800107144097D0129E6D16E
:109EE00001241A46A644D2E7911C9C4589B227D981
:109EF000464C246823441B7D042B27D14B1CB342C2
:109F000024DAD31C8C4502F104029BB292B21FD812
:109F1000A1EB0C01C9B2795C9C454FEA01211FD825
:109F2000A3EB0C03DBB2FB5C40F2B35E40F2B45433
:109F30000B43591E89B2714588BF23464386C4E747
:109F4000A3EB0C03DBB2FB5C042BD7D02980BFE76B
:109F50002E4C9C4524682144097D4FEA0121DFD91C
:109F60002A4C246823441B7DDEE7A3EB0C03DBB201
:109F7000FB5CA5E73C462246244B02F114011F6816
:109F8000531C96429BB231D97C5C012C2BD0022C05
:109F90000BD0002C9BD03B441B7D012B2BD91344B1
:109FA0009AB2012402F11401EAE73B441B7D911CA3
:109FB000042B89B2CAD14B1CB342C7DA40F2B35C5E
:109FC00040F2B454D31C394417FA83F3097D1B7D46
:109FD000043243EA0123591E89B2614588BF2346F2
:109FE00092B24386DDE71A460131C9E7002C3FF4FF
:109FF0006FAF2A806CE702322A8069E77CC10020BB
:10A000002CC1002078C100207AC1002028C1002086
:10A01000F8B5C368054698890C46FDF7D9FDC20717
:10A0200034D41C4EE1682B8937684868B4F808C0FE
:10A030003B441A1AA2EB0C02002A1CDB8889FDF7AC
:10A04000C7FDC30708D420462468FFF791F9002C08
:10A05000E8D100242C60F8BDEB6801209F89FDF752
:10A06000B7FDEB680743204624689F81FFF780F91E
:10A07000002CD7D1EDE7C31A002BEBDAC11B89B254
:10A0800068682981FEF762FB2C60F8BD2046FFF767
:10A0900055F9DEE7F0C00020438B10B5DB0604461F
:10A0A00006D4D0F890301BB16FF00E0100699847CC
:10A0B00021460448FFF79AF92046FEF71DFE0120CD
:10A0C00010BD00BF10C100202DE9F84FC04B044661
:10A0D0001B78C04DD80648D4BF4F3A882B686AB960
:10A0E000626A991A0029C0F21C81218D013A0A4442
:10A0F000D31A002BC0F21581BDE8F88F217D062907
:10A10000EED8606AC11AB1F1010CA3EB000600F1B0
:10A110006F8106F1FF3E1EEB020F00F16981AF4E29
:10A1200089B2338970685B1A028933814389521A74
:10A13000994292B20AD94FF0000CA0F80AC00281ED
:10A140000068C91A438989B28B42F6D3FEF75EFBD9
:10A15000636AF2682B605360238D002B40F06282AB
:10A160002046BDE8F84F01F037BD2B689C4ED4E97E
:10A17000152ED11A0029B4F860C0D6F800A0C0F29C
:10A18000DB809A4200F0D380D64500F07981606C84
:10A190006146A0EB0A02002AF04680F2E180C34348
:10A1A00013EB0A0F00F17381236DA3EB0A03002B5D
:10A1B000C0F26D81638B59070AD5002223F0040396
:10A1C000A4F86A20B4F84A209BB26383A4F848201C
:10A1D0000022B4F93C10A4F84220E28FC4F844A055
:10A1E00002EBE102A4F84020227D032A00F2C281A2
:10A1F000D4F870807B4FB8F1000F18D1D9E1D8E9BD
:10A200000090FEF753FBB4F866203988B8F80830A0
:10A21000121A0B444046A4F866203B80FFF7A8F8CA
:10A22000B9F1000F00F0C581C846D6F800A0D8F8F3
:10A230000C305868FDF7D0FCD8F80C30814698896E
:10A24000B8F808B0FDF7C4FC10F0030318BF0123F1
:10A25000D9444B44AAEB0303002BD0DAD4F86C901A
:10A26000C4F87080B9F1000F16D1A9E1D9E90080D6
:10A27000FEF71CFBB4F866203988B9F80830121ACA
:10A280000B444846A4F866203B80FFF771F8B8F10C
:10A29000000F00F09181C146D9F80C30D6F800804B
:10A2A0005868FDF799FCD9F80C3082469889B9F8BE
:10A2B00008B0FDF78DFC10F0030018BF0120A8EBDB
:10A2C0000A08A8EB0B08A8EB0008B8F1000FCDDADC
:10A2D0000023D4F870802377B8FA88F35B095B42D7
:10A2E000C4F86C9023863A88B4F864301344A4F818
:10A2F0006430638B1A0540F1CD80B8F1000F00F097
:10A30000F581D8F80C305868FDF766FCE36CC01A8C
:10A310000028C0F2BF80638B2F4F23F40063638358
:10A32000B9E0638B43F002036383BDE8F88FAEEBC3
:10A330000A02002ABFF628AF2B4A1268D189B4F866
:10A340006220606C8A42A0EB0A0238BFA4F8621057
:10A35000002AD046C4E9153AA4F86010FFF61FAFF2
:10A360001D4F3A8852B3616B00293FF4C7AEA36B0F
:10A37000A3EB0A03002BBFF6B0AE1C4BB4F93C2094
:10A380001E88C2F3CF0089B2331A5B1A9BB21A44FB
:10A3900012B213F4004FA28702D0801B01448BB28B
:10A3A00000216163B4F93E10A1EBA1010B449BB203
:10A3B00003EBE202E387A4F840208EE64144F44434
:10A3C000614500F0BD80616B0029D0D188E600BFF7
:10A3D00085C10020F0C000207EC10020F44D002087
:10A3E0005448002076C1002028C1002020C1002050
:10A3F000002EC0F2A080228D12EB0C0F3FF5B0AE04
:10A40000834200F0BB82666F002E00F01382F0687A
:10A4100042689A4200F0E080991A0029C0F238821E
:10A4200003F1FF3EB0463668002E3BD0F06842682C
:10A430009A4200F0D380D8F80C10A2EB030C4968C4
:10A44000AEEB01010029EDDBBCF1010FEAD4B84805
:10A45000FEF79CFF074600283FF482AED8F80C3088
:10A460002A685968B8F808300B44D31A002BC0F298
:10A470005E8231463846C8F80070FFF7C9FD6FE6C6
:10A48000AC4A1268D1898C45BFF481AE57E72046AB
:10A4900001F0A2FBA84F616B00293FF41EAED6F875
:10A4A00000A064E7D21A002ABFF65AAE8089FDF7F1
:10A4B0008FFBC1073FF554AE9D48FEF767FFC8F814
:10A4C000000000283FF44CAED8F80C30B8F8082053
:10A4D0005B6829681A448A1A002AC0F233823A88D3
:10A4E000636A9B1A228D13445B1A002BBFF638AEA9
:10A4F000D8F80030DB689889FDF76AFBC207D8F806
:10A50000003000F129822A68218D5868891A626A10
:10A51000114489B21981FEF719F9D8F80030DA68C8
:10A520001D899089FDF754FB10F0030318BF012328
:10A530001D443D8014E6638B43F0020363830FE602
:10A54000B4F93020002AFFF63EAF50457FF43BAF10
:10A5500094F84320FF2A00F0A6810132D2B2032AE8
:10A5600084F8432000F29F817FF42DAF204601F054
:10A5700059FA90E7B4F84820B4F84A10AAEB000062
:10A58000914280B243D913F4006F0CBF0221012124
:10A59000638E13FB01F39BB2834294BFD118111851
:10A5A0008BB29A4240F2C0804FF6FF73A4F8483055
:10A5B0001EE64FF0000851E6C4F86C80D4F87080B5
:10A5C000B8FA88F34FF000095B095B42238684F8F0
:10A5D0001C90A4F8689086E64FF000085448338930
:10A5E00002899A427FF6BCAD3368002B3FF4B8ADC8
:10A5F000FEF7CCFE00283FF4B3ADB8F1000F00F039
:10A600009F81C8F800003146FFF702FDA8E5B4F8C5
:10A610006A100B189BB299427BD89A427BD9A4F856
:10A620006A30E5E513469889B6F80880FDF7D0FA58
:10A6300010F0030018BF0120228D08EB00039BB22D
:10A640009A423B80C0F0FF80626F002A77D0F368A7
:10A650009889FDF7BDFAC207D4F874802CD5B8F1FB
:10A66000000F6BD0D8F8003040466367FEF780FEDD
:10A67000D4F87480F3E7F3689889FDF7A9FA8007A6
:10A6800015D4F3680120B3F80C90FDF7A1FAF36834
:10A6900049EA0000988180B2B6F80890FDF798FA70
:10A6A00010F0030318BF01239944A7F80090404617
:10A6B000D8F80080FEF75CFE3B88B8F1000F00F090
:10A6C0002381D8F80C00D5F800E0B8F80820D0F8BD
:10A6D00004C003EB0E0162448A1A002AC0F2EF8024
:10A6E0008089FDF775FAC307E1D5C4E7B9F1000F1A
:10A6F0000AD0D9F80C305868FDF76EFAE36CC31A2B
:10A70000002BFFF6C7AE638B23F400630A4F63830D
:10A71000C1E64FF6FF739B1AA4F86A30638E1344A8
:10A720009BB29A423FF640AFA4F8483060E500BFC4
:10A73000F44D002028C100207EC100203B882968FC
:10A740001944228D2046D31A23856162FEF786FBC9
:10A7500073681A891AB18B4A136000237360F36817
:10A760009889FDF735FAC20704D5874A137843F074
:10A7700020031370666F002E53D04FF00009DFF8EE
:10A780000482814F1AE0FEF7A9F8C6F80490F36836
:10A790009889FDF71DFAC30708D53B7843F02003DD
:10A7A0003B70237D042B04BF072323753368304699
:10A7B0006367FEF7DDFD666F002E32D0F168626AD6
:10A7C0004B6893422DD12B608889B6F808A0FDF71D
:10A7D000FFF910F0030018BF0120636A9A44504447
:10A7E000F36860629889FDF7F3F9F368B6F808A09A
:10A7F0009889FDF7EDF910F0030018BF0120238DB3
:10A8000050441B1A23852046FEF728FB71680B89EC
:10A81000002BBCD0D8F800000028B4D1C8F8001034
:10A82000B3E7638BD8070AD523F0010343F0020393
:10A83000638361E45548FEF7A9FD606790E443F047
:10A840000103638358E4F3689889FDF7C1F9F3685D
:10A85000B3F80C80C3075AD4238D40463381FDF7EB
:10A86000B7F98007318902D5013989B23181706821
:10A87000FDF76CFFF368B6F808809889FDF7A8F932
:10A8800010F0030318BF012343449BB23B80DBE677
:10A890003E48FEF77BFD00283FF462AC314660671E
:10A8A000FFF7B6FB5CE4B4F84820638E13449BB218
:10A8B0009A4201D94FF6FF73A4F8483056E6ACEB44
:10A8C0000102002A02DBC4F874803AE7F368ACEBBB
:10A8D0000E0CA6F808C09889FDF77AF9810702D511
:10A8E0003389013B338131897068FDF72FFFF368AD
:10A8F000B6F808909889FDF76BF910F0030318BFBC
:10A9000001234B449BB23B8029681944DBE7404656
:10A91000FDF75EF900F03E00FDF75AF928F47C5887
:10A92000F26840EA080393811FFA83F894E7521A09
:10A9300091B2D8F80400A8F80810FDF707FF98E5D1
:10A94000606760E6CB1A99B2A8F80810D8F804003E
:10A95000FDF7FCFE2968C2E5DB689E893046FDF7FD
:10A9600037F900F03E00FDF733F9D8F8003026F44F
:10A970007C56D96840EA06028A81C4E5034EF36832
:10A9800051E600BFBCBF00208FC10020F44D002065
:10A990002DE9F04FAF4C89B0B4F89230AE4E013390
:10A9A000A4F8923043894268132B054632600FD8D1
:10A9B000B4F89A300133A4F89A302846B4F89630A7
:10A9C0000133A4F8963009B0BDE8F04FFDF76ABF37
:10A9D000A24F3968786904F069FDB0B97B6903F06A
:10A9E000F003E02B11D007F1140300930621284651
:10A9F0002A8907F11003FDF76FF9804658B1B4F8C2
:10AA000098300133A4F89830D7E7B4F8A030013378
:10AA1000A4F8A030D1E733689889FDF7D9F8810A06
:10AA200001F0FC011329C3D92B898B42C0D36A8959
:10AA3000DFF854A2DFF85492A1F114039BB28A42CA
:10AA4000C9F80080AAF80030C0F00A82844A28467B
:10AA50001380FDF7DBFED6F80080B8F80000FDF7A4
:10AA6000B7F8A8F80000D6F80080B8F80200FDF7A3
:10AA7000AFF8A8F80200D6F80080D8F80400FDF777
:10AA8000ABF8784BC8F80400D6F800801860D8F806
:10AA90000800FDF7A1F8744BC8F80800D6F800804C
:10AAA0001860B8F80E00FDF793F83368A8F80E00A8
:10AAB0009889FDF78DF86D4B00F03F0A83F800A0F0
:10AAC000C3B204938307B5F808E000F0ED810EF1FE
:10AAD0000103674A1FFA83FBDE450592A2F800B026
:10AAE0003FF666AF634A33681068002800F0A9801B
:10AAF00080460022CDE906A0D7F804C0D7F8109010
:10AB000006E0D8F80C104246002900F09A808846EA
:10AB100098F8080028B19CF83C100131C9B288426D
:10AB2000EFD1B8F818A019888A45EAD1B8F816A06C
:10AB300059888A45E5D1D8F804104945E1D17969A9
:10AB4000D8F800008842DCD1DDE906A0002A00F038
:10AB500007844849C1F80080D8F80C10D160C8F8C3
:10AB60000C000022DFF82891434FC9F80C30434B0A
:10AB7000DFF820B11A80049BC9F800203A608BF8F6
:10AB800000201A07A9F808E0C9F8045003D56B7B28
:10AB900043F001036B73D8F8783083B14046FEF779
:10ABA0004BFF0D3000F0E881D8F8783023B1059BD9
:10ABB0001B88002B40F0E0812C4B93F800A0304D17
:10ABC0001AF00402C5F8008000F09E8198F8143055
:10ABD000022B00F04583234B1A68D8F824309342A7
:10ABE00000F04583D11A00290ADB9B1AB8F8282007
:10ABF000DA4205D4B8F81A3043F00203A8F81A3044
:10AC00009BF80030180740F1D781D8F8903023B175
:10AC10006FF00D01D8F81000984716484146FEF72E
:10AC2000E5FB4046FEF768F80024D9F804002C60E4
:10AC30003C6018B1FDF736FEC9F8044009B0BDE824
:10AC4000F08F104A1068002860D0D7F804E0D7F8D9
:10AC5000109024E0284E002028C10020044E00203F
:10AC60007AC10020F0C000205448002085C1002097
:10AC70007EC1002010C10020BCBF002076C1002092
:10AC800018C1002024C100207CC100202CC100205C
:10AC9000F44D00208FC10020C068002836D0017A12
:10ACA00029B19EF83C200132D2B29142F4D11A88E7
:10ACB000B0F818C09445EFD15A88B0F81680904586
:10ACC000EAD142684A45E7D101687A699142E3D105
:10ACD000049B5F0710D49E0740F11883AC4B1A68A1
:10ACE000436AD11A002904DB018D9B1AD94240F135
:10ACF0009783BBF1000F01D1284664E6438B43F0F4
:10AD00000203438300F0BAFF28465CE6DFF8A49212
:10AD1000D9F80010002900F0CD80884600208A462E
:10AD2000D7F804C0D7F814E006E0D8F80C20404665
:10AD3000002A00F0BF80904698F8081029B19CF8CE
:10AD40003C200132D2B29142EFD1B8F816105A88A5
:10AD50009142EAD1D8F80020724501D0002AE4D10E
:10AD60005146002800F0CA80D8F80C20C9F80080AD
:10AD7000C260C8F80C10049A5107BDD412F0100933
:10AD800040F0F0809007B7D598F81500FEF728FC42
:10AD90008246002800F09082D7E90432044603215D
:10ADA000376844F8042B4360794B3A787F781B6806
:10ADB00042EA0722B8F81670013302830175436234
:10ADC000C362C782FEF7D2FF714B1B68013BCAF812
:10ADD0005430D8F81030CAF85800CAF810306D4B0B
:10ADE000CAF85000CAF84400CAF85C00CAF87C806F
:10ADF0001968C3F800A098F8093003F00C038AF82A
:10AE0000093098F80830CAF80C108AF8083001F0B8
:10AE10006DFA0122604B50461A70FFF725F833682F
:10AE20002046DA894B4662F30F0362F31F43CAF8E8
:10AE30006030BAF8326004F085F8224601463046A8
:10AE4000FEF7A0FF1221AAF83200504600F02EFDB6
:10AE5000002840F04482504600F010FF2846B2E53A
:10AE600014212846FDF7D2FCB5F80A804B4B414629
:10AE70002846BAF800A0A3F80080FDF7C7FC2868B0
:10AE8000AAEB080B43891FFA8BFB5B45FFF490ADDF
:10AE900043685946C9F80030FDF7B8FC2B89434494
:10AEA000A3EB0A032B81D6E53D4BF3460593A3F8AC
:10AEB00000E017E69889FCF78BFE41073FF51CAFD1
:10AEC000059B36681A88324B78681B681A44354BE4
:10AED0001968B4F8A0300133A4F8A030B4F8963063
:10AEE0000133A4F896303388029373882E4CCDE951
:10AEF0000043231D00F004FE284664E5B4F8A620B4
:10AF00000132A4F8A62036E71AF00204B8F81A3085
:10AF100000F0988098F81410023901293FF66CAEC1
:10AF200013F0100340F0E281A8F89A301F4B40461E
:10AF30001B68C8F82030FEF797FF98F814309A1E67
:10AF4000012A3FF65DAE032B40F09F80104B1A683C
:10AF5000D8F82430013B93427FF452AE404600F0D3
:10AF60002DFD4DE60A4A1C880E49126809680294B4
:10AF700060465B885A44B9E7B8F82A30002B00F0E5
:10AF80009381B4F896300A4D0133A4F896304BE61D
:10AF9000F0C0002010C1002090C100207AC1002024
:10AFA0007EC1002054480020144E002020C1002003
:10AFB00018C100201CC10020B34A128872B1D8F811
:10AFC000803033B14146D8F8100098470D303FF437
:10AFD0002BAE0023AC4A13809BF80030D90600F159
:10AFE00067813A68B2B1B8F81A3013F0100340F034
:10AFF0008681D8F88440002C00F0AC814146D8F816
:10B000001000A04710F10D0F3FF40EAE10B13B68D9
:10B01000C8F878309BF800309A0608D5D8F8783010
:10B02000002B00F07F815A7B42F020025A730022ED
:10B030009BF800304046DB062A6000F15D8100F09D
:10B040001DFEF1E5DB06A8F89A4003D48F4B1B6880
:10B05000C8F820304046FEF707FF98F81430023B4E
:10B06000072B3FF6CDADDFE803F010B60498790466
:10B0700054394046FFF728F89BF8003099067FF5D1
:10B08000BFAD072388F81430B4E51AF0100F3FF471
:10B09000B7AD7F4B306819687E4B1B682CB1D8F870
:10B0A000442001328A4200F0C881059A12881A446D
:10B0B0000388029343887848CDE90003774B4046E4
:10B0C00000F0DCFC98F84230052B3FF699AD0023E8
:10B0D0004046A8F8303000F07BFF91E54046FEF78F
:10B0E000F3FF6F4B1B78DC067FF58AAD684BD8F811
:10B0F00050201B689A427FF483ADD8F86C30002B47
:10B100007FF47EAD9BF8003043F010038BF80030E5
:10B1100076E54046FEF7D8FF614B1B78DE067FF5EB
:10B120006FAD5B4BD8F850201B689A427FF468AD36
:10B13000D8F86C30002B7FF463AD4046FEF74CF935
:10B14000584B1B68434500F04C81002B00F02581D3
:10B15000DA68424500F01E811346F6E74046FEF7E6
:10B16000B3FF9BF800309B067FF54AADB8F81A3064
:10B17000404643F00203A8F81A30FEF72DF9494B78
:10B180001B68434500F02D81002B00F00681DA6832
:10B19000424500F0FF801346F6E74046FEF794FF75
:10B1A0003F4B9BF800201B78920603F0100340F100
:10B1B000DE80B8F81A2042F0020233B1344BD8F8DE
:10B1C00050101B68994200F0F7800823A8F81A2055
:10B1D00088F8143014E51AF0100F3FF411AD2C4B21
:10B1E0001968D8F84430DB43CB4200F10781D8F826
:10B1F00050305B1A002BC0F20181042388F8143010
:10B20000D8F87C30002B7DD09B69002B7AD00022AF
:10B210004146D8F8100098470346002840F0EA80DD
:10B220004046FEF751FF184A13880BB1013B1380CB
:10B2300041F21C13B8F832104A009A42144638BF43
:10B240001C46B4EB810F4FEA810040F2CF8083B2FD
:10B25000A8F848309BF8003098067FF5D1AC10E78D
:10B260000B4BD8F850201B689A427FF4C9AC9BF86E
:10B27000003043F008038BF80030B8F81A3023F0A0
:10B280000103A8F81A30BBE476C1002020C10020D9
:10B2900054480020F0C00020144E0020184E00201A
:10B2A00085C1002010C10020404600F095FC68E6F2
:10B2B0004046FEF7F1FEB7E4B4F89C300133A4F841
:10B2C0009C30D8F81830002B3FF416AD01464FF0F3
:10B2D000FF32D8F8100098472846FFF774BB504655
:10B2E0004946FEF7C1F82846FFF76DBB4046A8F86F
:10B2F0009A20FEF7B9FD20E6FEF7CEFE94E4104654
:10B30000FDF7D0FA4046FEF75FF98DE4049BDC07B9
:10B310007FF5EFAC7A4B1B680362BBF1000F3FF483
:10B32000EBACEBE441F2D062B8F82830D8F88440B6
:10B3300093421CBF0133A8F82830002C3FF477AEAD
:10B34000002341461A46D8F81000A0470D307FF47C
:10B350006EAE69E4234620464146FEF717FB51E6F0
:10B36000B4F8A6200132A4F8A620FFF7FABB002B00
:10B370003FF446AC634BD8F850201B689A427FF4E8
:10B380003FACD8F86C30002B7FF43AAC062388F839
:10B39000143035E4D8F80C20DA600A2301215A4A27
:10B3A00088F81430594B11701A68C3F80080C8F837
:10B3B0000C2000F09BFF23E4D8F86C30002B7FF4C6
:10B3C00004AF4046A8F81A20FEF706F8504B1B6859
:10B3D000434506D0002BE0D0DA684245DAD0134668
:10B3E000F8E7D8F80C304A4A1360D6E79A4288BF8B
:10B3F00093B22DE70D333FF417AC83E7059A33681A
:10B400001088444A12680244188802905B884248B7
:10B41000CDE900034046414B00F030FBFFF7F0BBA5
:10B420003D4BCDE9018C0093364B5A4419683B4B98
:10B4300000F024FB2846FFF7C6BAC8F844200022D3
:10B440000424591CC8F82410C8F82C10C189013BE9
:10B4500061F30F0261F31F4288F814404444C8F8B6
:10B4600054302046C8F86020B8F8326003F06AFD16
:10B47000224601463046FEF785FC41F21C1341008E
:10B48000994202460C4638BF1C46B4EB820FA8F81E
:10B4900032004FEA800026D983B2A8F84830B8F8C5
:10B4A0006630D8F87000013BA8F8663010B3036826
:10B4B000C8F87030FDF75CFFD8F87030BBB10023DE
:10B4C00088F84230A8F83030D8F88830002B3FF4A4
:10B4D00091AB00224146D8F8100098470D307FF418
:10B4E00089ABFFF7A1BB994288BF8BB2D5E74FF07C
:10B4F000FF33E7E7D8F86C000368C8F86C30D9E789
:10B5000020C100205448002090C1002024C1002008
:10B5100010C10020F0C00020144E0020184E002062
:10B52000024A137843F01003137070478FC1002054
:10B530002DE9F047074604209DF820A00E464FEA6B
:10B540008A05904699460540FCF754FE00283CD0F9
:10B550000023044680F80AA00360338946605B1B21
:10B56000304614212381FDF729F9064610BB636894
:10B57000F88AD3F804A0AD02C4F80CA0FCF728FBAD
:10B58000AAF80000388BE768FCF722FB7880484671
:10B59000E768FCF721FB05F5A045786048EA05005F
:10B5A000E568FCF715FBE368A8819E74DE7420460D
:10B5B000BDE8F087074A2046B2F8A4300133A2F86C
:10B5C000A430FDF7D5FE0024F1E73046FDF76AF917
:10B5D000F9E700BF284E00202DE9F04304460D4650
:10B5E00090461E4685B0002835D0007A40BB1846EC
:10B5F00003F0A8FC074640B30096434606212846C0
:10B600002A89D5F80490FCF767FBA9F81000E37AC3
:10B61000A47A009406243246184E02970194B6F894
:10B62000904041460134A6F89040284603F028FE99
:10B6300004462846FDF736F9204605B0BDE8F083FC
:10B64000FCF76AFF07460028D6D12846FDF72AF9FD
:10B650006FF00304F0E7184603F074FC0746002877
:10B66000F3D000964346062128462A89D5F804904F
:10B67000FCF732FBFF23A9F81000CAE7284E002090
:10B680002DE9F04FC56E83B0002D00F09A800C4676
:10B69000002900F099802F898F4203D8002003B041
:10B6A000BDE8F08F95F80AA0A7EB01094FEA8A0BD5
:10B6B0001FFA89F90BF0040B0BEB090106464FF456
:10B6C0002072362089B2FCF78BFF804600287ED09E
:10B6D00068682A890389D8F804109B1A23444A46CB
:10B6E0009BB25944FDF7BEF9484561D1EB68988992
:10B6F000FCF76EFA10F0080B5FFA80F952D10123C3
:10B7000009F03F0919F0010F18BF9B46EB6818BFFD
:10B7100009F0FE095868FCF75FFA414623185A46BB
:10B720003046CDF800A0FFF703FF804600284ED03A
:10B730006868FDF7BBF86A68B6F866301189E41BE3
:10B74000A4B21B1A2144104689B2A6F86630FCF751
:10B75000FDFF2B8948461C44EB682C819C89FCF733
:10B7600037FAEB68044368689C81FDF79FF8B6F8E8
:10B7700066300344D8F80400A6F86630FDF796F862
:10B78000B6F8663018442B68A6F86600C8F8003092
:10B79000C5F80080D8F80030002B7FF47FAFA6F802
:10B7A00068307BE709234FF0080B09F03709A9E758
:10B7B0000A4A4046B2F89C300133A2F89C30FDF7AB
:10B7C00071F84FF0FF306AE76FF0050067E7034A52
:10B7D000B2F89C300133A2F89C30F2E7284E0020EA
:10B7E00070B5C36E044682B04BB11D461B68002B7A
:10B7F000FBD1EB689889FCF7EBF943072FD00021C8
:10B800004FF420723620FCF7EBFE0146002833D0BF
:10B810000025E36D012220460095FFF789FE618B2C
:10B82000002837D0E36EC3B11A461B68002BFBD14A
:10B8300010600022E36D41F0200101334068E365B0
:10B840006183A4F86820FDF731F8B4F86630184435
:10B85000A4F86600002002B070BDE066E9E7EB687E
:10B8600001209E89FCF7B4F9638BEA68064343F034
:10B87000200396816383EDE70B4A618BB2F89C301D
:10B8800041F08001013361839BB24FF0FF30A2F899
:10B890009C30E0E7044A41F08001B2F89C306183BB
:10B8A00001339BB2F1E700BF284E0020F0B5C1F391
:10B8B000400704460D4683B001F002064FF42072A3
:10B8C0003620B900FCF78CFE002830D000970146E6
:10B8D0002A462046E36DFFF72BFE40B3E36E23B309
:10B8E0001A461B68002BFBD11060002305F00105F0
:10B8F000A4F868309EB935B1E36D0133E365638B1D
:10B9000043F0200363834068FCF7D0FF0346002028
:10B91000B4F866201344A4F8663003B0F0BDE36DBC
:10B920000133E365002DEED0E9E7E066DDE7074A85
:10B93000618BB2F89C3041F0800101339BB261838E
:10B940004FF0FF30A2F89C30E7E700BF284E002000
:10B95000026F7AB3F8B514460646D4E900539B7BD0
:10B960003DB1012B23D12C46D4E900539B7B002D04
:10B97000F7D1012B1BD1F36E2360738BF26643F476
:10B9800000637383E36835675868FCF725F9E3685B
:10B99000278904469889FCF71BF910F0030318BFA8
:10B9A00001233C44234428467563F364F8BD6FF0DB
:10B9B0000500F8BD6FF00500704700BFF8B5066FD1
:10B9C00056B373689B7B012B26D13268C36E074642
:10B9D000026700F16C051BB90FE01D461B6863B1DF
:10B9E000DB685868FCF7F8F8F36804465868FCF719
:10B9F000F3F8241A002C2B68EFDB33602E603368D9
:10BA00006BB197F84230FF2B1CBF013387F84230EF
:10BA1000002318467B63F8BD6FF00500F8BDA7F85A
:10BA20006830EEE7036F43B3438B10B55B07044602
:10BA300000D510BDFFF7C2FF0028FAD1B4F860109E
:10BA4000B4F848304FF0000C994228BF1946628E76
:10BA50004B085000B0EB510F618BA4F84A30024400
:10BA600084BF83B2A4F84A30134441F00402A4F81E
:10BA700048306283A4F830C010BD70472DE9F04F04
:10BA8000064681B0084690461F46DDF828A0BDF85E
:10BA90002C40BDF830B0FCF79FF84FF4207281467F
:10BAA00014212220FCF79CFD38B3054620466C6823
:10BAB000FCF78EF820805846FCF78AF8C4F804900A
:10BAC00060804046FCF788F8A06045F21400FCF75F
:10BAD0007FF8A0814DF21600FCF77AF82946E08144
:10BAE000002553463A46304625746574A574E574BE
:10BAF00001B0BDE8F04FFFF76FBD01B0BDE8F08FBA
:10BB00002DE9F04F85B0DDF83880BDF83CA0BDF8D8
:10BB1000409000285BD00446084617461E46FCF7B6
:10BB20005BF84FF42072834614212220FCF758FD65
:10BB3000054600284BD05046D5F804A0FCF748F83D
:10BB4000AAF800004846FCF743F8CAF804B0AAF87F
:10BB500002003846FCF740F8CAF8080045F2140025
:10BB6000FCF736F8AAF80C004DF21600FCF730F896
:10BB700000272A89D5F80490AAF80E0033468AF8DF
:10BB800010708AF811708AF812708AF81370062102
:10BB90002846CDF80080FCF79FF84FF0060C3146A0
:10BBA0000C4EA9F8100002940097B6F89040424657
:10BBB0000134A6F89040FF232846CDF804C003F0D6
:10BBC0005FFB284605B0BDE8F04FFCF76BBE05B043
:10BBD000BDE8F08F284E00202DE9F0470446006DA7
:10BBE000FBF7FAFF4FF42072074614212220D4F805
:10BBF0002490E58AB4F818A0B4F82A80FCF7F0FC89
:10BC0000A0B3064628467568FBF7E2FF2880504639
:10BC1000FBF7DEFF6F6068804846FBF7DDFF0346F9
:10BC200045F21000AB60FBF7D3FFA8814046FBF75D
:10BC3000CFFF0023E8812B74608D6B74AB74EB74C1
:10BC4000636A31460344E3622246231D2046FFF720
:10BC5000C3FC638B28B923F003039BB26383BDE865
:10BC6000F08743F003036383BDE8F087638B6FF0D5
:10BC7000010043F003036383BDE8F087AD4B1B680D
:10BC8000834200F096812DE9F04FC56E044687B0DF
:10BC900085B3B0F84870B0F8606000F10408007A2D
:10BCA000002840F07681404603F04CF902460590AA
:10BCB000002A00F0808123680BB953682360EB6889
:10BCC000B742586828BF3746FBF786FF2B89626C5E
:10BCD0009B1A0344BB4217D9B4F86030BB4200F052
:10BCE0004681628B910708D5204607B0BDE8F04F2A
:10BCF000FFF772BF428B9507F7D4002022F0800235
:10BD0000628307B0BDE8F08F0023226F84F899307A
:10BD1000002A00F03C8192461268002AFBD1464678
:10BD2000DFF81892EB685868FBF756FF636CC01A8F
:10BD30002B891844B84200F23181EB689889FBF7EF
:10BD400047FF236F5BB1628B12F0440F07D1E06EA7
:10BD5000002800F0D8800368002B00F0CF80237DFE
:10BD6000D5F80CB0022B0AD01020BBF80CB0FBF7B2
:10BD70002FFF4BEA0000D5F80CB0ABF80C006B6855
:10BD80009B7B012B51D1606AFBF726FFCBF80800A3
:10BD9000608DD5F80CB0FBF71BFF628D636AABF8C2
:10BDA0000E001344E362AB7AD5F80CB0DA0700F169
:10BDB0009280B4F93030002BBCBF00232386636B24
:10BDC000002B7DD04FF0000C686823464168028943
:10BDD000ABEB0101B0F80AE089B2521A92B2AEEBB5
:10BDE000010102814181C0F804B006218BF810C026
:10BDF0008BF811C00096FBF76FFF0622B9F8903060
:10BE0000ABF810000133A9F89030059B6868CDE9C4
:10BE10000123A37A324600932146E37A03F030FAF5
:10BE2000002840F0C180D5F80CB02B68E366237D74
:10BE3000022B03D0638B23F003036383DBF804003E
:10BE4000FBF7CAFEEA6883469089B5F80880FBF7DD
:10BE5000BFFE10F0030318BF0123226DC3445B44EF
:10BE6000D21A002AB8BF2365EB68B5F808B09889E4
:10BE7000FBF7AEFE830702D1BBF1000F3AD00022E0
:10BE8000236F2A60D3B1EB685868FBF7A5FEDAF898
:10BE90000C3083465868FBF79FFEABEB000BBBF101
:10BEA000000F42DBCAF80050AA46E56E002D7FF471
:10BEB00039AF628B0023A4F868301EE72567F3E7EB
:10BEC0001D4B1B686363DBF80400FBF785FED5F8A8
:10BED0000CB0A06376E73246059940F2B450FDF706
:10BEE00051FF40F00170FBF777FECBF81400D5F856
:10BEF0000CB05EE72846FDF73BFAD6E70189638E72
:10BF00009942BFF42CAFB4F86430002B3FF427AF54
:10BF1000B4F86630072B3FF622AF12F0A00F7FF483
:10BF20001EAF00287FF4E9AEC4E7236F04F1700868
:10BF30004BB918E018C1002020C10020284E002075
:10BF400098461B687BB1DB685868FBF745FEEB68D9
:10BF500083465868FBF740FEABEB000BBBF1000FCC
:10BF6000D8F80030ECDB2B60C8F800509DE7236F59
:10BF7000002B7FF4B6AE94F89930002B7FF4B1AE6D
:10BF80004FF4807284F89A30A4F89820A9E692467B
:10BF9000C5E6FCF7C1FA0246059089E6E06E628BC1
:10BFA00000287FF4AAAE85E7638B43F080036383A8
:10BFB000A7E6002070476FF00300A2E690F8423039
:10BFC000FF2B1CBF013380F84230FFF757BE00BF84
:10BFD000026F002A38D0F8B515460446D5E900634B
:10BFE0009B7B46B1012B00D0F8BD3546D5E90063F7
:10BFF0009B7B002EF6D1012BF6D1E36E2B60638B79
:10C00000E26643F400636383EB6826675868FBF7D6
:10C01000E3FDEB682F8905469889FBF7D9FD10F001
:10C02000030318BF012394F842203D44FF2A18BFA0
:10C0300001322B4418BF84F8422020466663E36433
:10C04000BDE8F840FFF71ABE704700BF2DE9F04782
:10C050000446006D0138FBF7BFFD4FF42072074620
:10C0600014212220D4F82490E58AB4F818A0B4F85A
:10C070002A80FCF7B5FA48B3064628467568FBF7F0
:10C08000A7FD28805046FBF7A3FD6F6068804846F7
:10C09000FBF7A2FD034645F21000AB60FBF798FDED
:10C0A000A8814046FBF794FD0023E8812B74608D46
:10C0B0006B74AB74EB74636A31460344E3622246EB
:10C0C0002046231DBDE8F047FFF786BA4FF0FF304A
:10C0D000BDE8F0872DE9F04FC56E83B0002D00F06C
:10C0E000888090F89A300446FF2B1CBF013380F8FB
:10C0F0009A30EB689889FBF76BFD10F001065FD171
:10C100001521EB684FF42072D3F80490636A222063
:10C11000B4F816B0B4F818A0B4F82A800193FCF76C
:10C120005FFA074600285FD05846D7F804B0FBF7FF
:10C130004FFDABF800005046FBF74AFDCBF80490EA
:10C14000ABF802000198FBF747FDCBF8080045F279
:10C150001000FBF73DFDABF80C004046FBF738FD47
:10C160000023618D626AD7F804800A44ABF80E00A0
:10C170008BF810308BF811308BF812308BF81330AD
:10C18000E26236B31120B8F80C60FBF721FD26F40B
:10C190007C56B6B23043A8F80C00EB685868FBF741
:10C1A0001BFD236D01301B1A002BB8BF20652246F2
:10C1B00039462046231D03B0BDE8F04FFFF70CBA07
:10C1C0002989B1FA81F6003918BF012176091431A5
:10C1D00097E768682A89038908F114019B1A9BB2C2
:10C1E0000122FCF73FFCD8E74FF0FF3003B0BDE879
:10C1F000F08F284603B0BDE8F08F00BF10B5FDF703
:10C20000E1FC134B1B68DBB103F026FE044607205C
:10C21000FA34FBF7EFFF90B100220E4B0E49C0E954
:10C2200001430B680260C2601BB907E019461B6836
:10C230001BB15A68A21A002AF8DA0360086010BD20
:10C24000064B1B68002BDFD1054A136010BD00BFF1
:10C2500010C10020FDC10010FCB8002024C1002046
:10C2600030C1002070B505464368984703F0F4FDDF
:10C270001B4B29681C680C44221AD60F19D00346A0
:10C280000720CC18FBF7B6FF90B10022154B1649DA
:10C29000C0E902350B68C0E900241BB907E0194664
:10C2A0001B681BB15A68A21A002AF8DA03600860FA
:10C2B00070BD0720FBF79EFF0028F9D0094B0A4903
:10C2C000C0E902350B68C0E9006423B9EFE71946FD
:10C2D0001B68002BEAD05A68A21A002AF7DAE5E7B1
:10C2E0009049002065C20010FCB80020154B1A6868
:10C2F00002B17047144A1268F2B1012210B51A60F7
:10C3000003F0AAFD04460720FA34FBF773FF90B14F
:10C3100000220E4B0E49C0E901430B680260C26067
:10C320001BB907E019461B681BB15A68A21A002AFC
:10C33000F8DA0360086010BD064A1268002ADCD1F2
:10C34000704700BF30C1002010C10020FDC10010A7
:10C35000FCB8002024C100202DE9F041DFF85C800A
:10C36000144E154C08F1280558F8087F03F074FDA9
:10C37000034607201F44FBF73DFF60B100222368FE
:10C38000C0E90268C0E9002723B15A68BA1A002A36
:10C3900009DA036020604545E6D1BDE8F0815A68BE
:10C3A000BA1A002A03DB19461B68002BF7D1036079
:10C3B0000860F0E765C20010FCB800204C0C0110CA
:10C3C0002DE9F84303F048FD114E0546114C124F7C
:10C3D00010E02168B1B14B68EA1A002A12DBD1E9FA
:10C3E00002890A6807203B602260FBF729FFB8F149
:10C3F000000F09D13378002BEBD0FCF7D7F8216878
:10C400000029E8D1BDE8F8834846C047F2E700BFFD
:10C410008EC10020FCB8002090490020704700BF6A
:10C420002DE9F04FA34E87B0B6F87A300133A6F865
:10C430007A304389072B40F2BF80DFF88882D0F83A
:10C44000049005468A46D8F81400D8F8001003F086
:10C450002DF803900446B9F80000FBF7B9FB074636
:10C46000B9F80200FBF7B4FB934BD3F800B00346D6
:10C47000D8F81400BBF1000F00F0C480D8F81010F9
:10C480002246D8F804C00291002C46D0421C4FF03E
:10C49000000400F0BF80DE462246CDE9045B05E0E3
:10C4A000DEF80C107246002965D08E46BEF81210D8
:10C4B0009942F5D19EF808B0BBF1000F05D09CF869
:10C4C0003C100131C9B28B45EAD1DEF8001031B120
:10C4D00080EA010BDAF808101BEA010FE0D19EF8A0
:10C4E00010104D0702D4002C08BF7446BEF814107B
:10C4F000B942D5D1DEF8041011B1029D8D42CFD1E1
:10C500007446DDE9045B002A00F0CE806A4B1C60B3
:10C51000E368D360C4F80CB030E05946CDF814B0ED
:10C520000495834603E0C8680A4618B30146488A62
:10C530009842F8D1087A38B19CF83CE00EF1010E2F
:10C540005FFA8EFE7045EED1086808B15845EAD111
:10C55000087C400702D4002C08BF0C46888AB842E9
:10C56000E1D1486810B1029D8542DCD10C46DDE97D
:10C57000045BC8E75846049D002C43D0B9F8063048
:10C580004BB14E4B1121009328462A89043BFBF7FF
:10C59000A3FB002870D108212846FCF737F960BBBF
:10C5A000CCB1A669A6B3E0692A462146444B009760
:10C5B000B04707B0BDE8F08FB6F88220B6F87E30FD
:10C5C00001320133A6F88220A6F87E3007B0BDE81C
:10C5D000F04FFCF767B9039B2BB9D8F8143003F080
:10C5E000F003E02B52D1B6F88820B6F87E30013245
:10C5F00028460133A6F88820E6E7B6F87E302846BC
:10C600000133E1E7DAF80430834201D10024B5E7D1
:10C610002846DBE75946CDF814B0224683460495F8
:10C6200004E0C8680A460028A4D00146488A984217
:10C63000F7D191F808E0BEF1000F05D09CF83C005E
:10C640000130C0B28645ECD1087C400709D44CB318
:10C65000DAF804002568854203D00D68A84208BFB7
:10C660000C46888AB842DCD1486800283FF47EAF87
:10C67000029DA842D5D179E7B6F88020B6F87E3081
:10C68000013228460133A6F880209DE7B8F80C1047
:10C690002846083109B2FCF7D3F80321284602F0F6
:10C6A000B9FBA0E70C46DCE7B6F88E300133A6F8FC
:10C6B0008E3063E7284E002058C10020184E00201D
:10C6C000144E0020044E0020394B2DE9F041002982
:10C6D00014BF0C461C46002864D0364F3E68002E1E
:10C6E00032D0314601E0C96811B18842FBD1012145
:10C6F000002A31D02568334615B91CE0DB688BB1C0
:10C700009842FBD0B3F812C09445F7D11C68AC42F4
:10C7100001D0002CF2D16FF00700BDE8F081256850
:10C72000AEF800200560428291B10020BDE8F081A2
:10C73000DB68002BF6D09842FAD05C8A9442EAD0AB
:10C74000DB68002BF7D1EDE72AB123684282036052
:10C75000C6603860E9E731464FF6FF72DFF858E00F
:10C76000BEF80030934216BF01334FF440429AB2F4
:10C77000002ED4D04FF480454FF6FF78334602E0C8
:10C78000DB68002BCBD0B3F812C09445F8D1013D43
:10C79000ADB255B1424502D0013292B2EEE74FF44C
:10C7A0004042EBE76FF00F00C0E7AEF80020B2E7C1
:10C7B000800C011058C10020B61600202DE9F04F62
:10C7C00085B0DDE90EBA002872D00D4600296FD081
:10C7D0009046002A6CD0BAF1000F69D0BBF1000F6F
:10C7E00066D0428A99460446002A48D04FF6F7732D
:10C7F0002A899A425FD808212846FBF7DFFF78BBD9
:10C800002E46608A7768FBF7E3F938804846FBF7E5
:10C81000DFF9002378803089BB71FB71FBF7D8F911
:10C82000B880237CDB0734D51123CDF808B0019301
:10C83000A37A4246009351463046E37A02F0AAFDBD
:10C84000AE42074602D03046FCF72CF81B4AB2F83D
:10C8500078300133A2F87830384605B0BDE8F08F63
:10C860004FF4207208212220FBF7BAFE064610B3CF
:10C870002B89002BC5D02946FCF744F8C1E70146B7
:10C88000FFF722FF07460028B0D0384605B0BDE8C4
:10C89000F08F5346328911213046CDF80080FBF7E6
:10C8A0001BFA4FF6FF73002818BF0346FB80BBE757
:10C8B0006FF00F07D0E74FF0FF37CDE7284E00208D
:10C8C00070B582B0069CA8B1A1B19AB194B10568C7
:10C8D00035B9251DCDE90045FFF770FF02B070BDE9
:10C8E00005F0F00CBCF1E00FF3D06668B54204D15E
:10C8F0000546EFE76FF00F00F0E76FF00300EDE79C
:10C9000028B370B50D46F9B11646428A0446AAB15D
:10C910002A681049237C62600A6843F00403237488
:10C92000A682134612B905E0DB681BB19C42FBD11D
:10C93000002070BD0020E2600C60FAE70146FFF7BE
:10C94000C3FE0028E4D070BD6FF00F0070BD6FF023
:10C950000F00704758C1002008B1C0E906127047A7
:10C96000014698B10A4A136883420AD033B11A4685
:10C97000DB681BB18B42FAD1CB68D3600120FBF797
:10C980005FBCC36801201360FBF75ABC704700BF4F
:10C9900058C1002010B50120FBF72CFC044628B13B
:10C9A0002022002103F068FCFF23E372204610BD23
:10C9B00088B102687AB171B10B6863B10A4B1B6828
:10C9C0004BB110B41C68944206D0DB68002BF9D13F
:10C9D0005DF8044B704770470A681A60DB68002BEB
:10C9E000F6D00268EEE700BF58C100202DE9F843F9
:10C9F000002869D00E46002966D0054617464FF438
:10CA00009A714FF4207236209946FBF7E9FD804673
:10CA1000002859D0032F44683CD0324AB1791368BA
:10CA200000295AD04FF49A7200213360204603F057
:10CA300023FC40F20113238095F83830A37030684E
:10CA4000FBF7CAF84FF4C873FB40DB07606038D4CB
:10CA5000032F32D0D5F832306FF07D02E361EB8ED8
:10CA600053212384632384F8EC3084F8EF3040F2C0
:10CA7000351384F8F27084F8EE1084F8ED20A4F8F1
:10CA8000F030B9F1000F02D00323A9F8003040467E
:10CA9000BDE8F8837379032B1BD04FF49A72002101
:10CAA000204603F0E9FB40F20113238095F838306B
:10CAB000A3703068FBF790F860607379043B012B3A
:10CAC000C8D86B68E360C5E74FF000084046BDE892
:10CAD000F883044AB179136811B901331360A1E7EF
:10CAE0003360DAE7B8160020002800F08D80816AF4
:10CAF000002900F08980002210B58B6A82B05C1C8E
:10CB00004A8207D01E33B3F5701F68D23B2B70D812
:10CB100001238B82CB6A5A1C24D01E33B3F5701FBD
:10CB200049D34FF6FF720B6B4A815C1CCA8167D0F8
:10CB30001E33B3F5701F71D23B2B91BF0123394ACD
:10CB4000A2FB0323C3F34F138B810B8200234B8182
:10CB5000CB79DB071CD491F91C300A7F002B54DB06
:10CB6000FF2316E00A6B4B89541C32D01E32B2F5FB
:10CB7000701F3BD23B2A4FD92A4CA4FB0242C2F37E
:10CB80004F1293428A810A82E0D2CB79DB07E2D549
:10CB90000B6A4A7900934B6A0A2A019304D00A224D
:10CBA0000023A1F805200B816A4601AB1C31FBF77D
:10CBB0000BFC02B010BD3B2B92BF0123194AA2FB14
:10CBC00003230A6B88BFC3F34F13541C4B81CB81E3
:10CBD000CCD18A899A42D8D8002AD6D0B6E74FF667
:10CBE000FF738B82CB6A5A1C97D1BBE74FF6FF725B
:10CBF000C7E7A2F17732A2FB0323C3F34F13F0E799
:10CC00008A89002AC1D0A1E77047BF2A4FF6FF7377
:10CC100088BF6FF07F43BCE70122B2E78A810A82B6
:10CC200094E700BF8988888838B500231E4D0446E4
:10CC3000EA78C0E9083312B11C4BDB6883622B79B8
:10CC4000002B2ED0194B1B696A79E3626AB1174B2E
:10CC50005B6923630A69AB79E26183B9E37903F025
:10CC6000FE03E371EB79B3B938BDA36AC3EBC30329
:10CC7000DB0823630A69AB79E261002BEED00B4B32
:10CC80009869FAF7A9FFE379206243F00103E371A1
:10CC9000EB79002BE8D0054BD869FAF79DFF60626D
:10CCA00038BDA36A5B08CFE7C0490020C84900200F
:10CCB0002DE9F04F866A804673798BB0032B04D040
:10CCC00003220023A6F80520338103223146404683
:10CCD0000DF12603FFF78AFE0746002800F08B803F
:10CCE00039234FF0020C4568042240203221BDF860
:10CCF0002640F0352B55631C9BB205F803C004EBAE
:10CD00000C039BB205F803C0E31C9BB2E854A318C4
:10CD10009BB2E954631D9BB2EA54F069FAF75CFFD9
:10CD20000346E21D92B2029204F1080291B204F1AC
:10CD3000090290B204F10A02039191B204F10B02CC
:10CD4000049090B204F10F0292B204F106091FFAA6
:10CD500089F907924FEA136B029A05F809B04FEA76
:10CD6000134905F80290039A4FEA132905F8029037
:10CD7000049A4FF0030AAB544FF037020591059B1C
:10CD80000690EA54069B04F10C0005F803A04FF04E
:10CD9000010380B22B544FF01C0304F10D0E04F17B
:10CDA0000E0C1FFA8EFE1FFA8CFC05F80EA005F87B
:10CDB0000C304FF0FF3304F11001079A89B2432978
:10CDC000AB5407D8C4F13402681892B2002103F0C2
:10CDD00053FA4421F031384689B2FBF7B7FC144AC4
:10CDE000432310683946134ACDF80080FFF768FDE9
:10CDF0003846FBF757FDB379FF2B14D00133DBB274
:10CE0000092BB3710FD8C3EB431203EB8203DB0092
:10CE1000094A03F2F3139BB2A2FB03235B0933819C
:10CE20000BB0BDE8F08F142333810BB0BDE8F08F59
:10CE3000BC4900207C0C0110D34D621000232DE969
:10CE4000F04F846A89B062790646062AE36103D00E
:10CE500006222381A4F805200122214630460DF147
:10CE60001E03FFF7C3FD0546002865D0392143683E
:10CE700002204FF00309BDF81E20F0339954511CD5
:10CE800089B25854B6F830A002EB00081FFA88F8AF
:10CE90004FEA1A2B03F808B04FF0370802EB0901EC
:10CEA00089B20291111D88B2511D8FB202F10901A0
:10CEB00089B205910299039003F801A003990497A0
:10CEC00003F801800499971D03F801904FF00101C8
:10CED000BFB2D9554FF01C0102F1070E02F1080C48
:10CEE0001FFA8EFE1FFA8CFC03F80E9003F80C104C
:10CEF0004FF0FF3102F10A00059F80B24328D95557
:10CF000007D8C2F13A020021184492B203F0B4F9F2
:10CF1000442000F1F00189B22846FBF717FC144BBE
:10CF200014491868144ACDE9006143232946FFF7E4
:10CF300045FC2846FBF7B6FCA379FF2B12D0013342
:10CF4000DAB2052AA2710DD84FF47A7393400B49D7
:10CF500003F2F3139BB2A1FB03135B09238109B016
:10CF6000BDE8F08F7823238109B0BDE8F08F00BFC2
:10CF7000BC490020800C01107C0C0110D34D6210C4
:10CF8000002800F0ED802DE9F04F866A07468BB04F
:10CF9000002E00F0E0807379012B04D001220023E1
:10CFA000A6F8052033810322314638460DF12603C9
:10CFB000FFF71CFD8246002800F0BA8039230222C8
:10CFC0004FF004084FF0320C4568BDF82640F035AC
:10CFD0002B55631C9BB2EA54B7F830E0A018E11C53
:10CFE00004EB0802631D4FEA1E2989B292B29BB27C
:10CFF00080B205F8009005F801E005F802C005F8D8
:10D000000380F069FAF7E8FD04F106094FEA106BB6
:10D010001FFA89F904F1070E05F809B01FFA8EFE10
:10D020004FEA104904F1080C04F1090105F80E90CB
:10D030001FFA8CFC4FEA102E89B205F80CE06854F8
:10D040004FF0360104F10A0204F10B0392B29BB2D5
:10D05000A95405F80380B069FAF7BEFD04F10D0389
:10D060001FFA83FB04F10E039BB2039304F10F0339
:10D0700099B204F110039BB2059304F1140204F178
:10D08000110304F10C081FFA88F8049199B293B2C5
:10D09000020E05F808204FEA1048039A05F80B80A5
:10D0A0004FEA102805F80280049A4FF00309A854AB
:10D0B0004FF03700059A0691A854069A04F1120E13
:10D0C00005F802904FF001021FFA8EFE05F80E20BF
:10D0D0004FF01C020793079804F1130C1FFA8CFC05
:10D0E00005F80C902A544FF0FF3204F1160189B272
:10D0F00004F115039BB24329EA5407D8C4F12E0268
:10D10000681892B2002103F0B7F84421F03150467C
:10D1100089B2FBF71BFB134B13491868134ACDE97F
:10D12000007143235146FFF749FB5046FBF7BAFB1A
:10D13000B379FF2B12D00133DAB2052AB2710DD8C0
:10D140004FF47A7393400A4903F2F3139BB2A1FBA5
:10D1500003135B0933810BB0BDE8F08F7823F9E747
:10D16000704700BFBC490020800C01107C0C0110EE
:10D17000D34D62108E4B2DE9F04F5D681446AE6AB8
:10D1800087B0002E00F0A0803379002B00F09C8047
:10D1900053892B2B40F2988053681A78022A40F06A
:10D1A000938095F838205AB3187F95F8321088424A
:10D1B00040F08A80012A23D095F83300597F8842B5
:10D1C00040F08280022A1BD095F83400997F884273
:10D1D0007AD1032A14D095F83500D97F884273D1CB
:10D1E000042A0DD095F8360093F8201088426BD1B0
:10D1F000052A05D095F8371093F82120914263D184
:10D200005868FAF7E9FC336898425DD10022DFF8EC
:10D21000A8A1CAE9002263892B2B55D99046414623
:10D22000B4F808B0F022D846A94637468B46009499
:10D23000154606E024688DB21FFA83F8002C42D010
:10D2400063899D42A5EB0301A8EB0303F2D2454598
:10D25000666880F0FD80F02A40F09E81CDF80C9049
:10D26000725DFF2A00F0F280AB1C9BB29D422AD86F
:10D270006189681C814240F3DC8006EB050C9CF858
:10D2800001903B2A26D8DFE802F03D992583252529
:10D29000252525252525252525252525252525253E
:10D2A000252525252525252525252525252525252E
:10D2B0002525252525252525252525252576B6A7BA
:10D2C000C5252525693F009C204607B0BDE8F04FE5
:10D2D000FBF7E8BA4FF6FD724D449542F3DC4B4440
:10D2E0009BB21D468D42C0F0AE806D1AA8EB0101C5
:10D2F000ADB21FFA81F84545E5D22468002CE2D092
:10D300006668ADE785B2EDE7B9F1040FDBD14FF602
:10D31000F9729542D7D805204A460635ADB201903C
:10D320000020059001981AF800000028DAD1204664
:10D3300005A90292FBF796FB029A9042C3D1B9F17C
:10D34000040F00F025819DF814000122019B6189E2
:10D350000AF80320174A42F82300C3E7B9F1040F83
:10D36000B1D14FF6F9729542ADD806354A46ADB205
:10D37000CDF80490D4E7B9F1040FA4D14FF6F972B7
:10D380009542A0D8032006354A46ADB20190C7E7C2
:10D39000B9F1030F97D94FF6FD724D44954292DCD7
:10D3A0000422072009EB0305ADB291460190B7E7CF
:10D3B000044E0020C8490020C0490020B9F1040FE4
:10D3C00081D14FF6F97295423FF67DAF06200635C2
:10D3D0004A46ADB20190A3E7B9F1010F7FF473AFF4
:10D3E0004FF6FE7290423FF46EAF03354A46ADB23F
:10D3F000CDF8049094E7B9F1010F7FF464AF4FF6D4
:10D40000FE7290423FF45FAF002003354A46ADB252
:10D41000019085E7B9F1040F7FF455AF4FF6F9722B
:10D4200095423FF650AF022006354A46ADB2019014
:10D4300076E7D4F800C0BCF1000F2AD0DCF804C0B5
:10D440009CF800901DE74545FFF40AAFDDF80C900D
:10D450009AF8003053B100238AF80030DA4B1B6889
:10D46000012B12D0022B05D0032B0CD0BBF1000FE7
:10D4700000F048824FF0000B4FF06C082C22009B0C
:10D48000009C5B89D4E64FF0010B4FF0EC086C2256
:10D49000F5E73B2A3FF625AF01A555F822F000BF7E
:10D4A00005D30010C7D20010E3D20010C7D200107D
:10D4B000E3D20010E3D20010E3D20010E3D2001058
:10D4C000E3D20010E3D20010E3D20010E3D2001048
:10D4D000E3D20010E3D20010E3D20010E3D2001038
:10D4E000E3D20010E3D20010E3D20010E3D2001028
:10D4F000E3D20010E3D20010E3D20010E3D2001018
:10D50000E3D20010E3D20010E3D20010E3D2001007
:10D51000E3D20010E3D20010E3D20010E3D20010F7
:10D52000E3D20010E3D20010E3D20010E3D20010E7
:10D53000E3D20010E3D20010E3D20010E3D20010D7
:10D54000E3D20010E3D20010E3D20010E3D20010C7
:10D55000E3D20010E3D20010E3D20010E3D20010B7
:10D56000E3D20010E3D20010E3D20010C7D20010C3
:10D57000C7D20010C7D20010C7D20010E3D20010EB
:10D58000E3D20010E3D20010C7D20010C7D20010BF
:10D590000598FAF721FBD8E6CDE90197725DFF2ADD
:10D5A00000F02E81AB1C9BB2AB42FFF48CAE6089C5
:10D5B000691C814280F21C8177197F783B2A7BD8D5
:10D5C0000FF2040C5CF822F0CDD70010ADD700109C
:10D5D000B9D60010D1D70010B9D60010B9D60010B6
:10D5E000B9D60010B9D60010B9D60010B9D60010BF
:10D5F000B9D60010B9D60010B9D60010B9D60010AF
:10D60000B9D60010B9D60010B9D60010B9D600109E
:10D61000B9D60010B9D60010B9D60010B9D600108E
:10D62000B9D60010B9D60010B9D60010B9D600107E
:10D63000B9D60010B9D60010B9D60010B9D600106E
:10D64000B9D60010B9D60010B9D60010B9D600105E
:10D65000B9D60010B9D60010B9D60010B9D600104E
:10D66000B9D60010B9D60010B9D60010B9D600103E
:10D67000B9D60010B9D60010B9D60010B9D600102E
:10D68000B9D60010B9D60010B9D60010B9D600101E
:10D69000B9D6001041D70010C7D2001079D70010BA
:10D6A0005DD70010B9D60010B9D60010B9D6001059
:10D6B00093D70010EFD600104FF6FD723D4495420F
:10D6C0003FF701AE3B449BB21D468542C0F09580BA
:10D6D0002D1AA8EB0000ADB21FFA80F84545BFF443
:10D6E000F2AD2468002C3FF4EEAD666856E7042FD7
:10D6F0007FF4E9AD4FF6F97295423FF6E4AD3A4654
:10D700004FF005090635ADB2002105911AF8091050
:10D710000029DAD1204605A90392FBF7A3F9039A61
:10D7200090427FF4D0AD042F00F058819DF8140092
:10D7300001220AF80920244A42F829006089C4E736
:10D74000042F7FF4C0AD4FF6F97295423FF6BBADA2
:10D7500006353A464FF00309ADB2D5E7042F7FF402
:10D76000B2AD4FF6F97295423FF6ADAD06353A4689
:10D770004FF00209ADB2C7E7012F7FF4A4AD4FF619
:10D78000FE7291423FF49FAD03353A46B946ADB2C1
:10D79000BAE7042F7FF497AD4FF6F97295423FF642
:10D7A00092AD06353A46B946ADB2ADE7042F7FF4E7
:10D7B0008AAD4FF6F97295423FF685AD06353A4689
:10D7C0004FF00609ADB29FE7C84900208DB27CE753
:10D7D000032F7FF678AD4FF6FD723D4495423FF73B
:10D7E00072AD0422FD184FF007091746ADB28BE762
:10D7F000276847B17F683F78E0E64545FFF4CEAE45
:10D80000DDE9019724E63B2A3FF65EAF01A555F816
:10D8100022F000BFCDD70010C7D20010C9D600102B
:10D82000C7D20010C9D60010C9D60010C9D6001042
:10D83000C9D60010C9D60010C9D60010C9D600102C
:10D84000C9D60010C9D60010C9D60010C9D600101C
:10D85000C9D60010C9D60010C9D60010C9D600100C
:10D86000C9D60010C9D60010C9D60010C9D60010FC
:10D87000C9D60010C9D60010C9D60010C9D60010EC
:10D88000C9D60010C9D60010C9D60010C9D60010DC
:10D89000C9D60010C9D60010C9D60010C9D60010CC
:10D8A000C9D60010C9D60010C9D60010C9D60010BC
:10D8B000C9D60010C9D60010C9D60010C9D60010AC
:10D8C000C9D60010C9D60010C9D60010C9D600109C
:10D8D000C9D60010C9D60010C9D60010C9D600108C
:10D8E000C7D20010C7D20010C7D20010C7D2001094
:10D8F000C9D60010C9D60010C9D60010C7D2001072
:10D90000C7D200109AF801304D463E46D846009CDA
:10D91000002B3FF4D9AC334A67681379052B1BD031
:10D92000062B2AD0022B7FF4CFAC7379062B7FF421
:10D93000CBAC9AF80230002B3FF4C6ACAE6A9068CC
:10D94000A6F80880FAF748F90346B3613B69284610
:10D95000F361FFF715FBB7E4737903F0FD02012AC9
:10D9600025D0043B012B3FF6AFAC3946A86AFFF740
:10D970005BF92846FFF7B8F8A6E47379DA1E022AA5
:10D9800002D9012B7FF4A0ACAB6A5A790C2A04D0DF
:10D990000C210022A3F805101A81134B28461A46C1
:10D9A0001946FAF711FD2846FFF748FA8CE4394684
:10D9B000A86AFFF739F995F839301B07D9D5A96A54
:10D9C0004B79082B04D00823A1F80880A1F8053072
:10D9D000CA692846343102F07BFA75E40598FAF7F3
:10D9E000FBF8A5E6C8490020800C01102DE9F0479E
:10D9F0000129064684B073D0022906D0002978D1C7
:10DA000004B0BDE8F047FFF76FB83B4B1A46194624
:10DA1000FAF7DAFCD6F8288098F805300C2B05D0F8
:10DA20000C220023A8F80520A8F80830042241465B
:10DA300030460DF10E03FEF7D9FF0746002858D0F7
:10DA4000322304224568BDF80E40F0352B55631C87
:10DA50009BB2EA54D8F81C00FAF7BEF84FF0FF0961
:10DA600004F102081FFA88F804F1030EE11D4FEAE1
:10DA7000106A05F808A01FFA8EFE04F1040C621D5E
:10DA800089B2A31D4FEA104805F80E801FFA8CFCDE
:10DA900092B29BB24FEA102E432905F80CE0A8542D
:10DAA00005F8039007D8C4F13D02681892B200212E
:10DAB00002F0E2FB4421F031384689B2FAF746FE23
:10DAC0000E4A0D4910684323CDE900610C4A3946DE
:10DAD000FEF774FE384604B0BDE8F047FAF7E2BE40
:10DAE000836A5A790C2A1CBF0C22A3F80520142241
:10DAF0001A8104B0BDE8F087800C0110BC490020F9
:10DB00007C0C011000286ED02DE9F04190F83930DE
:10DB10000446DB0764D5038E856AB3F5107F5CD3BA
:10DB2000002D52D02B79314F1BBB482200212846B3
:10DB300002F0A2FB20462E4A05F1340102F09EF9C4
:10DB40003E782EB301232B711E4494F839303E7079
:10DB500013F0040309D16A79022A03D002222B812F
:10DB6000A5F805200020BDE8F0812046FFF766F902
:10DB7000F8E73E78013EF6B23E70002ED5D1DFF8D0
:10DB80007C80D8F80000FEF7EBFEC8F80060CCE718
:10DB9000FEF700FFDFF86480C8F80000E8B1427AC1
:10DBA000144942F0200242724422FEF78DFD4322C6
:10DBB0001049D8F80000FEF7A3FE32460E49D8F807
:10DBC0000000FEF7C9FE3E78BCE74820FAF74EFA9F
:10DBD000054610B1054FA062A7E74FF0FF30C2E73E
:10DBE0006FF00F00BFE76FF00F00704783C1002098
:10DBF000EDD90010800C011075D10010BC49002037
:10DC0000836A2BB15A79052A03D8022A03D832B97C
:10DC100070470A2A03D100229A71FFF749B80022FF
:10DC20009A71FFF70BB900BF2DE9F04F846A0646E1
:10DC3000637989B0052B04D005220023A4F80520C0
:10DC400023810322214630460DF11E03FEF7CEFE4E
:10DC50000546002800F08580392143680220BDF880
:10DC60001E20F0334FF003099954511C89B25854C7
:10DC7000B6F830A002EB00081FFA88F84FEA1A2B1A
:10DC800003F808B04FF0370802EB090189B202F13E
:10DC90000900029180B2111D8FB20590029803977E
:10DCA000511D03F800A089B20398049103F8008085
:10DCB0000498971D03F800904FF00100BFB2D855AB
:10DCC0004FF01C0002F1070E02F1080C1FFA8EFE45
:10DCD0001FFA8CFC03F80E9003F80C004FF0FF3095
:10DCE00002F10A01059F89B24329D85507D8C2F12C
:10DCF0003A02581892B2002102F0BEFA4421F031E3
:10DD0000284689B2FAF722FD174A432310682946AC
:10DD1000009604F11802FEF7D3FD034628461D467F
:10DD2000FAF7C0FDA379FF2B15D00133DBB2092B25
:10DD3000A37110D82846C3EB431203EB82031B01E7
:10DD40000A4A03F2F3139BB2A2FB03235B0923816C
:10DD500009B0BDE8F08F28232846238109B0BDE82B
:10DD6000F08F4FF0FF35DDE7BC490020D34D621046
:10DD70002DE9F04F846A87B044B3627932B300234F
:10DD8000A1690A2A0546C4E90633C4E90833C4E98F
:10DD90000B330591A362C4F80E30C4F8123018D0CA
:10DDA000043A012A15D9A4F805302381284604F144
:10DDB000340102F077F8237943B13C4B1D78013DE3
:10DDC000EDB21D70002D6BD00023237107B0BDE8AC
:10DDD000F08F4FF000090722214628460DF112036B
:10DDE000A4F80590A4F80890FEF700FE0746002866
:10DDF0004FD0362304224168BDF8126001F1F008CB
:10DE000008F80630731C9BB208F803200598F9F750
:10DE1000E3FE4FF0FF0A731D9BB206F1020E1FFADC
:10DE20008EFE039306F1030C030EF11D08F80E306D
:10DE30001FFA8CFC039B321D89B206F1060B4FEAD8
:10DE4000104E08F80CE092B21FFA8BFB4FEA102C30
:10DE5000432908F802C008F8030008F80BA008D806
:10DE6000C6F13D0208EB010092B2494602F004FA05
:10DE70004421F031384689B2FAF768FC0C4A432352
:10DE800010683946009505AAFEF71AFD3846FAF7DC
:10DE900009FD084B28461A461946FAF795FA85E710
:10DEA000034E3068FEF75CFD35608DE783C10020CE
:10DEB000BC490020800C01102DE9F04F6F4B89B058
:10DEC0001D68DDB1AC6AB4B16379A3B1A18A29B18F
:10DED000628A013292B29142628212D0228A1AB1CF
:10DEE000511E012A218213D0E28922B1511E012A3A
:10DEF000E18100F0A9802D68002DE3D109B0BDE8D3
:10DF0000F08F2846FFF734FF2846FFF7FBFDF2E7C6
:10DF10005A1ED2B2092AEED840F2192121FA02F291
:10DF2000D207E8D5042B04D004220023A4F805204E
:10DF300023810322214628460DF11E03FEF756FDDC
:10DF40000646002862D03921426802204FF00309BA
:10DF5000BDF81E30F032D154591C89B25054B5F876
:10DF600030A003EB000803EB090E1FFA8EFE1FFA28
:10DF700088F84FEA1A2B02F808B002F80EA04FF00A
:10DF8000370E191D89B203F10900029180B2059084
:10DF90000298591D02F800E04FF0010E8FB203976E
:10DFA000991D039889B2049102F80090049803F136
:10DFB000070C02F800E04FF01C0003F10807BFB2A5
:10DFC0001FFA8CFC02F80C90D0554FF0FF3003F193
:10DFD0000A01059F89B24329D05507D8C3F13A03F6
:10DFE000501800219AB202F047F94421F03130462E
:10DFF00089B2FAF7ABFB224A432310683146214A23
:10E000000095FEF75DFC3046FAF74CFCA379FF2B38
:10E0100031D00133DBB2092BA3712CD8C3EB4312EF
:10E0200003EB8203DB00184A03F2F3139BB2A2FB5B
:10E0300003235B09A28A618A2381531A012B7FF78C
:10E040005AAF5B10238256E7013BDBB2092B3FF648
:10E0500052AF40F2112222FA03F3DB077FF54BAFF8
:10E060002846FFF7E1FDA389628A9B1A012BC4BFF2
:10E070005B10E3813FE71423DCE700BFF4B8002026
:10E08000BC4900207C0C0110D34D6210264B10B50A
:10E090001C6824B92CE0013A1A81246844B3A36AAD
:10E0A000002BFAD01A89012AF5D8F6D100215A7925
:10E0B0001981013A0B2AF0D801A151F822F000BFD2
:10E0C00009E100109BE00010FBE000109BE0001055
:10E0D0009BE00010F3E000109BE000109BE00010BC
:10E0E0009BE000109BE000109BE00010F3E00010AC
:10E0F00010BD2046FEF7A2FECFE79B792046012BFC
:10E100000FD9FEF79BFEC8E79B792046052B02D866
:10E11000FEF736FFC1E7FFF72BFE2046FFF7F2FCC4
:10E12000BBE7FEF7C5FDB8E7F4B800202DE9F04FD6
:10E1300006469046A94D85B0002800F0C180002A0F
:10E1400000F04E814FF0000C4FF00A0995F814A032
:10E150002F46E3466446CDE90199CDF80CC0BAF1EB
:10E16000000F32D023460A2432686868824269D0A0
:10E17000BAF1010FB5F812E05DD0E645019824BF71
:10E180001846F446019001331FFA83FEBEF10A0FD0
:10E190001BB266D00A2C44D08E4603E0BCF10A0FB5
:10E1A00003B246D003EB430207EBC202157D581CB5
:10E1B0001FFA80FC002DF1D0356851688D42EDD1F9
:10E1C00092689045EAD11C4627E0A2B2531C1FFA80
:10E1D00083FEBEF10A0F1BB200F0ED8095F82CA073
:10E1E0001835BAF1000FBFD1931C9AB20A2A1BB29C
:10E1F000D2D1012940F0EF802546D6F800E005EBAA
:10E20000450307EBC303C3F804E06B0000222B4473
:10E2100007EBC303C3F808805A82204605B0BDE867
:10E22000F08F95F82CA018351C46BAF1000F99D143
:10E23000CBE77146DDE7286848B1DE4524BFF346E9
:10E240009946A0E7A868804592D11C46E5E7039867
:10E25000864528BF70460390029828BF1846029052
:10E2600091E701299646019840F0B5800A2C40F0CC
:10E270009380029C09281FDD0A2C04D1B9F1090FF3
:10E2800000F3A9804C4604EB440A4FEACA0A57F847
:10E290000A0025464FEA440920B1FAF703FB0023A0
:10E2A00047F80A300023A14407EBC90989F8143064
:10E2B00026B1D6F800E0A2E70446E4E76300A5E74C
:10E2C0004FF00A0B86460446824601902F46584678
:10E2D000D9462A7DFAB91FFA84FC0CF101039AB2DF
:10E2E0000A2A1BB26ED095F82C20183572B1012A7B
:10E2F000B5F812C016D0F44524BFE64618460133DF
:10E300009AB20A2A1BB250D00A2C13D0012962D12A
:10E31000254663007AE7012A2346B5F812C04FF07C
:10E320000A04E8D12A68002A38D0D44524BFE2463E
:10E330009946E4E718351C462A7DCBE7224695F836
:10E340002C00183500285AD193B25C1CA0B20A28C0
:10E3500024B23DD095F82C001835002851D1023355
:10E3600098B20A2818BF944601991CB27BD004EBDE
:10E37000440307EBC3031A7D601C85B222B13268E7
:10E380005B689A423FF449AF0A2D04B2EFD10129EC
:10E3900021D16446D6F800E0254630E7019A94453D
:10E3A00024BF62469B460192A9E7012913D10A2C9A
:10E3B000AED15C465EE701290DD10924D6F800E014
:10E3C00025461CE7012906D10924122325461DE70D
:10E3D00001990129F1D04FF0FF341EE75848002081
:10E3E00095F814C04FF00A0963462F4693469246AB
:10E3F000CC4618460392CDF808900191A2E7144646
:10E400000A22336869688B423FF407AF0128B5F8E8
:10E4100012E00DD0DE4524BFF346A4460134A0B27D
:10E420000A2824B20DD00A2A88D0944601999EE782
:10E43000286888B103998E4524BF7146A14603918F
:10E44000ECE70199604601299E46C4D10A2A3FF4AF
:10E4500010AF14461546D2E6D645029924BF214690
:10E46000F2460291DAE70129B5D115461446D6F8ED
:10E4700000E0C4E62DE9F047074682B088469146A1
:10E480001C214FF420720E201E46DDF82CA0BDF892
:10E490003440FAF7A5F890B3054620466C68F9F7C2
:10E4A00097FB40F60601E080384640F20647D6F872
:10E4B00000C04B46C4F808C0B6884246A681DAF8C8
:10E4C0000060C4F81260BAF80460E6820A9E3668FA
:10E4D000C4F80E600C9E3668A780A6610B4E2660BD
:10E4E0000091294601F07CFC094A2846138B013330
:10E4F0001383FAF7D7F9002002B0BDE8F087044A89
:10E500004FF0FF30938C01339384F5E7000108004E
:10E51000284E00202DE9F041254B02EB4202D200AB
:10E520009F180E46397D02F10C050229044684B07D
:10E530001D440DD004F132084FF400672B464246CB
:10E5400031462046009701F04BFC04B0BDE8F08155
:10E55000798AB1F58E7F17D8B1F5877FEAD3043277
:10E560001A4401230393134B00F132080193031D56
:10E57000029200932A4643464146FFF77BFF00285C
:10E58000DAD103233B75D7E704321A4401230393FE
:10E59000084B00F132080193031D0292009341469B
:10E5A0004346054AFFF766FF0028C5D1E9E700BFEB
:10E5B00058480020840C01108C0C011070B51D4CC3
:10E5C000002684B004F1F0050AE0012A1FD0032AD6
:10E5D0002DD0042A01D1022323741834AC4214D064
:10E5E000227C002AF9D0E38901339BB2B3F5967FF0
:10E5F000E381EAD354F8040C18B1FAF753F944F85C
:10E60000046C26741834AC42EAD104B070BD042BFB
:10E61000F0D803926068084A00F132030192021DAB
:10E6200000921946054A0294FFF724FFD5E7042318
:10E630002374D2E75C480020840C01108C0C01107C
:10E64000002900F086802DE9F04F466804463388A3
:10E6500089B0B3F5807F02D13379062B0CD02046E8
:10E66000564B198DDA8B013101321985DA8309B0E5
:10E67000BDE8F04FFAF716B97379042BEFD1738820
:10E68000082BECD10D46DFF834813146B8F81A304A
:10E6900028460133A8F81A3001F0CEFCD6F80E2037
:10E6A0006F680792002F55D106F10809002A7AD029
:10E6B0004FF0020A059729461046049200F0F6FE34
:10E6C0008346C0BB049A02F0F002E02A33D05146E0
:10E6D0002A4607A8FFF72AFD00282CDB4FF0020E80
:10E6E000374900EB400001EBC00282F814E095606E
:10E6F0004FEAC00CD9F800000CF10C0E41F80E00E6
:10E70000B9F804008E44AEF8040051F80CA0A2F849
:10E7100012B0BAF1000F0ED04FF4006341F80CB004
:10E720002846009351464B4605F1320201F058FB52
:10E730005046FAF7B7F8F388B3F5807F18D0B3F5F1
:10E74000007F04D0B8F82C300133A8F82C302046D4
:10E750008DE77047B91AB1FA81F1B36949099F424F
:10E76000059106F1080919D11AB30127BA46A2E7A3
:10E77000002FECD0059B002BE9D1022607A905F15B
:10E7800032030291291D00914A4628461946CDF8C8
:10E7900004900396FFF76EFE204668E71AB1002743
:10E7A0004FF0020A87E7F388B3F5807FC7D1204690
:10E7B0005DE7F388B3F5807FC1D1DBE7284E002009
:10E7C000584800202DE9F04F0E460446014685B01A
:10E7D0003068174600F06AFE002840F098803368E1
:10E7E00003F0F002E02A00F09280002B00F08F800E
:10E7F000224601213046FFF799FC051E58DBDFF861
:10E8000024A105EB45080AEBC80898F8142004F188
:10E81000320B4FEA450902BB4FF0010EC8F8084021
:10E8200088F814E0CDE9026E3A4E04F1040C5B4620
:10E8300059462046384A0196CDF800C0FFF71AFE27
:10E84000003818BF0120404227B198F81420012A4F
:10E850001CD805D005B0BDE8F08F97B3012A15D1BB
:10E860003B461A7B52063DD41B68002BF9D1384633
:10E87000FAF726F809EB05035AF8330008B1FAF75E
:10E8800011F84D444AF835700020E3E720464FF474
:10E890000064A9440094214C0AEBC9095A46394640
:10E8A00009F10C03257001F09BFA05B0BDE8F08F6B
:10E8B0001FB11B4A938C0133938468B205B0BDE845
:10E8C000F08F0125134A20460192221D00925B46DB
:10E8D0005946114A02960395FFF7CCFD80B14FF0DF
:10E8E000FF30B7E73A464FF420710E20FAF7F8F8F8
:10E8F00007460028BED10A4A938C01339384EEE781
:10E9000098F81430012BBFD1A8F81200BCE76FF0C3
:10E910000F009FE7840C01108C0C011084C10020B3
:10E92000284E0020584800202DE9F04104460E46AC
:10E9300084B001461068154600F0B8FD002840F08C
:10E940009780296801F0F003E02B73D06368A26818
:10E950004B40134284460AD04FF6A9638AB29A42CA
:10E9600005D0E168002900F0D78004F10C05DFF83C
:10E97000BC816B4B98F8002002EB420003EBC00017
:10E9800090F814E0BEF1010F02D98768A74271D058
:10E990001A7D012A02D99A68944279D093F82C20E2
:10E9A000012A02D91A6A94427BD093F84420012AA2
:10E9B00002D99A6B94427AD093F85C20012A02D94A
:10E9C0001A6D944279D093F87420012A02D99A6E74
:10E9D000944278D093F88C20012A03D9D3F8802070
:10E9E000944276D093F8A420012A03D9D3F8982032
:10E9F000944274D093F8BC20012A03D9D3F8B020F4
:10EA0000944273D093F8D420012A03D9D3F8C820B4
:10EA1000944272D093F8EC20012A03D9D3F8E02075
:10EA2000A24271D032462946204604B0BDE8F041EA
:10EA3000FFF7C8BE01215E226B78ADF8081003F025
:10EA40007F038DF80B30AB788DF80A208DF80C30F1
:10EA5000EB788DF80D3002AB4FF40065314620465F
:10EA600004F13202009501F0BBF904B0BDE8F08179
:10EA70002C4BF1E7406888428AD1314620462A4D26
:10EA8000EB8D0133EB8504B0BDE8F041FFF742BDEB
:10EA90005A68914282D162463146204688F800C0C9
:10EAA000F1E7DA69914280D14FF0010CF3E75A6B3C
:10EAB000914281D14FF0020CEDE7DA6C914282D1A4
:10EAC0004FF0030CE7E75A6E914283D14FF0040CEC
:10EAD000E1E7DA6F914285D14FF0050CDBE7D3F81F
:10EAE0009420914286D14FF0060CD4E7D3F8AC20A5
:10EAF000914287D14FF0070CCDE7D3F8C420914263
:10EB000088D14FF0080CC6E7D3F8DC308B4208BF41
:10EB10004FF0090C86D1BEE76FF00300A5E700BFF8
:10EB2000584800208C0C0110284E002084C1002081
:10EB30002DE9F0414FF4207206460F4682B01C21A9
:10EB40000E20F9F74DFD98B3446805460120F9F70A
:10EB50003FF840F2064C40F60601E080D6F832302D
:10EB600006F13208A3603046154BB8F80460154A28
:10EB7000A68112681E689B88C4F80E20C4F8126033
:10EB8000E3823B684246A3610F4BA4F804C02360B4
:10EB90000E4B0091294601F023F90D4A2846138BAC
:10EBA00001331383F9F77EFE002002B0BDE8F08147
:10EBB000074A4FF0FF30938C01339384F5E700BF91
:10EBC000840C0110800C0110000108008C0C011055
:10EBD000284E00202DE9F0414FF4207206460F46E2
:10EBE00082B01C210E20F9F7FBFC90B34468054667
:10EBF0000120F8F7EDFF40F2064C40F60601E080F8
:10EC0000D6F8323006F13208A360154BB8F804206C
:10EC100030461E689B88A281C4F81260E3823B687C
:10EC20004246C4F80E303B68A4F804C0A3610D4B03
:10EC300023600D4B0091294601F0D2F80B4A28467B
:10EC4000138B01331383F9F72DFE002002B0BDE8CA
:10EC5000F081064A4FF0FF30938C01339384F5E73F
:10EC6000840C0110000108008C0C0110284E0020BB
:10EC70002DE9F047644E654FB6F86230D7F808903A
:10EC8000013384B0A6F8623099F80040054604F0DC
:10EC90000F04A400132C14D94389032B11D9436802
:10ECA0001B781BB3082B17D1786900F0F003E02B19
:10ECB00025D08846396800F0F9FB00BB2B89072B6B
:10ECC00026D82846F9F7EEFDB6F86A300133A6F8E3
:10ECD0006A3004B0BDE8F087B6F87020B6F8663048
:10ECE00001320133A6F87020A6F86630284604B039
:10ECF000BDE8F047F9F7D6BD5046F9F7D3FD2846F1
:10ED0000F9F7D0FDB6F874300133A6F87430E0E7B7
:10ED10002846F9F727F8002866D104F10E0A514673
:10ED20002846F9F74BFD002867D02B89191989B2BD
:10ED30008B42E4D84FF420720E20F9F751FC824642
:10ED40000028DCD0428904F108039A42D5D3494611
:10ED50002246406801F0DEFA21465046F9F756FD9A
:10ED60000028C9D129465046F9F774FE0028C3D1BE
:10ED70002846F9F797FD554621462846D5F80490D0
:10ED8000F9F71CFD0028B1D1D7E904314FF6F7722D
:10ED90006F68F9603B6189F80000E873B9F80230E8
:10EDA000214693428CBF093308339BB2A9F8023045
:10EDB00000244FF0FF09BC7287F80890FC723846B7
:10EDC000F8F78CFF78810127CDF808800094B6F819
:10EDD00060104B463944A6F86010224628460C497C
:10EDE000019700F04DFA81E72846F9F75BFDB6F888
:10EDF00068300133A6F868306BE751462846F9F7CA
:10EE000005FD0028B8D07AE7284E0020044E0020E7
:10EE1000184E00202DE9F04307463C8988461C2CFB
:10EE200028BF1C2404F1080187B04FF4207222206F
:10EE300089B2F9F7D5FB98B300260323224644682C
:10EE4000D7F804903946237084F80180082326718E
:10EE50006671A671E6710546F9F774FDD9F80C30B4
:10EE600005A8059300F06EF80746B0B12046698901
:10EE7000A670E670F8F732FF6080029701270A4C0F
:10EE80000096B4F86000FF233844A4F860003146CF
:10EE9000284605AA019700F0F3F92846F9F702FD84
:10EEA00007B0BDE8F08300BF284E00202DE9F043F5
:10EEB00007463C8988461C2C28BF1C2404F1080105
:10EEC00087B04FF42072222089B2F9F789FB98B3FA
:10EED00000260B2322464468D7F804903946237055
:10EEE00084F80180082326716671A671E6710546D3
:10EEF000F9F728FDD9F80C3005A8059300F022F8A1
:10EF00000746B0B120466989A670E670F8F7E6FEBC
:10EF10006080029701270A4C0096B4F86000FF2336
:10EF20003844A4F860003146284605AA019700F04D
:10EF3000A7F92846F9F7B6FC07B0BDE8F08300BF93
:10EF4000284E002030B4184B1B68ABB193F8392021
:10EF5000D407F9D55107F7D559680029F4D00468CA
:10EF60009D686140294204D09207EDD4DA6894424A
:10EF7000EAD1184630BC70470C4B1B6853B193F86C
:10EF8000392002F00502052A04D15A6812B102782C
:10EF90007F2AEED1002330BC05491846B1F856202F
:10EFA0000132A1F856207047F4B80020F0B80020D4
:10EFB000284E00202DE9F84FAE4CD0F80480B4F86C
:10EFC0004A300133A4F84A3098F800301A09042A6C
:10EFD0000ED0F9F767FCB4F85C20B4F84E3001327B
:10EFE0000133A4F85C20A4F84E300020BDE8F88F6F
:10EFF000054603F00F03B8F802009E000F46F8F72D
:10F00000E7FD2B898146834217D86B89B34204D32D
:10F010002B894B4501D3132E17D82846F9F742FC0C
:10F02000B4F85220B4F84E30013201330020A4F875
:10F030005220A4F84E30BDE8F88F01462846F9F773
:10F0400085FB6B89B342E3D2E7E731464046F8F7E8
:10F0500045FE002840F0DF80D8F81020D8F80C00DA
:10F06000DFF8189297F8393002F0F001E029C9E989
:10F07000040203F0010366D1002B00F09C807B6842
:10F08000002B00F09880002840F0C380BA46B8F802
:10F09000063023F0C0033BB1284600F057FB05467D
:10F0A0000028A2D0D0F80480C9E900A7C9F80880D8
:10F0B00098F80030394603F00F039B002846A9F862
:10F0C0000C30F9F71DFD0128834632D03146284621
:10F0D000F9F79CFB98F80930062B00F0C080112B43
:10F0E00000F0B880012B00F0B080BBF1020F1DD002
:10F0F0005146D9F8140000F0D9F968B9D9F814309C
:10F1000003F0F003E02B07D031462846F9F798FBCF
:10F1100002212846FFF77EFEB4F85820B4F84E309E
:10F1200001320133A4F85820A4F84E302846F9F7EC
:10F13000B9FB0023C9E90033C9E90433C9F8083031
:10F14000A9F80C3051E7002B43D1D2B27F2A4ED020
:10F15000494BD3F800A0BAF1000F09D147E051465E
:10F1600000F0A4F990B9DAF800A0BAF1000F3ED08F
:10F170005745F8D09AF83930DB07F4D5DAF804307F
:10F18000002BF0D0D9F814008342E8D1D9F8100050
:10F1900000283FF47CAF394600F088F900284BD1B5
:10F1A000D9F8103003F0F003E02B45D0BAF1000F8E
:10F1B0007FF46DAF04E098F80930112B1BD0C0BB71
:10F1C000B4F84E3028460133A4F84E30F9F76AFB04
:10F1D0000BE77B68002BB8D0934245D010463946E8
:10F1E00000F064F9002841D1D9F81420ADE798F86F
:10F1F0000930112B0AD108EB06035B88B3F5884F61
:10F200003FF444AFB3F5864F3FF440AFD9F8100058
:10F21000D5E7BA46BFE72846F9F744FBB4F85020D3
:10F22000B4F84E3001320133A4F85020A4F84E3027
:10F23000DBE64FF0000AAEE72846F9F733FBB4F8F7
:10F240004E300133A4F84E30CFE639462846FFF75A
:10F250000FFD6EE739462846FDF7E2F869E73946C3
:10F260002846FBF795FB64E7BA4691E7BA46D9F81A
:10F2700010008DE7284E0020F4B80020044E002036
:10F280002DE9F04F85B01C4605469DF838B09DF835
:10F290003C30109F002A60D08946904609B10A6828
:10F2A0000AB907F10409142128460193F9F786FAEF
:10F2B000019B824600285FD145206E684FEA0B22F1
:10F2C00034727372D8F8001043EA0423307002439A
:10F2D000080C86F801B01C12316110FA81F10A4461
:10F2E00044EA0324288912FA84F4F8F771FC0346EF
:10F2F000DFF89CB086F806A086F807A073809A46CF
:10F30000BBF80000F8F764FCD9F80010B08014FADC
:10F3100081F303EB1143534403449AB202EB1343CA
:10F3200003EB1343DB43F160BBF800107381013141
:10F33000ABF80010154AB2F848300133A2F8483053
:10F340003B8E13B12A899A4210D842462946384644
:10F350007B69984705B0BDE8F08F4389132B0BD923
:10F3600043680DF10C081B690393E3E742463946F5
:10F37000284600F0F7FBEDE7044A6FF00100B2F811
:10F380005C300133A2F85C30E4E700BF284E002077
:10F3900070C100202DE9F04F85B099469DF83C30B2
:10F3A00004469DF838A0109E0193002A5ED088463E
:10F3B00014211746F9F702FA019B8346002866D10B
:10F3C0004521656843EA092285F808906B723B681D
:10F3D00085F801A04FEA0A2A29704AEA010A190CA5
:10F3E0004FEA22292B61208911FA83F39A4449EAD2
:10F3F0000229F8F7EDFB03461AFA89F9DFF8A8A00D
:10F400006B80BAF8000085F806B085F807B099441B
:10F41000F8F7DEFBBAF80030A8800133AAF8003014
:10F4200000EB0903B8F1000F28D0D8F8002013FA38
:10F4300082F303EB1243EA609AB202EB134303EB4D
:10F440001343DB436B81164AB2F848300133A2F80C
:10F450004830338E13B122899A4212D83A46214657
:10F4600030467369984705B0BDE8F08F4389132B88
:10F470000DD9436803AF1B690393E4E7094A126897
:10F48000D5E73A463146204600F06CFBEBE7044AEC
:10F490006FF00100B2F85C300133A2F85C30E2E7B3
:10F4A000284E0020800C011070C10020421E033243
:10F4B000034615D891F8390010F002000FD04A68C1
:10F4C0009A420BD089685A400A4207D1C84323EABE
:10F4D0000103181AB0FA80F0400970470020704705
:10F4E000012070472DE9F0414FF0000E7746036888
:10F4F00082B02D4D2D4C01AE0193002116F8018BE9
:10F500000846C446A4FB0832D20802EB8203A8EBEB
:10F5100043033033013103F0FF035FFA82F8BCF19B
:10F52000090F0DEB0002C9B21370E9D806F8017C8F
:10F5300009B3BEF1100F0EF1010218D02B70431E5B
:10F54000DBB2691CC8B1102A0EF102010FD00DEB1D
:10F55000030212780238C0B26A70FBB110290EF1B2
:10F56000030204D00DEB00031B78AB70C8B1002080
:10F5700002B0BDE8F08129467246102A02F1010E60
:10F58000F5D02E230D4605F8013B02ABB342B4D1B2
:10F59000002305480B7002B0BDE8F0810A46A91CA3
:10F5A000EBE7E91CE9E700BF00C10020CDCCCCCCE3
:10F5B0002DE9F04144680746636888469A8812B38B
:10F5C00000262546636828461C68F9F76FF903464C
:10F5D000284633449EB2F9F765F9002CF1D1174B58
:10F5E0003A68196805208F4218BFC8F800203946CC
:10F5F00008BF1A60F8F724FE114A304613889B1B97
:10F600001380BDE8F0811A68C56842607969826834
:10F610000069D96098601A605D60BA69012120466E
:10F620001A61FFF743FC2046F9F740F906462046E9
:10F63000F9F738F97C68002CC3D1D0E7B8BF0020B7
:10F6400072C100202DE9F047002705460E46DFF87D
:10F65000B080D8F80000002849D00024A6462146F2
:10F660002246D5F80CC0436963451FD0013492B3DC
:10F6700092F81FA090F81F900368D1450CD98BB366
:10F6800059698C4510D00146184690F81F900368C0
:10F69000D14504F10104F2D873B35A698E469445FA
:10F6A000024601D0CA46EEE701461846D5F810904A
:10F6B00083694B45DAD1B0F80C90AB889945D5D128
:10F6C000814671461046D9F800308E4602464BB14D
:10F6D00049461846C7E78146D9F800308E460246AB
:10F6E000002BF5D132B9B74201DA012CB1DC384632
:10F6F000BDE8F08710467146FFF75AFF0744F2E76E
:10F70000B8BF002010B50446406908B1F9F7CAF83F
:10F710002146BDE810400620F8F792BD38B50A4BE7
:10F720001C684CB10025E37F20465A1E246823B193
:10F730000546C277002CF6D138BD2946FFF738FFC1
:10F74000002CF0D1F8E700BFB8BF00202DE9F04F42
:10F75000B24DD0F804B06B8E87B001336B869BF846
:10F760000030064603F00F03052B77D1BBF80600E7
:10F77000F8F72EFA8246BBF80200F8F729FA9BF850
:10F78000003003F00F03B0EB830F4FEA83026AD31C
:10F79000801A83B230460193F9F788F8DFF8808247
:10F7A0000746B8F8003003440A2B00F3F580DFF871
:10F7B0007492D9F80040002C60D0DBF80C2002E0F5
:10F7C0002468002C5AD063699342F9D1DBF81030D9
:10F7D000A1699942F4D1A189BBF804309942EFD1D3
:10F7E000B5F846300133A5F84630BBF80600F8F707
:10F7F000EFF9C0F30C00002800F0C580BBF806301C
:10F80000CAF30C0A4FEACA0213F0200304920393CE
:10F8100008D1019BD3189BB29A4212D84FF6EB72D3
:10F8200093420ED8D6F804B0BBF80200F8F7D0F92E
:10F830009BF8003003F00F03B0EB830F4FEA830215
:10F8400042D263680293029B6BB9D9F80020236807
:10F85000944200F0BE80029A1360FFDEB5F8443097
:10F860000133A5F84430EB8E30460133EB86F9F7CF
:10F8700019F80026304607B0BDE8F08F0520F8F7EC
:10F88000B9FC0446002800F0968000230F21D9F827
:10F890000020E3612260C9F80040A360E3602361B7
:10F8A0006361A3616360E177DBF80030DBF804009B
:10F8B000DBF80810DBF80C20A360E06021616261D6
:10F8C000DBF81030A36199E7A0EB020ABBF8060051
:10F8D000F8F77EF90023C0F30C02D2001FFA8AFA6F
:10F8E0009244D6F804B01FFA8AF160688A428BF815
:10F8F00000308BF801308BF802308BF80330ABF816
:10F900000420ABF806A0059102909CD8002800F0D6
:10F91000C18001464FF0010A944610E0A3D0B3F82D
:10F9200006E0F4459FD332B1D288824214BF4FF033
:10F93000000A0AF0010A1968002900F097801A46A7
:10F940004B6898888445E9D21346CBF8001062468C
:10F950009C46002B44D0DB889A4284D3059981428F
:10F9600081D89A42CCF8006040D0B8F80030039AB1
:10F970003B449BB2002A76D0A27FD00700F184805E
:10F98000A8F8003075E7E089F8F722F9C0F30C0019
:10F9900000283FF433AF87E701465846FFF752FE91
:10F9A00028B1B8F800303B440A2B7FF700AFAB8F8B
:10F9B0000133AB8757E739465846FFF743FE874286
:10F9C000F5DC0520F8F716FC044600287FF45DAF4F
:10F9D000EDE721460520C9F80030F8F731FC42E791
:10F9E000059B83423FF63FAF66600296B8F8003051
:10F9F000039A3B449BB2002A2DD0A27FD107BFD5EA
:10FA0000BAF1000F40D0029A5668B288002AB7D1E6
:10FA1000DBF8001000294BD0059809E0284E0020A3
:10FA200072C10020B8BF00201168002940D0D088E2
:10FA30004A6891888142F7D0A8F80030039B002BD8
:10FA40007FF417AFA37F049A019943F001030A449E
:10FA5000A283A3770DE7BAF1000F04D0029A56688B
:10FA6000B288002AD4D0A8F80030EBE7F4451E6035
:10FA7000B8F80030BAD03B44039A9BB2A8F80030E3
:10FA8000002A7FF4F6AEDDE7B8F800301F44A8F88E
:10FA90000070EEE6B8F80030039A3B4466609BB213
:10FAA000002A56D0A27FD2077FF56AAF0296AAE756
:10FAB000A8F80030039B3BB9049B019A1344A3832D
:10FAC000A37F43F00103A377A368E5682169626916
:10FAD000A08B7560B160F26035683360A369143043
:10FAE000336180B2F8F774F800237080B371304648
:10FAF000F371B372F3721421F8F7F0F8708166684D
:10FB00005DB1142128466F68F8F780FE294630461B
:10FB1000F8F7E4FE3D68002DF3D1D9F800302168F4
:10FB2000A34205D0E3B11A68A24210D01346F9E708
:10FB3000C9F8001021460520F8F782FB3046F8F797
:10FB4000B5FEB8F800301B1AA8F8003092E619602C
:10FB5000F0E7BBF804205E46002A7FF46DAF57E75C
:10FB60001960FFDE2DE9F04F0B8E8DB00A92B3F1D4
:10FB7000140248BFA3F10D024368C2F3CF020293FF
:10FB800007921A461B78054603F00F03052B0591D3
:10FB90004FEA830740F0BB804389132B40F2B780C4
:10FBA000D088F8F715F82B89C0F30C0C143B9BB2E6
:10FBB000039300F4005E002B00F0A4800024079B58
:10FBC000DFF85491DB009BB20893CDF810C0CDF85C
:10FBD0002CE0089B039E4FF42072B34228BF3346AB
:10FBE00014210E209A46F8F7FBFC8046002841D0ED
:10FBF000029943680A684E688868C9681A60D960C3
:10FC000002995E6098600A691A61D8F80430069318
:10FC1000BAF1000F78D05646CDF824A019E001942F
:10FC20006B6841223B440093214600205B46F8F775
:10FC30006DFD824618B32846361BF8F741FEB6B272
:10FC400051464046CBE90495F8F748FEE6B1002757
:10FC50002D686C89E41BA4B2B44228BF3446002C42
:10FC6000F5D00620F8F7C6FA83460028D7D14046DB
:10FC7000F8F718FE4FF0FF300DB0BDE8F08F594691
:10FC80000620F8F7DDFAF2E72744DDF824A0BFB23A
:10FC9000059B049A1B8EC2F30C00039A133B9342FC
:10FCA00001DD0B9B0BB140F40050F7F791FF069E6E
:10FCB000F0800AF1140080B2F7F78AFF00231421C4
:10FCC0007080B372F3723046F8F708F8059B41462E
:10FCD0000A9A708118465B6998470E4A4046138E0F
:10FCE00001331386F8F7DEFD039B079AA3EB0A0A9C
:10FCF000049B13449BB21FFA8AF203920493002AD6
:10FD00007FF467AF0020B7E72744BFB2C0E76FF0CA
:10FD10000500B1E7284E002005F70010438970B5B3
:10FD20000E2B04462CD94068E37B0D4686891BB90F
:10FD300091F83C300133E3730378D9070AD5012BDE
:10FD400039D00622244900F069FA18B9637B43F0E0
:10FD500008036373082E1FD0B6F5C16F10D195F854
:10FD600039301B0713D50E212046F8F74FFD68B335
:10FD70001A4B598CDA8B013101325984DA8306E04F
:10FD8000164B198DDA8B013101321985DA83204641
:10FD9000F8F788FD002070BD95F839301A07F6D5C0
:10FDA0000E212046F8F732FD0028F0D129462046E2
:10FDB000FFF700F9EEE74378002BCBD183785E2B79
:10FDC000C8D1637B43F010036373C3E72946204621
:10FDD000FEF736FCDEE700BF8C0C0110284E002039
:10FDE0002DE9F0470646BDF820000C461746984618
:10FDF000F7F7EEFE0E2181462046F8F7DFFC98B9B2
:10FE000065682146A5F80C90D8F8003030462B6084
:10FE1000B8F80430AB803B68C5F80630BB886B810E
:10FE2000B369BDE8F0471847034A6FF001005389F2
:10FE300001335381BDE8F087284E002008B5024801
:10FE400000F02AFB002008BDCC160020014800F07D
:10FE50001BBB00BFCC16002008B5F1F7D3FC29B1BD
:10FE60004FF47A72002300F00BFB08BD024AA2FB9C
:10FE70000020800908BD00BFD34D621010B4046C8F
:10FE80000A614CB1234601E01B682BB19942FBD1BA
:10FE900000205DF8044B70470C6001645DF8044B72
:10FEA00000207047036C93B110B4002403E01A687B
:10FEB0001C462AB113469942F9D10B681CB1236044
:10FEC0005DF8044B70475DF8044B0364704770475E
:10FED00010B500234FF0010E84460B734A60A1F861
:10FEE00008E018469CF835309CF837201B0443EA9C
:10FEF00002639CF83620074C13439CF8342043EAF5
:10FF00000223A4FB0342D20802EB8202A3EB4203CA
:10FF10004B8110BDCDCCCCCC036C23B100221A7226
:10FF20001B68002BFBD17047404B2DE9F0411F6847
:10FF3000002F3CD00026DFF8FC803C6C002C33D036
:10FF400014250DE0013B9BB2042A638139D8022AB3
:10FF50004ED8013A012A01D8002B3AD024681CB3AC
:10FF6000237B0BB1013B23736389227A002BE9D1F8
:10FF7000042A1ED8022A29D9637A13B9042263738A
:10FF800022723846211DFEF725FE637A6581013312
:10FF9000DBB2012B2FD905222369A260002138464C
:10FFA00098472468002CDBD13F68002FC5D1BDE8FD
:10FFB000F081072AD2D10121384623692672984759
:10FFC000CCE7072ACAD1002BC8D1F4E7013A012AAD
:10FFD000C4D802233846211D2372FEF7A9FD627A98
:10FFE0000132D2B2022A627207D9114BA360B5E77F
:10FFF000002BB3D1C0E76372B0E797F8353097F8BC
:020000041001E9
:1000000037C097F836001B0497F8341043EA0C63A6
:10001000034343EA01231344A8FB0312D20802EB73
:100020008202A3EB42030A33638197E7F4B800200E
:1000300003001400CDCCCCCC2DE9F0470646D0F817
:100040003200F38E346C82B0D1F80E800090ADF89F
:100050000430002C38D00F46B8F1000F37D1D1F85A
:10006000188001F1080907E025B16368002B65D00D
:1000700043455BD024683CB3257A032DF4D92B1F6C
:10008000022BF7D8D4F804A0BAF1000FF2D106225F
:100090004946684600F0C2F80028EBD0062D71D022
:1000A000237B002B75D0637B0221013363733046C1
:1000B00023699847637B092B4AD80121304623697D
:1000C00084F808A09847D5E702B0BDE8F087083764
:1000D00006E015B16368984517D02468002CF3D06A
:1000E000257A032DF5D92B1F022BF6D86368984586
:1000F000F3D106223946684600F090F80028ECD08B
:10010000062D38D0237B002B4AD0637B022101339C
:100110006373304623699847637B092B1ED80023FD
:1001200001212372304623699847D6E706226846A4
:1001300007F1080100F072F800289BD0637B0221D0
:1001400001336373304623699847637B092B0BD9CE
:10015000072323724FF4167363818BE707232372FF
:100160004FF416736381B8E70023012123723046F0
:10017000236998477EE700230221237230462369D2
:100180009847AAE702213046236984F808A09847D7
:1001900070E73046211DFEF71DFD6423237369E7D8
:1001A0003046211DFEF716FD6423237395E700BF3B
:1001B00061B3B0B50B680D4682B02BB322B31168A2
:1001C00011B3046C04B34FF6A96702E02468DCB1F4
:1001D0002B6861689942F9D19BB2BB42F6D1138872
:1001E000BB42F3D0237A052B14D8032B0FD8013B45
:1001F000022BEBD800230221237223690192009085
:100200009847DDE90002E1E702B0B0BD7047062380
:100210002372DBE7072BD9D1ECE700BF032A30B408
:1002200012D941EA000484460B46A40721D119469D
:10023000604653F8044B5CF8045BA54219D1043ABC
:10024000032AF4D860461946541E7AB1431E013978
:10025000021901E09A4209D013F8010F11F801CFF9
:100260006045F7D0A0EB0C0030BC7047002030BCDC
:100270007047541EEAE700BF830730B546D08418A4
:10028000844604E003F8011B9D0704D09C46A44566
:100290006346F7D130BD013A0244A2EB0C02032AB7
:1002A00029D9CCB20F2A04EB042404EB04442FD93F
:1002B000A2F1100C03F110052CF00F0CAC44C3E9B3
:1002C0000044C3E9024410336345F8D112F00C0F27
:1002D00002F00F0E18D02EF0030CAEF104051A46F2
:1002E0009C4442F8044B6245FBD125F003040433DF
:1002F0000EF003022344002ACCD0C9B21A4403F8FA
:10030000011B9342FBD130BD7246F4E70346C6E7BA
:100310009646E0E7844641EA000313F0030349D11F
:10032000403A23D30B6803604B6843608B6883605B
:10033000CB68C3600B6903614B6943618B6983615F
:10034000CB69C3610B6A03624B6A43628B6A836247
:10035000CB6AC3620B6B03634B6B43638B6B83632F
:10036000CB6BC36340304031403ADBD230320BD3E9
:100370000B6803604B6843608B688360CB68C36025
:1003800010301031103AF3D20C3205D351F8043B3F
:1003900040F8043B043AF9D2043208D0D2071CBF1B
:1003A00011F8013B00F8013B01D30B880380604644
:1003B000704700BF082A13D38B07B1D010F0030396
:1003C000AED0C3F10403D21ADB071CBF11F8013B06
:1003D00000F8013BA4D331F8023B20F8023B9FE731
:1003E000043AD9D3013A11F8013B00F8013BF9D2A4
:1003F0000B7803704B7843708B788370604670473E
:1004000020F0030110F00300C0F1000051F8043B9C
:1004100000F1040C4FEACC0C6FF000021CBF22FA72
:100420000CF213434FF0010C4CEA0C2C4CEA0C4C30
:10043000A3EB0C0222EA030212EACC1204BF51F829
:10044000043B0430F4D0C2F1000102EA0102B2FA26
:1004500082F2C2F11F0200EBD2007047F8B500BF74
:100460005FF800F0B50200205FF800F08D0B00206F
:100470005FF800F0991100205FF800F029030020D8
:100480005FF800F0491200205FF800F0ED02002054
:100490005FF800F0150B00205FF800F0110100205C
:1004A0005FF800F0490B00205FF800F04D020020DB
:1004B0005FF800F0ED0A00205FF800F091010020E5
:1004C00079200010ED1F0010212000100D210010D8
:1004D00059200010511F0010A12000103D1F0010D6
:1004E000550E0010A5200010191200109D1F0010BD
:1004F0008D2000103D2000103D0800106508001000
:080500002D470010110200104C
:100508007570000000000000646F776E0000000046
:100518006E65746966206C696E6B2073746174759E
:1005280073206368616E6765642025730A000000A4
:100538006E6574696620737461747573206368618D
:100548006E6765642025730A0000000026262620B1
:100558007069636F20726D69692065746865726E71
:100568006574202D20697065726600006C7769706B
:100578005F696E697420646F6E65000053797374E7
:10058800656D20636C6F636B206F66202575206B2B
:10059800487A2063616E6E6F7420626520657861A9
:1005A80063746C792061636869657665640000002E
:1005B8004661696C656420746F206F70656E206594
:1005C800746865726E657420696E746572666163BD
:1005D800650000006E657469662065746865726EF2
:1005E800657420696E697420646F6E650000000090
:1005F800646863702073746172746564000000003D
:100608000A2A2A2A2050414E4943202A2A2A0A0027
:100618000A0000004E6F207370696E6C6F636B7315
:100628002061726520617661696C61626C650000A9
:100638004E6F20757365722049525173206172653F
:1006480020617661696C61626C6500004861726462
:100658007761726520616C61726D20256420616C20
:10066800726561647920636C61696D65640000007E
:1006780048617264206173736572740052656C65B9
:1006880061736500636F6D70696C655F74696D6532
:100698005F63686F69636500322E322E3000000098
:1006A8007069636F320000007069636F5F726D6913
:1006B800695F65746865726E65745F6C776970658B
:1006C800726600004D6179202034203230323600C5
:1006D800666E692B00000000666E69006E616E0030
:1006E800666E692D000000005541525420737464F1
:1006F800696E000055415254207374646F7574001C
:100708005541525420737464696E202F20737464A9
:100718006F75740055534220737464696E202F20DE
:100728007374646F757400005261737062657272DD
:1007380079205069000000005069636F00000000D4
:10074800426F617264204344430000005265736540
:1007580074000000556E68616E646C6564204952CF
:100768005120307825780A006570202530325820CD
:1007780077617320616C7265616479206176616963
:100788006C61626C6500000043616E277420636FC2
:100798006E74696E75652078666572206F6E206963
:1007A8006E61637469766520657020253032580063
:1007B8004661696C656420746F2066696E642061A7
:1007C800205048592072656769737465720000008B
:1007D8006D61633A20253032783A253032783A25EF
:1007E8003032783A253032783A253032783A253026
:1007F80032780A0053797374656D20636C6B3A2004
:1008080025342E3266204D487A0A00007068792017
:10081800616464723A2025640A00000053657475A7
:100828007020746F2067656E657261746520524D23
:10083800494920636C6F636B206F6E204750494FA6
:100848002025640A000000004C414E3837323061E0
:100858002072657365742070696E20636F6E6E65B3
:100868006374656420746F204750494F2025640ADB
:10087800000000004E6F20444D41206368616E6E99
:10088800656C732061726520617661696C61626C68
:100898006500000006005250D3F07542840601102E
:1008A80006005250E182887F8C06011006005250E3
:1008B800ABB36053A006011006005250BBFF3CB614
:1008C800A806011006005250861C0302B00601104B
:1008D800060052505422A29DCC0601100500525029
:1008E800DE65F468A0220110000000000000F03F5F
:1008F80000000000000024400000000000005940F3
:100908000000000000408F40000000000088C34045
:1009180000000000006AF8400000000080842E41BA
:1009280000000000D01263410000000084D7974106
:100938000000000065CDCD410D0A000006005250B0
:1009480053B4F4A10807011008005250120801001E
:10095800080052509218010000000000A941001040
:1009680000000000AD410010B9410010E541001041
:10097800E1410010000000000A000000000003062A
:10098800A6000800020002009C001400030057495A
:100998004E55534200000000000000000000800097
:1009A8000400010028004400650076006900630027
:1009B800650049006E007400650072006600610001
:1009C80063006500470055004900440000004E00E0
:1009D8007B00620063003700330039003800630091
:1009E80031002D0037003300630064002D0034000F
:1009F8006300620037002D003900380062003800BB
:100A08002D003900310033006100380066006300B2
:100A1800610037006200660036007D0000000000BB
:100A2800050F2100011C100500DF60DDD88945C7CE
:100A38004C9CD2659D9E648A9F00000306A6000117
:100A4800000000000600525053B4F4A11C07011026
:100A58000000000030070110400701105CC10020B1
:100A680048070110540701100902540003010080CF
:100A78007D080B00020202000009040000010202C6
:100A880000040524002001052401000104240206B5
:100A98000524060001070581030800100904010068
:100AA800020A000000070502024000000705820252
:100AB8004000000904020000FF00010512011002B5
:100AC800EF0201408A2E0900000101020301000023
:100AD80000000000F15A0010615B0010915B0010EB
:100AE800DD5B00109D5C00105D5D001000000000E3
:100AF80000000000555E0010B15E0010CD5E0010D1
:100B0800F15E00103D420010E55F0010000000009B
:100B1800200B011014FF010003E028702840287002
:100B280038403BF056E0461007E026B002604A1015
:100B380000E042B042A08C1042A042B025A0201094
:100B4800500B011005FF0100A220A1220240C200A3
:100B580000C00000140C0110040C0110F40B01106B
:100B6800E40B0110D40B0110C40B0110B40B0110DD
:100B7800A40B0110940B0110840B011068B800201D
:100B8800FC05100090500020D0B800205CB8002070
:100B98001000100054B00020CCB800208CB8002001
:100BA8001000060070B20020DCB8002050B8002009
:100BB80018000F00244F0020C8B8002080B800207B
:100BC80020000500CCB10020D8B80020B0B8002023
:100BD80010001000C8B60020E8B80020A4B8002013
:100BE8001C000800D4B20020E4B8002098B8002007
:100BF8009C000500B8B30020E0B80020BCB8002075
:100C080020000400CCB70020ECB8002074B8002005
:100C18001C00040058B10020D4B800201CC10020DA
:100C280014C1002010C1002024C1002003060C18A4
:100C38003060780001020304050607070707070765
:100C480007000000FA000000C59B0010E803000040
:100C58001DF70010E8030000BDE5001060EA000081
:100C6800B9DE0010F40100008DE0001064000000FF
:100C780029FF0010FFFFFFFF000000000000000038
:0C0C880000000000FFFFFFFFFFFF000066
:080C940080F6FF7F0100000063
:100C9C009C080110A8080110B4080110C00801102C
:100CAC00CC080110D8080110E408011058090110F3
:0C0CBC0050090110440901104C0A0110FD
:100CC8004FF0504310B5026893F90040EFF31083DA
:100CD80072B6D2E8CFCF0121BCF1000FF9D1C2E83A
:100CE8004C1FBCF1000FF4D1BFF35F8F90F90420C3
:100CF800002A1CDB00210268C2E88F1F83F31088DA
:100D080020BF0268EFF3108372B6D2E8CFEF5FF02E
:100D1800010CBEF1000FF8D1C2E84ECFBEF1000FB2
:100D2800F3D1BFF35F8F90F90420002AE3DA0022A1
:100D380001680471C1E88F2F83F3108810BD00BFCC
:100D4800034600B50268EFF3108C72B6D2E8CFEF15
:100D58000120BEF1000FF9D1C2E84E0FBEF1000F1D
:100D6800F4D1BFF35F8F93F90420002A0ADB01B1A5
:100D78000A60002000221B68C3E88F2F8CF31088BC
:100D88005DF804FB4FF05042126801201A71F1E738
:100D98004FF050412DE9F0410027044616461D4604
:100DA800D1F8008008E0C1E88F7F8CF310883046C6
:100DB800294601F0F5F9E8B92168EFF3108C72B60D
:100DC800D1E8CF2F0123002AFAD1C1E8423F002AF7
:100DD800F6D1BFF35F8F94F904302168002BE2DA73
:100DE800002384F80480C1E88F3F8CF31088012029
:100DF800BDE8F0810020BDE8F08100BF30B504688F
:100E0800EFF3108C72B6D4E8CFEF0125BEF1000FD6
:100E1800F9D1C4E84E5FBEF1000FF4D1BFF35F8F84
:100E280090F904400568002C10DB0021C5E88F1FED
:100E38008CF310884FF0504595F90050A54201D128
:100E4800084630BDBDE83040FFF7A2BF4FF0504222
:100E5800126800230271C5E88F3F8CF310880120C7
:100E680030BD00BF70B505460C4601F089F9024651
:100E78000B464FF47A704FF0FF3E6FF0004CE4FBE6
:100E8800002396457CEB030138BF72462846BDE82F
:100E9800704038BF6346FFF77BBF00BF0368EFF3BE
:100EA800108272B6D3E8CFCF0121BCF1000FF9D17F
:100EB800C3E84C1FBCF1000FF4D1BFF35F8F4FF0B4
:100EC800FF0C0023016880F804C0C1E88F3F82F35B
:100ED800108840BF704700BF002108B5134B4FF47E
:100EE800707299601248D960196159619961D96124
:100EF800196259629962D962196359639963D9630E
:100F0800196459649964D964196559659965D965ED
:100F1800196659669966D966196759679967D967CD
:100F280001F036F9034B044A1A6008BD000010505E
:100F3800344A0020F8B80020800110502DE9F04F05
:100F48001F4B85B0D3F858A0BAF1000F22D0002467
:100F580001254FF4E069DFF870801A4F01E0202C7A
:100F680018D00AEA0502611C2346AB46CCB26D00D4
:100F7800002AF4D004F0010203F0FE06164407EB41
:100F880046163046C8F858B000F00AFC28B93AEAC4
:100F98000B0AE4D105B0BDE8F08F00238DF80930C5
:100FA800B37801A88DF80830F38A0121ADF80490D0
:100FB800039300F013FC304600F098FBE7E700BF0E
:100FC80000001150F449002000301150F0B5BB4B1F
:100FD80085B0D3F8985015F4003674D0B84BB94C96
:100FE800996A94F83B30B84A022B116000F0D4801B
:100FF800002694F87B30022B00F03B8194F8BB303C
:10100800022B00F07D8194F8FB30022B00F06C81FC
:1010180094F83B31022B00F0448194F87B31022B89
:1010280000F0338194F8BB31022B00F0B68194F8BC
:10103800FB31022B00F0A68194F83B32022B00F022
:10104800968194F87B32022B00F0868194F8BB32AB
:10105800022B00F0768194F8FB32022B00F06681B7
:1010680094F83B33022B00F0568194F87B33022B23
:1010780000F0A48094F8BB33022B00F0998194F817
:10108800FB33022B00F0B4803EB9904B1B7823B998
:101098004FF400328E4BC3F890204FF44072874BC8
:1010A80001219B6C01A8C3F30A03ADF80420029345
:1010B80000F094FBEA064FF40036864C07D5FFF79C
:1010C8003DFF264603E0EA064FF01004F7D4EB0391
:1010D80022D57C4C46F48036A37E002B40F09980C4
:1010E800012394F83A20E370002A40F0AD800123F0
:1010F8004FF4C061784A84F82330ADF8041092E8C0
:10110800030004AA02E90300194601A800F066FBDF
:101118004FF400326E4B1A65E90408D46A041DD4F2
:101128002B042AD4AE4240F0C58105B0F0BD00249E
:10113800624B46F480561C60FFF7CEFE4FF4807376
:10114800012101A8ADF804308DF8084000F046FBF5
:101158004FF400225E4B1A656A04E1D54FF48063B0
:10116800012101A8ADF8043000F038FB1022584BDB
:1011780046F480461A652B04D4D54FF4A0630121A8
:1011880001A8ADF8043000F029FB4FF40062504B81
:1011980046F400461A65C5E794F83A60002E3FF415
:1011A80028AF94F83C30002B3FF423AF002304F120
:1011B800200084F83C3000F0C1FA1AE794F87A73FA
:1011C800002F3FF457AF94F87C33002B40F0648134
:1011D80094F8BB33022B40F0F48094F8BA33002B18
:1011E80040F0EB8094F8FB33022B7FF456AF3E4679
:1011F80094F8FA33002B3FF447AF94F8FC33002BF4
:101208003FF44BAF0023354884F8FC3300F096FADE
:1012180043E70221324B294A1966536E9F07FCD5D2
:101228004FF440520021274800F066FA254800F0A4
:101238005DFA0222264B5A661A66012394F83A2070
:10124800E370002A3FF453AF254A1366A2F5005213
:10125800536ED807FCD54FF440520021214800F0C6
:101268004BFA204800F042FA0122194B5A661A66D6
:101278003DE794F87A70002F3FF4C0AE94F87C30C4
:10128800002B40F001813E46B8E694F87A71002FB1
:101298003FF4C8AE94F87C31002B40F0ED803E4618
:1012A800C0E694F83A71002F3FF4B7AE94F83C3199
:1012B800002B40F0D9803E46AFE600BF0000115039
:1012C80000000B40F4490020EC49002081C10020B7
:1012D800003011501000020000001050D44D0020C2
:1012E80000201150144A002094F8FA70002F3FF49F
:1012F8008FAE94F8FC30002B40F08E803E4687E697
:1013080094F8BA70002F3FF47EAE94F8BC30002BEE
:101318007AD13E4677E694F83A73002F3FF4A5AEAB
:1013280094F83C33002B57D13E469EE694F8FA7267
:10133800002F3FF495AE94F8FC32002B5CD13E466A
:101348008EE694F8BA72002F3FF485AE94F8BC325A
:10135800002B49D13E467EE694F87A72002F3FF47E
:1013680075AE94F87C32002B76D13E466EE694F842
:101378003A72002F3FF465AE94F83C32002B63D1EB
:101388003E465EE694F8FA71002F3FF455AE94F8A5
:10139800FC31002B50D13E464EE694F8BA71002F2E
:1013A8003FF445AE94F8BC31002B3DD13E463EE6B5
:1013B80094F8BA33002B3FF462AE94F8BC33002B98
:1013C80071D194F8FB33022B7FF467AE94F8FA33AB
:1013D800002B3FF462AE10E70023394884F83C3311
:1013E8003E4600F0ABF940E60023364884F8BC32AC
:1013F8003E4600F0A3F92EE60023334884F8FC3279
:101408003E4600F09BF92BE60023304884F8BC30B8
:101418003E4600F093F9F6E500232D4884F8FC30A9
:101428003E4600F08BF9F3E500232A4884F8BC31E6
:101438003E4600F083F9FAE50023274884F8FC319A
:101448003E4600F07BF9F7E50023244884F83C3257
:101458003E4600F073F9F4E50023214884F87C3215
:101468003E4600F06BF9F1E500231E4884F83C3154
:101478003E4600F063F9D0E500231B4884F87C3130
:101488003E4600F05BF9CDE50023184884F87C302F
:101498003E4600F053F9B1E50023154884F87C3343
:1014A80000F04CF994E60023124884F8BC3300F0AD
:1014B80045F986E7104886EA050100F065FE00BF99
:1014C800144D0020944C0020D44C0020944A002055
:1014D800D44A0020944B0020D44B0020144C002008
:1014E800544C0020144B0020544B0020544A002038
:1014F800544D0020944D00205C0701102DE9F04761
:10150800848A058BC278A54228BF2546171E18BFB6
:101518000127641B467882F00102A4B20346C27018
:10152800848245F4806040EA4730A6BBD3E90326AD
:101538006F1E02EB811E55B3052F98BF721C31D95F
:1015480002EB811C721CACEB0204022C2AD9324635
:101558004FEA95094FEA890A06EB890852F8044BC5
:1015680042454CF8044BF9D15545A7EB0A070EEB59
:101578000A040AD016F829600EF829602FB15678A7
:10158800012F667001D09278A2701E699C8A2E4441
:101598001E6140F400400CB940F4804001B10004E1
:1015A800BDE8F0870EF1FF3E2E4400E0013212F84C
:1015B800014CB2420EF8014FF8D1E6E783680246C3
:1015C800186801B1000C5378C0F30900002B3CD017
:1015D8002DE9F041D2E90334461E03EB811E40B3E6
:1015E800052E3BD989014D1C1D44651B022D35D99B
:1015F8007346214600F47F774FEA9008FD1853F8A8
:1016080004CBAB4241F804CBF9D1B842A6EB0706AC
:1016180004EB07030EEB07010AD01EF8285004F864
:1016280028502EB14C78012E5C7001D089789970C1
:101638001469D38A04440344D382138B146183420C
:1016480084BF00239382BDE8F081D38A0344D38208
:10165800138B834284BF002393827047013C0EEBB7
:1016680000011EF8013B714504F8013FF9D1DFE79D
:1016780010B50446836800211B68FFF79FFF636865
:101688001B685B0002D5238B834200D010BD204627
:10169800BDE810400121FFF791BF00BF084B1B6C4C
:1016A80013F0020302D18278D20901D100207047D9
:1016B800C07EA0F10200B0FA80F04009704700BF78
:1016C8000000115008B5FFF7E9FF50B1054A064B75
:1016D800906A1B68A0F54870C01AC6288CBF002005
:1016E800012008BD00000B40EC4900200023C0E9A0
:1016F80004338376704700BF10B5836809B11C684E
:10170800214082B1114352050DD51A6854050CD4F5
:10171800084A21F480641C60126C920703D40C23DD
:10172800033BFDD28368196010BD8178024800F040
:101738002BFD00BF000011507007011030B5436841
:10174800002183B004461D68FFF7D8FE134B40F410
:101758008052196CA37889070ED55B060ED025F048
:10176800A04545F000550021204663681D6003B080
:10177800BDE83040FFF7C0BFDB09F0D0A38A002BDB
:10178800EDD0012120460192FFF7B8FE019A25F01D
:101798000055024345F0A045E5E700BF00001150A1
:1017A80038B5857E044695B1FFF762FFA38A0BB969
:1017B800284638BD2046FFF785FF20B1012323774F
:1017C8000025284638BD2046FFF7B8FFF8E781789E
:1017D800014800F0D9FC00BF900701102DE9F04343
:1017E80043788146023B0D4685B0042B13D8DFE8C9
:1017F80003F0034A6A73440000217B4B1A7822F0F5
:1018080001021A701A7822F002021A7059701A78B6
:1018180061F382021A70754B1C686369EFF31082DA
:1018280072B6D3E8CF0F01210028FAD1C3E8401FD0
:101838000028F6D1BFF35F8FA2614946204600F029
:101848009BFC00236269C2E88F3FA36983F3108879
:1018580048B94FF0E023D3F8F03DDB070AD500BEC6
:1018680005B0BDE8F0832A4699F8011099F8000000
:1018780000F092FC05B0BDE8F0835D4A13780133AF
:10188800DBB21370C7E700245A4E23463178DFF8DD
:101898006C81594F11E03B6813EB441307D0DB69A7
:1018A8002BB1D9F8041099F8000098473178013421
:1018B800E4B24A1CA242234617DBA142EBD85B1ACA
:1018C80008EB4313EBE7484B1A78D607D2D51A78BA
:1018D80042F004021A709EE7434B1A78D407C9D520
:1018E8001A7822F004021A7095E73F4C23785807BB
:1018F8003AD4E378DA07BDD5032300263B4A99F8A2
:1019080000101468D9F804208DF804108DF80530FB
:101918006369CDF80660CDF80A60ADF80E600292F2
:10192800EFF3108272B6D3E8CF0F01210028FAD165
:10193800C3E8401F0028F6D1BFF35F8F2046A2619D
:1019480001A900F019FC6369C3E88F6FA36983F3E9
:10195800108800283FF47DAF2A469DF805109DF8B1
:10196800040000F019FC85E72378002723F004031E
:10197800237005231D4A8DF80530166899F8002054
:10198800ADF80E708DF804207369CDF80670CDF8A7
:101998000A70EFF3108272B6D3E8CF0F0121002846
:1019A800FAD1C3E8401F0028F6D1BFF35F8F304655
:1019B800B26101A900F0E0FB7369C3E88F7FB369E6
:1019C80083F3108838B94FF0E023D3F8F03DD907F6
:1019D8008FD500BE8DE72A469DF805109DF80400B6
:1019E80000F0DAFB85E700BF60440020B84400201F
:1019F80082C1002080C1002090420020D80A011036
:101A0800194B1A491B681A489B0103F1A0435B68EC
:101A18000A681B1A93420B603CBFC2F580515B18E1
:101A280040F2AE5128BF9B1AA3F14000884216D855
:101A3800104910B410480C6892B220F824200A68A3
:101A48009BB200EB8200012243800B685DF8044BD7
:101A5800013303F03F030B60084B1A637047012200
:101A6800064B1A63704700BFE0BF0020CCBF0020C0
:101A780000200020DCBF0020E8BF0020000020502C
:101A880081F0004102E000BF83F0004330B54FEA27
:101A980041044FEA430594EA050F08BF90EA020F94
:101AA8001FBF54EA000C55EA020C7FEA645C7FEA27
:101AB800655C00F0E2804FEA5454D4EB5555B8BF4A
:101AC8006D420CDD2C4480EA020281EA030382EABB
:101AD800000083EA010180EA020281EA0303362D4D
:101AE80088BF30BD11F0004F4FEA01314FF4801C20
:101AF8004CEA113102D0404261EB410113F0004F32
:101B08004FEA03334CEA133302D0524263EB4303E8
:101B180094EA050F00F0A780A4F10104D5F1200E86
:101B28000DDB02FA0EFC22FA05F2801841F10001E1
:101B380003FA0EF2801843FA05F359410EE0A5F1B5
:101B480020050EF1200E012A03FA0EFC28BF4CF0E6
:101B5800020C43FA05F3C01851EBE37101F000459C
:101B680007D54FF0000EDCF1000C7EEB00006EEBA9
:101B78000101B1F5801F1BD3B1F5001F0CD3490833
:101B88005FEA30004FEA3C0C04F101044FEA44528A
:101B980012F5800F80F09A80BCF1004F08BF5FEA11
:101BA800500C50F1000041EB045141EA050130BDF1
:101BB8005FEA4C0C404141EB0101013C28BFB1F503
:101BC800801FE9D291F0000F04BF01460020B1FA4E
:101BD80081F308BF2033A3F10B03B3F120020CDA21
:101BE8000C3208DD02F1140CC2F10C0201FA0CF0FF
:101BF80021FA02F10CE002F11402D8BFC2F1200C64
:101C080001FA02F120FA0CFCDCBF41EA0C01904019
:101C1800E41AA2BF01EB0451294330BD6FEA040462
:101C28001F3C1CDA0C340EDC04F11404C4F120024D
:101C380020FA04F001FA02F340EA030021FA04F35F
:101C480045EA030130BDC4F10C04C4F1200220FAB6
:101C580002F001FA04F340EA0300294630BD21FAF4
:101C680004F0294630BD94F0000F83F4801306BFBA
:101C780081F480110134013D4EE77FEA645C18BFAE
:101C88007FEA655C29D094EA050F08BF90EA020F45
:101C980005D054EA000C04BF1946104630BD91EA3D
:101CA800030F1EBF0021002030BD5FEA545C05D140
:101CB8004000494128BF41F0004130BD14F580047F
:101CC8003CBF01F5801130BD01F0004545F0FE41F3
:101CD80041F470014FF0000030BD7FEA645C1ABF28
:101CE800194610467FEA655C1CBF0B46024650EA5F
:101CF800013406BF52EA033591EA030F41F400218B
:101D080030BD00BF90F0000F04BF0021704730B510
:101D18004FF4806404F132044FF000054FF00001E5
:101D280050E700BF90F0000F04BF0021704730B5A6
:101D38004FF4806404F1320410F0004548BF40427B
:101D48004FF000013EE700BF42004FEAE2014FEAD0
:101D580031014FEA02701FBF12F07F4393F07F4FAB
:101D680081F06051704732F07F4208BF704793F0AE
:101D78007F4F04BF41F40021704730B54FF46074C1
:101D880001F0004521F000411CE700BF50EA0102C4
:101D980008BF704730B54FF000050AE050EA01026D
:101DA80008BF704730B511F0004502D5404261EBDD
:101DB80041014FF4806404F132045FEA915C3FF41E
:101DC800D8AE4FF003025FEADC0C18BF03325FEABB
:101DD800DC0C18BF033202EBDC02C2F1200300FA6C
:101DE80003FC20FA02F001FA03FE40EA0E0021FA91
:101DF80002F11444BDE600BF53B94AB9002908BF2F
:101E080000281CBF4FF0FF314FF0FF3000F0B2B98F
:101E1800ADF1080C6DE904CE00F006F8DDF804E039
:101E2800DDE9022304B070472DE9F04F8C46099E86
:101E380004460F46002B48D18A4215465ED9B2FAAD
:101E480082F33BB1C3F120029F409D409C4020FAA1
:101E580002F217434FEA154E1FFA85FC220CB7FB16
:101E6800FEF10EFB117701FB0CF042EA07429042AB
:101E780007D9AA1801F1FF3702D2904200F258811F
:101E88003946121AA4B2B2FBFEF00EFB102200FB78
:101E98000CFC44EA0244A4450BD92C1900F1FF328A
:101EA8002CBF01270027A44502D9002F00F0438149
:101EB800104640EA0140A4EB0C0400211EB1DC40AE
:101EC8000023C6E90043BDE8F08F8B4206D90EB166
:101ED800C6E9000100210846BDE8F08FB3FA83F196
:101EE800002951D16345C0F01681824240F2138126
:101EF8000846002EE7D0C6E90047E4E7002A00F0CC
:101F0800AF80B2FA82F3002B40F0C2808A1A4FEAFF
:101F1800154EAFB20121200CB2FBFEFC0EFB1C22B9
:101F280040EA024207FB0CF090420ED9AA180CF1C5
:101F3800FF382CBF4FF001094FF00009904203D938
:101F4800B9F1000F00F0F080C446121AA4B2B2FB37
:101F5800FEF00EFB102200FB07F744EA0244A742FA
:101F68000ED92C1900F1FF322CBF4FF0010E4FF0A3
:101F7800000EA74203D9BEF1000F00F0D280104630
:101F8800E41B40EA0C4099E7C1F120058B400CFAAC
:101F980001F400FA01F922FA05F72CFA05FC8A4047
:101FA8001F4320FA05F3380C23431FFA87FE1C0C45
:101FB800BCFBF0F800FB18CC44EA0C4408FB0EFC10
:101FC800A4450ED93C1908F1FF3A2CBF4FF0010B7C
:101FD8004FF0000BA44503D9BBF1000F00F0B88007
:101FE800D046A4EB0C041FFA83FCB4FBF0F300FB0F
:101FF800134403FB0EFE4CEA0444A6450ED93C19D3
:1020080003F1FF302CBF4FF0010C4FF0000CA64538
:1020180003D9BCF1000F00F09F80034643EA084053
:10202800A4EB0E04A0FB02EC64457346E04602D321
:1020380007D1F14505D2BEEB02036CEB070C013862
:10204800E0465EB1B9EB030264EB080404FA05F557
:1020580022FA01F3CC401D43C6E90054002132E7BF
:1020680042082F464B08AC4642EAC172AE46C40746
:10207800110C92B241EA034142EA0142B1FBF5F187
:10208800B3FBF5F01F23A2EB0C0241EA004142E743
:102098009D40C3F1200299409C402CFA02FC4FEA73
:1020A800154E20FA02F2AFB2BCFBFEF80A430EFB53
:1020B80018CC110C41EA0C4108FB07FC8C4550D99F
:1020C800691808F1FF302CBF4FF001094FF00009E3
:1020D8008C4502D9B9F1000F30D0A1EB0C01B1FB4E
:1020E800FEF808FB07FC0EFB181192B242EA014207
:1020F800624534D2AA1808F1FF312CBF4FF001090C
:102108004FF000096245BED2B9F1000FBBD1A8F16A
:1021180002012A44B7E7841A6CEB03020120174630
:10212800E7E62C4402382BE7ACF1020C2A440CE712
:1021380002392A44A5E62C440238BAE6A5EB0C0C71
:10214800A8F102006144B1FBFEF808FB07FCCAE7EE
:10215800A8F102083C4444E7023B3C445EE74146A0
:1021680091E7A1EB0C014046B1FBFEF808FB07FC28
:10217800B9E700BF704700BF5FF800F03566001090
:102188005FF800F0051800105FF800F0C5060010B1
:102198005FF800F0790201105FF800F05D4C001064
:1021A8005FF800F0FD1600101000000000000000AD
:1021B8000000010000000000000000000000020014
:1021C8000000000000000000000003000000000004
:1021D800000000000000FF000000000001B5486892
:1021E80001318E460047704609380149884701BDCC
:1021F800650D001000000000000000000000000055
:10220800000000000000000000410020B53F001061
:10221800BD40001005400010CD4000100000000037
:1022280000010000F9430010A54300101D430010F1
:102238008D4200100000000000010000BC44002096
:1022480010000C000000000000000000000000006A
:102258000000000000000000FF000000FFFF000079
:102268006E19000000C000C00000CDAB00000000E7
:102278000000000000000000000000000000000056
:042288000000000052
:10228C00D3DEFFFFFE010000FF010000ACDEFEFF0D
:04229C00793512ABD3
:040000051000014D99
:00000001FF
